[2026-04-27 09:11:10] local.ERROR: SQLSTATE[42S01]: Base table or view already exists: 1050 Table 'users' already exists (Connection: mysql, SQL: create table `users` (`id` bigint unsigned not null auto_increment primary key, `name` varchar(255) not null, `email` varchar(255) not null, `role` varchar(255) not null default 'user', `email_verified_at` timestamp null, `password` varchar(255) not null, `remember_token` varchar(100) null, `created_at` timestamp null, `updated_at` timestamp null) default character set utf8mb4 collate 'utf8mb4_unicode_ci') {"exception":"[object] (Illuminate\\Database\\QueryException(code: 42S01): SQLSTATE[42S01]: Base table or view already exists: 1050 Table 'users' already exists (Connection: mysql, SQL: create table `users` (`id` bigint unsigned not null auto_increment primary key, `name` varchar(255) not null, `email` varchar(255) not null, `role` varchar(255) not null default 'user', `email_verified_at` timestamp null, `password` varchar(255) not null, `remember_token` varchar(100) null, `created_at` timestamp null, `updated_at` timestamp null) default character set utf8mb4 collate 'utf8mb4_unicode_ci') at D:\\SMT 6\\PPL\\clone ppl\\BojongStore\\vendor\\laravel\\framework\\src\\Illuminate\\Database\\Connection.php:822)
[stacktrace]
#0 D:\\SMT 6\\PPL\\clone ppl\\BojongStore\\vendor\\laravel\\framework\\src\\Illuminate\\Database\\Connection.php(776): Illuminate\\Database\\Connection->runQueryCallback('create table `u...', Array, Object(Closure))
#1 D:\\SMT 6\\PPL\\clone ppl\\BojongStore\\vendor\\laravel\\framework\\src\\Illuminate\\Database\\Connection.php(557): Illuminate\\Database\\Connection->run('create table `u...', Array, Object(Closure))
#2 D:\\SMT 6\\PPL\\clone ppl\\BojongStore\\vendor\\laravel\\framework\\src\\Illuminate\\Database\\Schema\\Blueprint.php(119): Illuminate\\Database\\Connection->statement('create table `u...')
#3 D:\\SMT 6\\PPL\\clone ppl\\BojongStore\\vendor\\laravel\\framework\\src\\Illuminate\\Database\\Schema\\Builder.php(618): Illuminate\\Database\\Schema\\Blueprint->build()
#4 D:\\SMT 6\\PPL\\clone ppl\\BojongStore\\vendor\\laravel\\framework\\src\\Illuminate\\Database\\Schema\\Builder.php(472): Illuminate\\Database\\Schema\\Builder->build(Object(Illuminate\\Database\\Schema\\Blueprint))
#5 D:\\SMT 6\\PPL\\clone ppl\\BojongStore\\vendor\\laravel\\framework\\src\\Illuminate\\Support\\Facades\\Facade.php(361): Illuminate\\Database\\Schema\\Builder->create('users', Object(Closure))
#6 D:\\SMT 6\\PPL\\clone ppl\\BojongStore\\database\\migrations\\0001_01_01_000000_create_users_table.php(14): Illuminate\\Support\\Facades\\Facade::__callStatic('create', Array)
#7 D:\\SMT 6\\PPL\\clone ppl\\BojongStore\\vendor\\laravel\\framework\\src\\Illuminate\\Database\\Migrations\\Migrator.php(514): Illuminate\\Database\\Migrations\\Migration@anonymous->up()
#8 D:\\SMT 6\\PPL\\clone ppl\\BojongStore\\vendor\\laravel\\framework\\src\\Illuminate\\Database\\Migrations\\Migrator.php(439): Illuminate\\Database\\Migrations\\Migrator->runMethod(Object(Illuminate\\Database\\MySqlConnection), Object(Illuminate\\Database\\Migrations\\Migration@anonymous), 'up')
#9 D:\\SMT 6\\PPL\\clone ppl\\BojongStore\\vendor\\laravel\\framework\\src\\Illuminate\\Database\\Migrations\\Migrator.php(448): Illuminate\\Database\\Migrations\\Migrator->Illuminate\\Database\\Migrations\\{closure}()
#10 D:\\SMT 6\\PPL\\clone ppl\\BojongStore\\vendor\\laravel\\framework\\src\\Illuminate\\Database\\Migrations\\Migrator.php(250): Illuminate\\Database\\Migrations\\Migrator->runMigration(Object(Illuminate\\Database\\Migrations\\Migration@anonymous), 'up')
#11 D:\\SMT 6\\PPL\\clone ppl\\BojongStore\\vendor\\laravel\\framework\\src\\Illuminate\\Console\\View\\Components\\Task.php(41): Illuminate\\Database\\Migrations\\Migrator->Illuminate\\Database\\Migrations\\{closure}()
#12 D:\\SMT 6\\PPL\\clone ppl\\BojongStore\\vendor\\laravel\\framework\\src\\Illuminate\\Database\\Migrations\\Migrator.php(805): Illuminate\\Console\\View\\Components\\Task->render('0001_01_01_0000...', Object(Closure))
#13 D:\\SMT 6\\PPL\\clone ppl\\BojongStore\\vendor\\laravel\\framework\\src\\Illuminate\\Database\\Migrations\\Migrator.php(250): Illuminate\\Database\\Migrations\\Migrator->write('Illuminate\\\\Cons...', '0001_01_01_0000...', Object(Closure))
#14 D:\\SMT 6\\PPL\\clone ppl\\BojongStore\\vendor\\laravel\\framework\\src\\Illuminate\\Database\\Migrations\\Migrator.php(210): Illuminate\\Database\\Migrations\\Migrator->runUp('D:\\\\SMT 6\\\\PPL\\\\cl...', 3, false)
#15 D:\\SMT 6\\PPL\\clone ppl\\BojongStore\\vendor\\laravel\\framework\\src\\Illuminate\\Database\\Migrations\\Migrator.php(137): Illuminate\\Database\\Migrations\\Migrator->runPending(Array, Array)
#16 D:\\SMT 6\\PPL\\clone ppl\\BojongStore\\vendor\\laravel\\framework\\src\\Illuminate\\Database\\Console\\Migrations\\MigrateCommand.php(116): Illuminate\\Database\\Migrations\\Migrator->run(Array, Array)
#17 D:\\SMT 6\\PPL\\clone ppl\\BojongStore\\vendor\\laravel\\framework\\src\\Illuminate\\Database\\Migrations\\Migrator.php(665): Illuminate\\Database\\Console\\Migrations\\MigrateCommand->Illuminate\\Database\\Console\\Migrations\\{closure}()
#18 D:\\SMT 6\\PPL\\clone ppl\\BojongStore\\vendor\\laravel\\framework\\src\\Illuminate\\Database\\Console\\Migrations\\MigrateCommand.php(109): Illuminate\\Database\\Migrations\\Migrator->usingConnection(NULL, Object(Closure))
#19 D:\\SMT 6\\PPL\\clone ppl\\BojongStore\\vendor\\laravel\\framework\\src\\Illuminate\\Database\\Console\\Migrations\\MigrateCommand.php(88): Illuminate\\Database\\Console\\Migrations\\MigrateCommand->runMigrations()
#20 D:\\SMT 6\\PPL\\clone ppl\\BojongStore\\vendor\\laravel\\framework\\src\\Illuminate\\Container\\BoundMethod.php(36): Illuminate\\Database\\Console\\Migrations\\MigrateCommand->handle()
#21 D:\\SMT 6\\PPL\\clone ppl\\BojongStore\\vendor\\laravel\\framework\\src\\Illuminate\\Container\\Util.php(43): Illuminate\\Container\\BoundMethod::Illuminate\\Container\\{closure}()
#22 D:\\SMT 6\\PPL\\clone ppl\\BojongStore\\vendor\\laravel\\framework\\src\\Illuminate\\Container\\BoundMethod.php(96): Illuminate\\Container\\Util::unwrapIfClosure(Object(Closure))
#23 D:\\SMT 6\\PPL\\clone ppl\\BojongStore\\vendor\\laravel\\framework\\src\\Illuminate\\Container\\BoundMethod.php(35): Illuminate\\Container\\BoundMethod::callBoundMethod(Object(Illuminate\\Foundation\\Application), Array, Object(Closure))
#24 D:\\SMT 6\\PPL\\clone ppl\\BojongStore\\vendor\\laravel\\framework\\src\\Illuminate\\Container\\Container.php(754): Illuminate\\Container\\BoundMethod::call(Object(Illuminate\\Foundation\\Application), Array, Array, NULL)
#25 D:\\SMT 6\\PPL\\clone ppl\\BojongStore\\vendor\\laravel\\framework\\src\\Illuminate\\Console\\Command.php(211): Illuminate\\Container\\Container->call(Array)
#26 D:\\SMT 6\\PPL\\clone ppl\\BojongStore\\vendor\\symfony\\console\\Command\\Command.php(318): Illuminate\\Console\\Command->execute(Object(Symfony\\Component\\Console\\Input\\ArgvInput), Object(Illuminate\\Console\\OutputStyle))
#27 D:\\SMT 6\\PPL\\clone ppl\\BojongStore\\vendor\\laravel\\framework\\src\\Illuminate\\Console\\Command.php(180): Symfony\\Component\\Console\\Command\\Command->run(Object(Symfony\\Component\\Console\\Input\\ArgvInput), Object(Illuminate\\Console\\OutputStyle))
#28 D:\\SMT 6\\PPL\\clone ppl\\BojongStore\\vendor\\symfony\\console\\Application.php(1092): Illuminate\\Console\\Command->run(Object(Symfony\\Component\\Console\\Input\\ArgvInput), Object(Symfony\\Component\\Console\\Output\\ConsoleOutput))
#29 D:\\SMT 6\\PPL\\clone ppl\\BojongStore\\vendor\\symfony\\console\\Application.php(341): Symfony\\Component\\Console\\Application->doRunCommand(Object(Illuminate\\Database\\Console\\Migrations\\MigrateCommand), Object(Symfony\\Component\\Console\\Input\\ArgvInput), Object(Symfony\\Component\\Console\\Output\\ConsoleOutput))
#30 D:\\SMT 6\\PPL\\clone ppl\\BojongStore\\vendor\\symfony\\console\\Application.php(192): Symfony\\Component\\Console\\Application->doRun(Object(Symfony\\Component\\Console\\Input\\ArgvInput), Object(Symfony\\Component\\Console\\Output\\ConsoleOutput))
#31 D:\\SMT 6\\PPL\\clone ppl\\BojongStore\\vendor\\laravel\\framework\\src\\Illuminate\\Foundation\\Console\\Kernel.php(197): Symfony\\Component\\Console\\Application->run(Object(Symfony\\Component\\Console\\Input\\ArgvInput), Object(Symfony\\Component\\Console\\Output\\ConsoleOutput))
#32 D:\\SMT 6\\PPL\\clone ppl\\BojongStore\\vendor\\laravel\\framework\\src\\Illuminate\\Foundation\\Application.php(1234): Illuminate\\Foundation\\Console\\Kernel->handle(Object(Symfony\\Component\\Console\\Input\\ArgvInput), Object(Symfony\\Component\\Console\\Output\\ConsoleOutput))
#33 D:\\SMT 6\\PPL\\clone ppl\\BojongStore\\artisan(16): Illuminate\\Foundation\\Application->handleCommand(Object(Symfony\\Component\\Console\\Input\\ArgvInput))
#34 {main}

[previous exception] [object] (PDOException(code: 42S01): SQLSTATE[42S01]: Base table or view already exists: 1050 Table 'users' already exists at D:\\SMT 6\\PPL\\clone ppl\\BojongStore\\vendor\\laravel\\framework\\src\\Illuminate\\Database\\Connection.php:568)
[stacktrace]
#0 D:\\SMT 6\\PPL\\clone ppl\\BojongStore\\vendor\\laravel\\framework\\src\\Illuminate\\Database\\Connection.php(568): PDOStatement->execute()
#1 D:\\SMT 6\\PPL\\clone ppl\\BojongStore\\vendor\\laravel\\framework\\src\\Illuminate\\Database\\Connection.php(809): Illuminate\\Database\\Connection->Illuminate\\Database\\{closure}('create table `u...', Array)
#2 D:\\SMT 6\\PPL\\clone ppl\\BojongStore\\vendor\\laravel\\framework\\src\\Illuminate\\Database\\Connection.php(776): Illuminate\\Database\\Connection->runQueryCallback('create table `u...', Array, Object(Closure))
#3 D:\\SMT 6\\PPL\\clone ppl\\BojongStore\\vendor\\laravel\\framework\\src\\Illuminate\\Database\\Connection.php(557): Illuminate\\Database\\Connection->run('create table `u...', Array, Object(Closure))
#4 D:\\SMT 6\\PPL\\clone ppl\\BojongStore\\vendor\\laravel\\framework\\src\\Illuminate\\Database\\Schema\\Blueprint.php(119): Illuminate\\Database\\Connection->statement('create table `u...')
#5 D:\\SMT 6\\PPL\\clone ppl\\BojongStore\\vendor\\laravel\\framework\\src\\Illuminate\\Database\\Schema\\Builder.php(618): Illuminate\\Database\\Schema\\Blueprint->build()
#6 D:\\SMT 6\\PPL\\clone ppl\\BojongStore\\vendor\\laravel\\framework\\src\\Illuminate\\Database\\Schema\\Builder.php(472): Illuminate\\Database\\Schema\\Builder->build(Object(Illuminate\\Database\\Schema\\Blueprint))
#7 D:\\SMT 6\\PPL\\clone ppl\\BojongStore\\vendor\\laravel\\framework\\src\\Illuminate\\Support\\Facades\\Facade.php(361): Illuminate\\Database\\Schema\\Builder->create('users', Object(Closure))
#8 D:\\SMT 6\\PPL\\clone ppl\\BojongStore\\database\\migrations\\0001_01_01_000000_create_users_table.php(14): Illuminate\\Support\\Facades\\Facade::__callStatic('create', Array)
#9 D:\\SMT 6\\PPL\\clone ppl\\BojongStore\\vendor\\laravel\\framework\\src\\Illuminate\\Database\\Migrations\\Migrator.php(514): Illuminate\\Database\\Migrations\\Migration@anonymous->up()
#10 D:\\SMT 6\\PPL\\clone ppl\\BojongStore\\vendor\\laravel\\framework\\src\\Illuminate\\Database\\Migrations\\Migrator.php(439): Illuminate\\Database\\Migrations\\Migrator->runMethod(Object(Illuminate\\Database\\MySqlConnection), Object(Illuminate\\Database\\Migrations\\Migration@anonymous), 'up')
#11 D:\\SMT 6\\PPL\\clone ppl\\BojongStore\\vendor\\laravel\\framework\\src\\Illuminate\\Database\\Migrations\\Migrator.php(448): Illuminate\\Database\\Migrations\\Migrator->Illuminate\\Database\\Migrations\\{closure}()
#12 D:\\SMT 6\\PPL\\clone ppl\\BojongStore\\vendor\\laravel\\framework\\src\\Illuminate\\Database\\Migrations\\Migrator.php(250): Illuminate\\Database\\Migrations\\Migrator->runMigration(Object(Illuminate\\Database\\Migrations\\Migration@anonymous), 'up')
#13 D:\\SMT 6\\PPL\\clone ppl\\BojongStore\\vendor\\laravel\\framework\\src\\Illuminate\\Console\\View\\Components\\Task.php(41): Illuminate\\Database\\Migrations\\Migrator->Illuminate\\Database\\Migrations\\{closure}()
#14 D:\\SMT 6\\PPL\\clone ppl\\BojongStore\\vendor\\laravel\\framework\\src\\Illuminate\\Database\\Migrations\\Migrator.php(805): Illuminate\\Console\\View\\Components\\Task->render('0001_01_01_0000...', Object(Closure))
#15 D:\\SMT 6\\PPL\\clone ppl\\BojongStore\\vendor\\laravel\\framework\\src\\Illuminate\\Database\\Migrations\\Migrator.php(250): Illuminate\\Database\\Migrations\\Migrator->write('Illuminate\\\\Cons...', '0001_01_01_0000...', Object(Closure))
#16 D:\\SMT 6\\PPL\\clone ppl\\BojongStore\\vendor\\laravel\\framework\\src\\Illuminate\\Database\\Migrations\\Migrator.php(210): Illuminate\\Database\\Migrations\\Migrator->runUp('D:\\\\SMT 6\\\\PPL\\\\cl...', 3, false)
#17 D:\\SMT 6\\PPL\\clone ppl\\BojongStore\\vendor\\laravel\\framework\\src\\Illuminate\\Database\\Migrations\\Migrator.php(137): Illuminate\\Database\\Migrations\\Migrator->runPending(Array, Array)
#18 D:\\SMT 6\\PPL\\clone ppl\\BojongStore\\vendor\\laravel\\framework\\src\\Illuminate\\Database\\Console\\Migrations\\MigrateCommand.php(116): Illuminate\\Database\\Migrations\\Migrator->run(Array, Array)
#19 D:\\SMT 6\\PPL\\clone ppl\\BojongStore\\vendor\\laravel\\framework\\src\\Illuminate\\Database\\Migrations\\Migrator.php(665): Illuminate\\Database\\Console\\Migrations\\MigrateCommand->Illuminate\\Database\\Console\\Migrations\\{closure}()
#20 D:\\SMT 6\\PPL\\clone ppl\\BojongStore\\vendor\\laravel\\framework\\src\\Illuminate\\Database\\Console\\Migrations\\MigrateCommand.php(109): Illuminate\\Database\\Migrations\\Migrator->usingConnection(NULL, Object(Closure))
#21 D:\\SMT 6\\PPL\\clone ppl\\BojongStore\\vendor\\laravel\\framework\\src\\Illuminate\\Database\\Console\\Migrations\\MigrateCommand.php(88): Illuminate\\Database\\Console\\Migrations\\MigrateCommand->runMigrations()
#22 D:\\SMT 6\\PPL\\clone ppl\\BojongStore\\vendor\\laravel\\framework\\src\\Illuminate\\Container\\BoundMethod.php(36): Illuminate\\Database\\Console\\Migrations\\MigrateCommand->handle()
#23 D:\\SMT 6\\PPL\\clone ppl\\BojongStore\\vendor\\laravel\\framework\\src\\Illuminate\\Container\\Util.php(43): Illuminate\\Container\\BoundMethod::Illuminate\\Container\\{closure}()
#24 D:\\SMT 6\\PPL\\clone ppl\\BojongStore\\vendor\\laravel\\framework\\src\\Illuminate\\Container\\BoundMethod.php(96): Illuminate\\Container\\Util::unwrapIfClosure(Object(Closure))
#25 D:\\SMT 6\\PPL\\clone ppl\\BojongStore\\vendor\\laravel\\framework\\src\\Illuminate\\Container\\BoundMethod.php(35): Illuminate\\Container\\BoundMethod::callBoundMethod(Object(Illuminate\\Foundation\\Application), Array, Object(Closure))
#26 D:\\SMT 6\\PPL\\clone ppl\\BojongStore\\vendor\\laravel\\framework\\src\\Illuminate\\Container\\Container.php(754): Illuminate\\Container\\BoundMethod::call(Object(Illuminate\\Foundation\\Application), Array, Array, NULL)
#27 D:\\SMT 6\\PPL\\clone ppl\\BojongStore\\vendor\\laravel\\framework\\src\\Illuminate\\Console\\Command.php(211): Illuminate\\Container\\Container->call(Array)
#28 D:\\SMT 6\\PPL\\clone ppl\\BojongStore\\vendor\\symfony\\console\\Command\\Command.php(318): Illuminate\\Console\\Command->execute(Object(Symfony\\Component\\Console\\Input\\ArgvInput), Object(Illuminate\\Console\\OutputStyle))
#29 D:\\SMT 6\\PPL\\clone ppl\\BojongStore\\vendor\\laravel\\framework\\src\\Illuminate\\Console\\Command.php(180): Symfony\\Component\\Console\\Command\\Command->run(Object(Symfony\\Component\\Console\\Input\\ArgvInput), Object(Illuminate\\Console\\OutputStyle))
#30 D:\\SMT 6\\PPL\\clone ppl\\BojongStore\\vendor\\symfony\\console\\Application.php(1092): Illuminate\\Console\\Command->run(Object(Symfony\\Component\\Console\\Input\\ArgvInput), Object(Symfony\\Component\\Console\\Output\\ConsoleOutput))
#31 D:\\SMT 6\\PPL\\clone ppl\\BojongStore\\vendor\\symfony\\console\\Application.php(341): Symfony\\Component\\Console\\Application->doRunCommand(Object(Illuminate\\Database\\Console\\Migrations\\MigrateCommand), Object(Symfony\\Component\\Console\\Input\\ArgvInput), Object(Symfony\\Component\\Console\\Output\\ConsoleOutput))
#32 D:\\SMT 6\\PPL\\clone ppl\\BojongStore\\vendor\\symfony\\console\\Application.php(192): Symfony\\Component\\Console\\Application->doRun(Object(Symfony\\Component\\Console\\Input\\ArgvInput), Object(Symfony\\Component\\Console\\Output\\ConsoleOutput))
#33 D:\\SMT 6\\PPL\\clone ppl\\BojongStore\\vendor\\laravel\\framework\\src\\Illuminate\\Foundation\\Console\\Kernel.php(197): Symfony\\Component\\Console\\Application->run(Object(Symfony\\Component\\Console\\Input\\ArgvInput), Object(Symfony\\Component\\Console\\Output\\ConsoleOutput))
#34 D:\\SMT 6\\PPL\\clone ppl\\BojongStore\\vendor\\laravel\\framework\\src\\Illuminate\\Foundation\\Application.php(1234): Illuminate\\Foundation\\Console\\Kernel->handle(Object(Symfony\\Component\\Console\\Input\\ArgvInput), Object(Symfony\\Component\\Console\\Output\\ConsoleOutput))
#35 D:\\SMT 6\\PPL\\clone ppl\\BojongStore\\artisan(16): Illuminate\\Foundation\\Application->handleCommand(Object(Symfony\\Component\\Console\\Input\\ArgvInput))
#36 {main}
"} 
[2026-06-03 10:34:36] local.ERROR: No arguments expected for "key:" command, got "generaet". {"exception":"[object] (Symfony\\Component\\Console\\Exception\\RuntimeException(code: 0): No arguments expected for \"key:\" command, got \"generaet\". at D:\\SMT 6\\PPL\\clone ppl\\BojongStore\\vendor\\symfony\\console\\Input\\ArgvInput.php:199)
[stacktrace]
#0 D:\\SMT 6\\PPL\\clone ppl\\BojongStore\\vendor\\symfony\\console\\Input\\ArgvInput.php(92): Symfony\\Component\\Console\\Input\\ArgvInput->parseArgument('generaet')
#1 D:\\SMT 6\\PPL\\clone ppl\\BojongStore\\vendor\\symfony\\console\\Input\\ArgvInput.php(77): Symfony\\Component\\Console\\Input\\ArgvInput->parseToken('generaet', true)
#2 D:\\SMT 6\\PPL\\clone ppl\\BojongStore\\vendor\\symfony\\console\\Input\\Input.php(53): Symfony\\Component\\Console\\Input\\ArgvInput->parse()
#3 D:\\SMT 6\\PPL\\clone ppl\\BojongStore\\vendor\\symfony\\console\\Command\\Command.php(276): Symfony\\Component\\Console\\Input\\Input->bind(Object(Symfony\\Component\\Console\\Input\\InputDefinition))
#4 D:\\SMT 6\\PPL\\clone ppl\\BojongStore\\vendor\\laravel\\framework\\src\\Illuminate\\Console\\Command.php(180): Symfony\\Component\\Console\\Command\\Command->run(Object(Symfony\\Component\\Console\\Input\\ArgvInput), Object(Illuminate\\Console\\OutputStyle))
#5 D:\\SMT 6\\PPL\\clone ppl\\BojongStore\\vendor\\symfony\\console\\Application.php(1092): Illuminate\\Console\\Command->run(Object(Symfony\\Component\\Console\\Input\\ArgvInput), Object(Symfony\\Component\\Console\\Output\\ConsoleOutput))
#6 D:\\SMT 6\\PPL\\clone ppl\\BojongStore\\vendor\\symfony\\console\\Application.php(341): Symfony\\Component\\Console\\Application->doRunCommand(Object(Illuminate\\Foundation\\Console\\KeyGenerateCommand), Object(Symfony\\Component\\Console\\Input\\ArgvInput), Object(Symfony\\Component\\Console\\Output\\ConsoleOutput))
#7 D:\\SMT 6\\PPL\\clone ppl\\BojongStore\\vendor\\symfony\\console\\Application.php(192): Symfony\\Component\\Console\\Application->doRun(Object(Symfony\\Component\\Console\\Input\\ArgvInput), Object(Symfony\\Component\\Console\\Output\\ConsoleOutput))
#8 D:\\SMT 6\\PPL\\clone ppl\\BojongStore\\vendor\\laravel\\framework\\src\\Illuminate\\Foundation\\Console\\Kernel.php(197): Symfony\\Component\\Console\\Application->run(Object(Symfony\\Component\\Console\\Input\\ArgvInput), Object(Symfony\\Component\\Console\\Output\\ConsoleOutput))
#9 D:\\SMT 6\\PPL\\clone ppl\\BojongStore\\vendor\\laravel\\framework\\src\\Illuminate\\Foundation\\Application.php(1234): Illuminate\\Foundation\\Console\\Kernel->handle(Object(Symfony\\Component\\Console\\Input\\ArgvInput), Object(Symfony\\Component\\Console\\Output\\ConsoleOutput))
#10 D:\\SMT 6\\PPL\\clone ppl\\BojongStore\\artisan(16): Illuminate\\Foundation\\Application->handleCommand(Object(Symfony\\Component\\Console\\Input\\ArgvInput))
#11 {main}
"} 
[2026-06-03 10:34:40] local.ERROR: No arguments expected for "key:" command, got "generate". {"exception":"[object] (Symfony\\Component\\Console\\Exception\\RuntimeException(code: 0): No arguments expected for \"key:\" command, got \"generate\". at D:\\SMT 6\\PPL\\clone ppl\\BojongStore\\vendor\\symfony\\console\\Input\\ArgvInput.php:199)
[stacktrace]
#0 D:\\SMT 6\\PPL\\clone ppl\\BojongStore\\vendor\\symfony\\console\\Input\\ArgvInput.php(92): Symfony\\Component\\Console\\Input\\ArgvInput->parseArgument('generate')
#1 D:\\SMT 6\\PPL\\clone ppl\\BojongStore\\vendor\\symfony\\console\\Input\\ArgvInput.php(77): Symfony\\Component\\Console\\Input\\ArgvInput->parseToken('generate', true)
#2 D:\\SMT 6\\PPL\\clone ppl\\BojongStore\\vendor\\symfony\\console\\Input\\Input.php(53): Symfony\\Component\\Console\\Input\\ArgvInput->parse()
#3 D:\\SMT 6\\PPL\\clone ppl\\BojongStore\\vendor\\symfony\\console\\Command\\Command.php(276): Symfony\\Component\\Console\\Input\\Input->bind(Object(Symfony\\Component\\Console\\Input\\InputDefinition))
#4 D:\\SMT 6\\PPL\\clone ppl\\BojongStore\\vendor\\laravel\\framework\\src\\Illuminate\\Console\\Command.php(180): Symfony\\Component\\Console\\Command\\Command->run(Object(Symfony\\Component\\Console\\Input\\ArgvInput), Object(Illuminate\\Console\\OutputStyle))
#5 D:\\SMT 6\\PPL\\clone ppl\\BojongStore\\vendor\\symfony\\console\\Application.php(1092): Illuminate\\Console\\Command->run(Object(Symfony\\Component\\Console\\Input\\ArgvInput), Object(Symfony\\Component\\Console\\Output\\ConsoleOutput))
#6 D:\\SMT 6\\PPL\\clone ppl\\BojongStore\\vendor\\symfony\\console\\Application.php(341): Symfony\\Component\\Console\\Application->doRunCommand(Object(Illuminate\\Foundation\\Console\\KeyGenerateCommand), Object(Symfony\\Component\\Console\\Input\\ArgvInput), Object(Symfony\\Component\\Console\\Output\\ConsoleOutput))
#7 D:\\SMT 6\\PPL\\clone ppl\\BojongStore\\vendor\\symfony\\console\\Application.php(192): Symfony\\Component\\Console\\Application->doRun(Object(Symfony\\Component\\Console\\Input\\ArgvInput), Object(Symfony\\Component\\Console\\Output\\ConsoleOutput))
#8 D:\\SMT 6\\PPL\\clone ppl\\BojongStore\\vendor\\laravel\\framework\\src\\Illuminate\\Foundation\\Console\\Kernel.php(197): Symfony\\Component\\Console\\Application->run(Object(Symfony\\Component\\Console\\Input\\ArgvInput), Object(Symfony\\Component\\Console\\Output\\ConsoleOutput))
#9 D:\\SMT 6\\PPL\\clone ppl\\BojongStore\\vendor\\laravel\\framework\\src\\Illuminate\\Foundation\\Application.php(1234): Illuminate\\Foundation\\Console\\Kernel->handle(Object(Symfony\\Component\\Console\\Input\\ArgvInput), Object(Symfony\\Component\\Console\\Output\\ConsoleOutput))
#10 D:\\SMT 6\\PPL\\clone ppl\\BojongStore\\artisan(16): Illuminate\\Foundation\\Application->handleCommand(Object(Symfony\\Component\\Console\\Input\\ArgvInput))
#11 {main}
"} 
[2026-06-03 10:48:42] testing.ERROR: View [layouts.guest] not found. (View: D:\SMT 6\PPL\clone ppl\BojongStore\resources\views\auth\verify-email.blade.php) {"userId":1,"exception":"[object] (Illuminate\\View\\ViewException(code: 0): View [layouts.guest] not found. (View: D:\\SMT 6\\PPL\\clone ppl\\BojongStore\\resources\\views\\auth\\verify-email.blade.php) at D:\\SMT 6\\PPL\\clone ppl\\BojongStore\\vendor\\laravel\\framework\\src\\Illuminate\\View\\FileViewFinder.php:138)
[stacktrace]
#0 D:\\SMT 6\\PPL\\clone ppl\\BojongStore\\vendor\\laravel\\framework\\src\\Illuminate\\View\\Engines\\PhpEngine.php(59): Illuminate\\View\\Engines\\CompilerEngine->handleViewException(Object(InvalidArgumentException), 1)
#1 D:\\SMT 6\\PPL\\clone ppl\\BojongStore\\vendor\\laravel\\framework\\src\\Illuminate\\View\\Engines\\CompilerEngine.php(74): Illuminate\\View\\Engines\\PhpEngine->evaluatePath('D:\\\\SMT 6\\\\PPL\\\\cl...', Array)
#2 D:\\SMT 6\\PPL\\clone ppl\\BojongStore\\vendor\\laravel\\framework\\src\\Illuminate\\View\\View.php(208): Illuminate\\View\\Engines\\CompilerEngine->get('D:\\\\SMT 6\\\\PPL\\\\cl...', Array)
#3 D:\\SMT 6\\PPL\\clone ppl\\BojongStore\\vendor\\laravel\\framework\\src\\Illuminate\\View\\View.php(191): Illuminate\\View\\View->getContents()
#4 D:\\SMT 6\\PPL\\clone ppl\\BojongStore\\vendor\\laravel\\framework\\src\\Illuminate\\View\\View.php(160): Illuminate\\View\\View->renderContents()
#5 D:\\SMT 6\\PPL\\clone ppl\\BojongStore\\vendor\\laravel\\framework\\src\\Illuminate\\Http\\Response.php(78): Illuminate\\View\\View->render()
#6 D:\\SMT 6\\PPL\\clone ppl\\BojongStore\\vendor\\laravel\\framework\\src\\Illuminate\\Http\\Response.php(34): Illuminate\\Http\\Response->setContent(Object(Illuminate\\View\\View))
#7 D:\\SMT 6\\PPL\\clone ppl\\BojongStore\\vendor\\laravel\\framework\\src\\Illuminate\\Routing\\Router.php(924): Illuminate\\Http\\Response->__construct(Object(Illuminate\\View\\View), 200, Array)
#8 D:\\SMT 6\\PPL\\clone ppl\\BojongStore\\vendor\\laravel\\framework\\src\\Illuminate\\Routing\\Router.php(891): Illuminate\\Routing\\Router::toResponse(Object(Illuminate\\Http\\Request), Object(Illuminate\\View\\View))
#9 D:\\SMT 6\\PPL\\clone ppl\\BojongStore\\vendor\\laravel\\framework\\src\\Illuminate\\Routing\\Router.php(807): Illuminate\\Routing\\Router->prepareResponse(Object(Illuminate\\Http\\Request), Object(Illuminate\\View\\View))
#10 D:\\SMT 6\\PPL\\clone ppl\\BojongStore\\vendor\\laravel\\framework\\src\\Illuminate\\Pipeline\\Pipeline.php(169): Illuminate\\Routing\\Router->Illuminate\\Routing\\{closure}(Object(Illuminate\\Http\\Request))
#11 D:\\SMT 6\\PPL\\clone ppl\\BojongStore\\app\\Http\\Middleware\\LogVisitor.php(36): Illuminate\\Pipeline\\Pipeline->Illuminate\\Pipeline\\{closure}(Object(Illuminate\\Http\\Request))
#12 D:\\SMT 6\\PPL\\clone ppl\\BojongStore\\vendor\\laravel\\framework\\src\\Illuminate\\Pipeline\\Pipeline.php(208): App\\Http\\Middleware\\LogVisitor->handle(Object(Illuminate\\Http\\Request), Object(Closure))
#13 D:\\SMT 6\\PPL\\clone ppl\\BojongStore\\vendor\\laravel\\framework\\src\\Illuminate\\Routing\\Middleware\\SubstituteBindings.php(50): Illuminate\\Pipeline\\Pipeline->Illuminate\\Pipeline\\{closure}(Object(Illuminate\\Http\\Request))
#14 D:\\SMT 6\\PPL\\clone ppl\\BojongStore\\vendor\\laravel\\framework\\src\\Illuminate\\Pipeline\\Pipeline.php(208): Illuminate\\Routing\\Middleware\\SubstituteBindings->handle(Object(Illuminate\\Http\\Request), Object(Closure))
#15 D:\\SMT 6\\PPL\\clone ppl\\BojongStore\\vendor\\laravel\\framework\\src\\Illuminate\\Auth\\Middleware\\Authenticate.php(63): Illuminate\\Pipeline\\Pipeline->Illuminate\\Pipeline\\{closure}(Object(Illuminate\\Http\\Request))
#16 D:\\SMT 6\\PPL\\clone ppl\\BojongStore\\vendor\\laravel\\framework\\src\\Illuminate\\Pipeline\\Pipeline.php(208): Illuminate\\Auth\\Middleware\\Authenticate->handle(Object(Illuminate\\Http\\Request), Object(Closure))
#17 D:\\SMT 6\\PPL\\clone ppl\\BojongStore\\vendor\\laravel\\framework\\src\\Illuminate\\Foundation\\Http\\Middleware\\VerifyCsrfToken.php(87): Illuminate\\Pipeline\\Pipeline->Illuminate\\Pipeline\\{closure}(Object(Illuminate\\Http\\Request))
#18 D:\\SMT 6\\PPL\\clone ppl\\BojongStore\\vendor\\laravel\\framework\\src\\Illuminate\\Pipeline\\Pipeline.php(208): Illuminate\\Foundation\\Http\\Middleware\\VerifyCsrfToken->handle(Object(Illuminate\\Http\\Request), Object(Closure))
#19 D:\\SMT 6\\PPL\\clone ppl\\BojongStore\\vendor\\laravel\\framework\\src\\Illuminate\\View\\Middleware\\ShareErrorsFromSession.php(48): Illuminate\\Pipeline\\Pipeline->Illuminate\\Pipeline\\{closure}(Object(Illuminate\\Http\\Request))
#20 D:\\SMT 6\\PPL\\clone ppl\\BojongStore\\vendor\\laravel\\framework\\src\\Illuminate\\Pipeline\\Pipeline.php(208): Illuminate\\View\\Middleware\\ShareErrorsFromSession->handle(Object(Illuminate\\Http\\Request), Object(Closure))
#21 D:\\SMT 6\\PPL\\clone ppl\\BojongStore\\vendor\\laravel\\framework\\src\\Illuminate\\Session\\Middleware\\StartSession.php(120): Illuminate\\Pipeline\\Pipeline->Illuminate\\Pipeline\\{closure}(Object(Illuminate\\Http\\Request))
#22 D:\\SMT 6\\PPL\\clone ppl\\BojongStore\\vendor\\laravel\\framework\\src\\Illuminate\\Session\\Middleware\\StartSession.php(63): Illuminate\\Session\\Middleware\\StartSession->handleStatefulRequest(Object(Illuminate\\Http\\Request), Object(Illuminate\\Session\\Store), Object(Closure))
#23 D:\\SMT 6\\PPL\\clone ppl\\BojongStore\\vendor\\laravel\\framework\\src\\Illuminate\\Pipeline\\Pipeline.php(208): Illuminate\\Session\\Middleware\\StartSession->handle(Object(Illuminate\\Http\\Request), Object(Closure))
#24 D:\\SMT 6\\PPL\\clone ppl\\BojongStore\\vendor\\laravel\\framework\\src\\Illuminate\\Cookie\\Middleware\\AddQueuedCookiesToResponse.php(36): Illuminate\\Pipeline\\Pipeline->Illuminate\\Pipeline\\{closure}(Object(Illuminate\\Http\\Request))
#25 D:\\SMT 6\\PPL\\clone ppl\\BojongStore\\vendor\\laravel\\framework\\src\\Illuminate\\Pipeline\\Pipeline.php(208): Illuminate\\Cookie\\Middleware\\AddQueuedCookiesToResponse->handle(Object(Illuminate\\Http\\Request), Object(Closure))
#26 D:\\SMT 6\\PPL\\clone ppl\\BojongStore\\vendor\\laravel\\framework\\src\\Illuminate\\Cookie\\Middleware\\EncryptCookies.php(74): Illuminate\\Pipeline\\Pipeline->Illuminate\\Pipeline\\{closure}(Object(Illuminate\\Http\\Request))
#27 D:\\SMT 6\\PPL\\clone ppl\\BojongStore\\vendor\\laravel\\framework\\src\\Illuminate\\Pipeline\\Pipeline.php(208): Illuminate\\Cookie\\Middleware\\EncryptCookies->handle(Object(Illuminate\\Http\\Request), Object(Closure))
#28 D:\\SMT 6\\PPL\\clone ppl\\BojongStore\\vendor\\laravel\\framework\\src\\Illuminate\\Pipeline\\Pipeline.php(126): Illuminate\\Pipeline\\Pipeline->Illuminate\\Pipeline\\{closure}(Object(Illuminate\\Http\\Request))
#29 D:\\SMT 6\\PPL\\clone ppl\\BojongStore\\vendor\\laravel\\framework\\src\\Illuminate\\Routing\\Router.php(807): Illuminate\\Pipeline\\Pipeline->then(Object(Closure))
#30 D:\\SMT 6\\PPL\\clone ppl\\BojongStore\\vendor\\laravel\\framework\\src\\Illuminate\\Routing\\Router.php(786): Illuminate\\Routing\\Router->runRouteWithinStack(Object(Illuminate\\Routing\\Route), Object(Illuminate\\Http\\Request))
#31 D:\\SMT 6\\PPL\\clone ppl\\BojongStore\\vendor\\laravel\\framework\\src\\Illuminate\\Routing\\Router.php(750): Illuminate\\Routing\\Router->runRoute(Object(Illuminate\\Http\\Request), Object(Illuminate\\Routing\\Route))
#32 D:\\SMT 6\\PPL\\clone ppl\\BojongStore\\vendor\\laravel\\framework\\src\\Illuminate\\Routing\\Router.php(739): Illuminate\\Routing\\Router->dispatchToRoute(Object(Illuminate\\Http\\Request))
#33 D:\\SMT 6\\PPL\\clone ppl\\BojongStore\\vendor\\laravel\\framework\\src\\Illuminate\\Foundation\\Http\\Kernel.php(200): Illuminate\\Routing\\Router->dispatch(Object(Illuminate\\Http\\Request))
#34 D:\\SMT 6\\PPL\\clone ppl\\BojongStore\\vendor\\laravel\\framework\\src\\Illuminate\\Pipeline\\Pipeline.php(169): Illuminate\\Foundation\\Http\\Kernel->Illuminate\\Foundation\\Http\\{closure}(Object(Illuminate\\Http\\Request))
#35 D:\\SMT 6\\PPL\\clone ppl\\BojongStore\\vendor\\laravel\\framework\\src\\Illuminate\\Foundation\\Http\\Middleware\\TransformsRequest.php(21): Illuminate\\Pipeline\\Pipeline->Illuminate\\Pipeline\\{closure}(Object(Illuminate\\Http\\Request))
#36 D:\\SMT 6\\PPL\\clone ppl\\BojongStore\\vendor\\laravel\\framework\\src\\Illuminate\\Foundation\\Http\\Middleware\\ConvertEmptyStringsToNull.php(31): Illuminate\\Foundation\\Http\\Middleware\\TransformsRequest->handle(Object(Illuminate\\Http\\Request), Object(Closure))
#37 D:\\SMT 6\\PPL\\clone ppl\\BojongStore\\vendor\\laravel\\framework\\src\\Illuminate\\Pipeline\\Pipeline.php(208): Illuminate\\Foundation\\Http\\Middleware\\ConvertEmptyStringsToNull->handle(Object(Illuminate\\Http\\Request), Object(Closure))
#38 D:\\SMT 6\\PPL\\clone ppl\\BojongStore\\vendor\\laravel\\framework\\src\\Illuminate\\Foundation\\Http\\Middleware\\TransformsRequest.php(21): Illuminate\\Pipeline\\Pipeline->Illuminate\\Pipeline\\{closure}(Object(Illuminate\\Http\\Request))
#39 D:\\SMT 6\\PPL\\clone ppl\\BojongStore\\vendor\\laravel\\framework\\src\\Illuminate\\Foundation\\Http\\Middleware\\TrimStrings.php(51): Illuminate\\Foundation\\Http\\Middleware\\TransformsRequest->handle(Object(Illuminate\\Http\\Request), Object(Closure))
#40 D:\\SMT 6\\PPL\\clone ppl\\BojongStore\\vendor\\laravel\\framework\\src\\Illuminate\\Pipeline\\Pipeline.php(208): Illuminate\\Foundation\\Http\\Middleware\\TrimStrings->handle(Object(Illuminate\\Http\\Request), Object(Closure))
#41 D:\\SMT 6\\PPL\\clone ppl\\BojongStore\\vendor\\laravel\\framework\\src\\Illuminate\\Http\\Middleware\\ValidatePostSize.php(27): Illuminate\\Pipeline\\Pipeline->Illuminate\\Pipeline\\{closure}(Object(Illuminate\\Http\\Request))
#42 D:\\SMT 6\\PPL\\clone ppl\\BojongStore\\vendor\\laravel\\framework\\src\\Illuminate\\Pipeline\\Pipeline.php(208): Illuminate\\Http\\Middleware\\ValidatePostSize->handle(Object(Illuminate\\Http\\Request), Object(Closure))
#43 D:\\SMT 6\\PPL\\clone ppl\\BojongStore\\vendor\\laravel\\framework\\src\\Illuminate\\Foundation\\Http\\Middleware\\PreventRequestsDuringMaintenance.php(109): Illuminate\\Pipeline\\Pipeline->Illuminate\\Pipeline\\{closure}(Object(Illuminate\\Http\\Request))
#44 D:\\SMT 6\\PPL\\clone ppl\\BojongStore\\vendor\\laravel\\framework\\src\\Illuminate\\Pipeline\\Pipeline.php(208): Illuminate\\Foundation\\Http\\Middleware\\PreventRequestsDuringMaintenance->handle(Object(Illuminate\\Http\\Request), Object(Closure))
#45 D:\\SMT 6\\PPL\\clone ppl\\BojongStore\\vendor\\laravel\\framework\\src\\Illuminate\\Http\\Middleware\\HandleCors.php(48): Illuminate\\Pipeline\\Pipeline->Illuminate\\Pipeline\\{closure}(Object(Illuminate\\Http\\Request))
#46 D:\\SMT 6\\PPL\\clone ppl\\BojongStore\\vendor\\laravel\\framework\\src\\Illuminate\\Pipeline\\Pipeline.php(208): Illuminate\\Http\\Middleware\\HandleCors->handle(Object(Illuminate\\Http\\Request), Object(Closure))
#47 D:\\SMT 6\\PPL\\clone ppl\\BojongStore\\vendor\\laravel\\framework\\src\\Illuminate\\Http\\Middleware\\TrustProxies.php(58): Illuminate\\Pipeline\\Pipeline->Illuminate\\Pipeline\\{closure}(Object(Illuminate\\Http\\Request))
#48 D:\\SMT 6\\PPL\\clone ppl\\BojongStore\\vendor\\laravel\\framework\\src\\Illuminate\\Pipeline\\Pipeline.php(208): Illuminate\\Http\\Middleware\\TrustProxies->handle(Object(Illuminate\\Http\\Request), Object(Closure))
#49 D:\\SMT 6\\PPL\\clone ppl\\BojongStore\\vendor\\laravel\\framework\\src\\Illuminate\\Foundation\\Http\\Middleware\\InvokeDeferredCallbacks.php(22): Illuminate\\Pipeline\\Pipeline->Illuminate\\Pipeline\\{closure}(Object(Illuminate\\Http\\Request))
#50 D:\\SMT 6\\PPL\\clone ppl\\BojongStore\\vendor\\laravel\\framework\\src\\Illuminate\\Pipeline\\Pipeline.php(208): Illuminate\\Foundation\\Http\\Middleware\\InvokeDeferredCallbacks->handle(Object(Illuminate\\Http\\Request), Object(Closure))
#51 D:\\SMT 6\\PPL\\clone ppl\\BojongStore\\vendor\\laravel\\framework\\src\\Illuminate\\Http\\Middleware\\ValidatePathEncoding.php(26): Illuminate\\Pipeline\\Pipeline->Illuminate\\Pipeline\\{closure}(Object(Illuminate\\Http\\Request))
#52 D:\\SMT 6\\PPL\\clone ppl\\BojongStore\\vendor\\laravel\\framework\\src\\Illuminate\\Pipeline\\Pipeline.php(208): Illuminate\\Http\\Middleware\\ValidatePathEncoding->handle(Object(Illuminate\\Http\\Request), Object(Closure))
#53 D:\\SMT 6\\PPL\\clone ppl\\BojongStore\\vendor\\laravel\\framework\\src\\Illuminate\\Pipeline\\Pipeline.php(126): Illuminate\\Pipeline\\Pipeline->Illuminate\\Pipeline\\{closure}(Object(Illuminate\\Http\\Request))
#54 D:\\SMT 6\\PPL\\clone ppl\\BojongStore\\vendor\\laravel\\framework\\src\\Illuminate\\Foundation\\Http\\Kernel.php(175): Illuminate\\Pipeline\\Pipeline->then(Object(Closure))
#55 D:\\SMT 6\\PPL\\clone ppl\\BojongStore\\vendor\\laravel\\framework\\src\\Illuminate\\Foundation\\Http\\Kernel.php(144): Illuminate\\Foundation\\Http\\Kernel->sendRequestThroughRouter(Object(Illuminate\\Http\\Request))
#56 D:\\SMT 6\\PPL\\clone ppl\\BojongStore\\vendor\\laravel\\framework\\src\\Illuminate\\Foundation\\Testing\\Concerns\\MakesHttpRequests.php(607): Illuminate\\Foundation\\Http\\Kernel->handle(Object(Illuminate\\Http\\Request))
#57 D:\\SMT 6\\PPL\\clone ppl\\BojongStore\\vendor\\laravel\\framework\\src\\Illuminate\\Foundation\\Testing\\Concerns\\MakesHttpRequests.php(368): Illuminate\\Foundation\\Testing\\TestCase->call('GET', '/verify-email', Array, Array, Array, Array)
#58 D:\\SMT 6\\PPL\\clone ppl\\BojongStore\\tests\\Feature\\Auth\\EmailVerificationTest.php(20): Illuminate\\Foundation\\Testing\\TestCase->get('/verify-email')
#59 D:\\SMT 6\\PPL\\clone ppl\\BojongStore\\vendor\\phpunit\\phpunit\\src\\Framework\\TestCase.php(1656): Tests\\Feature\\Auth\\EmailVerificationTest->test_email_verification_screen_can_be_rendered()
#60 D:\\SMT 6\\PPL\\clone ppl\\BojongStore\\vendor\\phpunit\\phpunit\\src\\Framework\\TestCase.php(514): PHPUnit\\Framework\\TestCase->runTest()
#61 D:\\SMT 6\\PPL\\clone ppl\\BojongStore\\vendor\\phpunit\\phpunit\\src\\Framework\\TestRunner\\TestRunner.php(87): PHPUnit\\Framework\\TestCase->runBare()
#62 D:\\SMT 6\\PPL\\clone ppl\\BojongStore\\vendor\\phpunit\\phpunit\\src\\Framework\\TestCase.php(361): PHPUnit\\Framework\\TestRunner->run(Object(Tests\\Feature\\Auth\\EmailVerificationTest))
#63 D:\\SMT 6\\PPL\\clone ppl\\BojongStore\\vendor\\phpunit\\phpunit\\src\\Framework\\TestSuite.php(369): PHPUnit\\Framework\\TestCase->run()
#64 D:\\SMT 6\\PPL\\clone ppl\\BojongStore\\vendor\\phpunit\\phpunit\\src\\Framework\\TestSuite.php(369): PHPUnit\\Framework\\TestSuite->run()
#65 D:\\SMT 6\\PPL\\clone ppl\\BojongStore\\vendor\\phpunit\\phpunit\\src\\Framework\\TestSuite.php(369): PHPUnit\\Framework\\TestSuite->run()
#66 D:\\SMT 6\\PPL\\clone ppl\\BojongStore\\vendor\\phpunit\\phpunit\\src\\TextUI\\TestRunner.php(64): PHPUnit\\Framework\\TestSuite->run()
#67 D:\\SMT 6\\PPL\\clone ppl\\BojongStore\\vendor\\phpunit\\phpunit\\src\\TextUI\\Application.php(210): PHPUnit\\TextUI\\TestRunner->run(Object(PHPUnit\\TextUI\\Configuration\\Configuration), Object(PHPUnit\\Runner\\ResultCache\\DefaultResultCache), Object(PHPUnit\\Framework\\TestSuite))
#68 D:\\SMT 6\\PPL\\clone ppl\\BojongStore\\vendor\\phpunit\\phpunit\\phpunit(104): PHPUnit\\TextUI\\Application->run(Array)
#69 {main}

[previous exception] [object] (InvalidArgumentException(code: 0): View [layouts.guest] not found. at D:\\SMT 6\\PPL\\clone ppl\\BojongStore\\vendor\\laravel\\framework\\src\\Illuminate\\View\\FileViewFinder.php:138)
[stacktrace]
#0 D:\\SMT 6\\PPL\\clone ppl\\BojongStore\\vendor\\laravel\\framework\\src\\Illuminate\\View\\FileViewFinder.php(78): Illuminate\\View\\FileViewFinder->findInPaths('layouts.guest', Array)
#1 D:\\SMT 6\\PPL\\clone ppl\\BojongStore\\vendor\\laravel\\framework\\src\\Illuminate\\View\\Factory.php(150): Illuminate\\View\\FileViewFinder->find('layouts.guest')
#2 D:\\SMT 6\\PPL\\clone ppl\\BojongStore\\vendor\\laravel\\framework\\src\\Illuminate\\Foundation\\helpers.php(1079): Illuminate\\View\\Factory->make('layouts.guest', Array, Array)
#3 D:\\SMT 6\\PPL\\clone ppl\\BojongStore\\app\\View\\Components\\GuestLayout.php(15): view('layouts.guest')
#4 D:\\SMT 6\\PPL\\clone ppl\\BojongStore\\vendor\\laravel\\framework\\src\\Illuminate\\View\\Component.php(143): App\\View\\Components\\GuestLayout->render()
#5 D:\\SMT 6\\PPL\\clone ppl\\BojongStore\\storage\\framework\\views\\e85f33f744501de5e6b4ea86f4dfb195.php(6): Illuminate\\View\\Component->resolveView()
#6 D:\\SMT 6\\PPL\\clone ppl\\BojongStore\\vendor\\laravel\\framework\\src\\Illuminate\\Filesystem\\Filesystem.php(123): require('D:\\\\SMT 6\\\\PPL\\\\cl...')
#7 D:\\SMT 6\\PPL\\clone ppl\\BojongStore\\vendor\\laravel\\framework\\src\\Illuminate\\Filesystem\\Filesystem.php(124): Illuminate\\Filesystem\\Filesystem::Illuminate\\Filesystem\\{closure}()
#8 D:\\SMT 6\\PPL\\clone ppl\\BojongStore\\vendor\\laravel\\framework\\src\\Illuminate\\View\\Engines\\PhpEngine.php(57): Illuminate\\Filesystem\\Filesystem->getRequire('D:\\\\SMT 6\\\\PPL\\\\cl...', Array)
#9 D:\\SMT 6\\PPL\\clone ppl\\BojongStore\\vendor\\laravel\\framework\\src\\Illuminate\\View\\Engines\\CompilerEngine.php(74): Illuminate\\View\\Engines\\PhpEngine->evaluatePath('D:\\\\SMT 6\\\\PPL\\\\cl...', Array)
#10 D:\\SMT 6\\PPL\\clone ppl\\BojongStore\\vendor\\laravel\\framework\\src\\Illuminate\\View\\View.php(208): Illuminate\\View\\Engines\\CompilerEngine->get('D:\\\\SMT 6\\\\PPL\\\\cl...', Array)
#11 D:\\SMT 6\\PPL\\clone ppl\\BojongStore\\vendor\\laravel\\framework\\src\\Illuminate\\View\\View.php(191): Illuminate\\View\\View->getContents()
#12 D:\\SMT 6\\PPL\\clone ppl\\BojongStore\\vendor\\laravel\\framework\\src\\Illuminate\\View\\View.php(160): Illuminate\\View\\View->renderContents()
#13 D:\\SMT 6\\PPL\\clone ppl\\BojongStore\\vendor\\laravel\\framework\\src\\Illuminate\\Http\\Response.php(78): Illuminate\\View\\View->render()
#14 D:\\SMT 6\\PPL\\clone ppl\\BojongStore\\vendor\\laravel\\framework\\src\\Illuminate\\Http\\Response.php(34): Illuminate\\Http\\Response->setContent(Object(Illuminate\\View\\View))
#15 D:\\SMT 6\\PPL\\clone ppl\\BojongStore\\vendor\\laravel\\framework\\src\\Illuminate\\Routing\\Router.php(924): Illuminate\\Http\\Response->__construct(Object(Illuminate\\View\\View), 200, Array)
#16 D:\\SMT 6\\PPL\\clone ppl\\BojongStore\\vendor\\laravel\\framework\\src\\Illuminate\\Routing\\Router.php(891): Illuminate\\Routing\\Router::toResponse(Object(Illuminate\\Http\\Request), Object(Illuminate\\View\\View))
#17 D:\\SMT 6\\PPL\\clone ppl\\BojongStore\\vendor\\laravel\\framework\\src\\Illuminate\\Routing\\Router.php(807): Illuminate\\Routing\\Router->prepareResponse(Object(Illuminate\\Http\\Request), Object(Illuminate\\View\\View))
#18 D:\\SMT 6\\PPL\\clone ppl\\BojongStore\\vendor\\laravel\\framework\\src\\Illuminate\\Pipeline\\Pipeline.php(169): Illuminate\\Routing\\Router->Illuminate\\Routing\\{closure}(Object(Illuminate\\Http\\Request))
#19 D:\\SMT 6\\PPL\\clone ppl\\BojongStore\\app\\Http\\Middleware\\LogVisitor.php(36): Illuminate\\Pipeline\\Pipeline->Illuminate\\Pipeline\\{closure}(Object(Illuminate\\Http\\Request))
#20 D:\\SMT 6\\PPL\\clone ppl\\BojongStore\\vendor\\laravel\\framework\\src\\Illuminate\\Pipeline\\Pipeline.php(208): App\\Http\\Middleware\\LogVisitor->handle(Object(Illuminate\\Http\\Request), Object(Closure))
#21 D:\\SMT 6\\PPL\\clone ppl\\BojongStore\\vendor\\laravel\\framework\\src\\Illuminate\\Routing\\Middleware\\SubstituteBindings.php(50): Illuminate\\Pipeline\\Pipeline->Illuminate\\Pipeline\\{closure}(Object(Illuminate\\Http\\Request))
#22 D:\\SMT 6\\PPL\\clone ppl\\BojongStore\\vendor\\laravel\\framework\\src\\Illuminate\\Pipeline\\Pipeline.php(208): Illuminate\\Routing\\Middleware\\SubstituteBindings->handle(Object(Illuminate\\Http\\Request), Object(Closure))
#23 D:\\SMT 6\\PPL\\clone ppl\\BojongStore\\vendor\\laravel\\framework\\src\\Illuminate\\Auth\\Middleware\\Authenticate.php(63): Illuminate\\Pipeline\\Pipeline->Illuminate\\Pipeline\\{closure}(Object(Illuminate\\Http\\Request))
#24 D:\\SMT 6\\PPL\\clone ppl\\BojongStore\\vendor\\laravel\\framework\\src\\Illuminate\\Pipeline\\Pipeline.php(208): Illuminate\\Auth\\Middleware\\Authenticate->handle(Object(Illuminate\\Http\\Request), Object(Closure))
#25 D:\\SMT 6\\PPL\\clone ppl\\BojongStore\\vendor\\laravel\\framework\\src\\Illuminate\\Foundation\\Http\\Middleware\\VerifyCsrfToken.php(87): Illuminate\\Pipeline\\Pipeline->Illuminate\\Pipeline\\{closure}(Object(Illuminate\\Http\\Request))
#26 D:\\SMT 6\\PPL\\clone ppl\\BojongStore\\vendor\\laravel\\framework\\src\\Illuminate\\Pipeline\\Pipeline.php(208): Illuminate\\Foundation\\Http\\Middleware\\VerifyCsrfToken->handle(Object(Illuminate\\Http\\Request), Object(Closure))
#27 D:\\SMT 6\\PPL\\clone ppl\\BojongStore\\vendor\\laravel\\framework\\src\\Illuminate\\View\\Middleware\\ShareErrorsFromSession.php(48): Illuminate\\Pipeline\\Pipeline->Illuminate\\Pipeline\\{closure}(Object(Illuminate\\Http\\Request))
#28 D:\\SMT 6\\PPL\\clone ppl\\BojongStore\\vendor\\laravel\\framework\\src\\Illuminate\\Pipeline\\Pipeline.php(208): Illuminate\\View\\Middleware\\ShareErrorsFromSession->handle(Object(Illuminate\\Http\\Request), Object(Closure))
#29 D:\\SMT 6\\PPL\\clone ppl\\BojongStore\\vendor\\laravel\\framework\\src\\Illuminate\\Session\\Middleware\\StartSession.php(120): Illuminate\\Pipeline\\Pipeline->Illuminate\\Pipeline\\{closure}(Object(Illuminate\\Http\\Request))
#30 D:\\SMT 6\\PPL\\clone ppl\\BojongStore\\vendor\\laravel\\framework\\src\\Illuminate\\Session\\Middleware\\StartSession.php(63): Illuminate\\Session\\Middleware\\StartSession->handleStatefulRequest(Object(Illuminate\\Http\\Request), Object(Illuminate\\Session\\Store), Object(Closure))
#31 D:\\SMT 6\\PPL\\clone ppl\\BojongStore\\vendor\\laravel\\framework\\src\\Illuminate\\Pipeline\\Pipeline.php(208): Illuminate\\Session\\Middleware\\StartSession->handle(Object(Illuminate\\Http\\Request), Object(Closure))
#32 D:\\SMT 6\\PPL\\clone ppl\\BojongStore\\vendor\\laravel\\framework\\src\\Illuminate\\Cookie\\Middleware\\AddQueuedCookiesToResponse.php(36): Illuminate\\Pipeline\\Pipeline->Illuminate\\Pipeline\\{closure}(Object(Illuminate\\Http\\Request))
#33 D:\\SMT 6\\PPL\\clone ppl\\BojongStore\\vendor\\laravel\\framework\\src\\Illuminate\\Pipeline\\Pipeline.php(208): Illuminate\\Cookie\\Middleware\\AddQueuedCookiesToResponse->handle(Object(Illuminate\\Http\\Request), Object(Closure))
#34 D:\\SMT 6\\PPL\\clone ppl\\BojongStore\\vendor\\laravel\\framework\\src\\Illuminate\\Cookie\\Middleware\\EncryptCookies.php(74): Illuminate\\Pipeline\\Pipeline->Illuminate\\Pipeline\\{closure}(Object(Illuminate\\Http\\Request))
#35 D:\\SMT 6\\PPL\\clone ppl\\BojongStore\\vendor\\laravel\\framework\\src\\Illuminate\\Pipeline\\Pipeline.php(208): Illuminate\\Cookie\\Middleware\\EncryptCookies->handle(Object(Illuminate\\Http\\Request), Object(Closure))
#36 D:\\SMT 6\\PPL\\clone ppl\\BojongStore\\vendor\\laravel\\framework\\src\\Illuminate\\Pipeline\\Pipeline.php(126): Illuminate\\Pipeline\\Pipeline->Illuminate\\Pipeline\\{closure}(Object(Illuminate\\Http\\Request))
#37 D:\\SMT 6\\PPL\\clone ppl\\BojongStore\\vendor\\laravel\\framework\\src\\Illuminate\\Routing\\Router.php(807): Illuminate\\Pipeline\\Pipeline->then(Object(Closure))
#38 D:\\SMT 6\\PPL\\clone ppl\\BojongStore\\vendor\\laravel\\framework\\src\\Illuminate\\Routing\\Router.php(786): Illuminate\\Routing\\Router->runRouteWithinStack(Object(Illuminate\\Routing\\Route), Object(Illuminate\\Http\\Request))
#39 D:\\SMT 6\\PPL\\clone ppl\\BojongStore\\vendor\\laravel\\framework\\src\\Illuminate\\Routing\\Router.php(750): Illuminate\\Routing\\Router->runRoute(Object(Illuminate\\Http\\Request), Object(Illuminate\\Routing\\Route))
#40 D:\\SMT 6\\PPL\\clone ppl\\BojongStore\\vendor\\laravel\\framework\\src\\Illuminate\\Routing\\Router.php(739): Illuminate\\Routing\\Router->dispatchToRoute(Object(Illuminate\\Http\\Request))
#41 D:\\SMT 6\\PPL\\clone ppl\\BojongStore\\vendor\\laravel\\framework\\src\\Illuminate\\Foundation\\Http\\Kernel.php(200): Illuminate\\Routing\\Router->dispatch(Object(Illuminate\\Http\\Request))
#42 D:\\SMT 6\\PPL\\clone ppl\\BojongStore\\vendor\\laravel\\framework\\src\\Illuminate\\Pipeline\\Pipeline.php(169): Illuminate\\Foundation\\Http\\Kernel->Illuminate\\Foundation\\Http\\{closure}(Object(Illuminate\\Http\\Request))
#43 D:\\SMT 6\\PPL\\clone ppl\\BojongStore\\vendor\\laravel\\framework\\src\\Illuminate\\Foundation\\Http\\Middleware\\TransformsRequest.php(21): Illuminate\\Pipeline\\Pipeline->Illuminate\\Pipeline\\{closure}(Object(Illuminate\\Http\\Request))
#44 D:\\SMT 6\\PPL\\clone ppl\\BojongStore\\vendor\\laravel\\framework\\src\\Illuminate\\Foundation\\Http\\Middleware\\ConvertEmptyStringsToNull.php(31): Illuminate\\Foundation\\Http\\Middleware\\TransformsRequest->handle(Object(Illuminate\\Http\\Request), Object(Closure))
#45 D:\\SMT 6\\PPL\\clone ppl\\BojongStore\\vendor\\laravel\\framework\\src\\Illuminate\\Pipeline\\Pipeline.php(208): Illuminate\\Foundation\\Http\\Middleware\\ConvertEmptyStringsToNull->handle(Object(Illuminate\\Http\\Request), Object(Closure))
#46 D:\\SMT 6\\PPL\\clone ppl\\BojongStore\\vendor\\laravel\\framework\\src\\Illuminate\\Foundation\\Http\\Middleware\\TransformsRequest.php(21): Illuminate\\Pipeline\\Pipeline->Illuminate\\Pipeline\\{closure}(Object(Illuminate\\Http\\Request))
#47 D:\\SMT 6\\PPL\\clone ppl\\BojongStore\\vendor\\laravel\\framework\\src\\Illuminate\\Foundation\\Http\\Middleware\\TrimStrings.php(51): Illuminate\\Foundation\\Http\\Middleware\\TransformsRequest->handle(Object(Illuminate\\Http\\Request), Object(Closure))
#48 D:\\SMT 6\\PPL\\clone ppl\\BojongStore\\vendor\\laravel\\framework\\src\\Illuminate\\Pipeline\\Pipeline.php(208): Illuminate\\Foundation\\Http\\Middleware\\TrimStrings->handle(Object(Illuminate\\Http\\Request), Object(Closure))
#49 D:\\SMT 6\\PPL\\clone ppl\\BojongStore\\vendor\\laravel\\framework\\src\\Illuminate\\Http\\Middleware\\ValidatePostSize.php(27): Illuminate\\Pipeline\\Pipeline->Illuminate\\Pipeline\\{closure}(Object(Illuminate\\Http\\Request))
#50 D:\\SMT 6\\PPL\\clone ppl\\BojongStore\\vendor\\laravel\\framework\\src\\Illuminate\\Pipeline\\Pipeline.php(208): Illuminate\\Http\\Middleware\\ValidatePostSize->handle(Object(Illuminate\\Http\\Request), Object(Closure))
#51 D:\\SMT 6\\PPL\\clone ppl\\BojongStore\\vendor\\laravel\\framework\\src\\Illuminate\\Foundation\\Http\\Middleware\\PreventRequestsDuringMaintenance.php(109): Illuminate\\Pipeline\\Pipeline->Illuminate\\Pipeline\\{closure}(Object(Illuminate\\Http\\Request))
#52 D:\\SMT 6\\PPL\\clone ppl\\BojongStore\\vendor\\laravel\\framework\\src\\Illuminate\\Pipeline\\Pipeline.php(208): Illuminate\\Foundation\\Http\\Middleware\\PreventRequestsDuringMaintenance->handle(Object(Illuminate\\Http\\Request), Object(Closure))
#53 D:\\SMT 6\\PPL\\clone ppl\\BojongStore\\vendor\\laravel\\framework\\src\\Illuminate\\Http\\Middleware\\HandleCors.php(48): Illuminate\\Pipeline\\Pipeline->Illuminate\\Pipeline\\{closure}(Object(Illuminate\\Http\\Request))
#54 D:\\SMT 6\\PPL\\clone ppl\\BojongStore\\vendor\\laravel\\framework\\src\\Illuminate\\Pipeline\\Pipeline.php(208): Illuminate\\Http\\Middleware\\HandleCors->handle(Object(Illuminate\\Http\\Request), Object(Closure))
#55 D:\\SMT 6\\PPL\\clone ppl\\BojongStore\\vendor\\laravel\\framework\\src\\Illuminate\\Http\\Middleware\\TrustProxies.php(58): Illuminate\\Pipeline\\Pipeline->Illuminate\\Pipeline\\{closure}(Object(Illuminate\\Http\\Request))
#56 D:\\SMT 6\\PPL\\clone ppl\\BojongStore\\vendor\\laravel\\framework\\src\\Illuminate\\Pipeline\\Pipeline.php(208): Illuminate\\Http\\Middleware\\TrustProxies->handle(Object(Illuminate\\Http\\Request), Object(Closure))
#57 D:\\SMT 6\\PPL\\clone ppl\\BojongStore\\vendor\\laravel\\framework\\src\\Illuminate\\Foundation\\Http\\Middleware\\InvokeDeferredCallbacks.php(22): Illuminate\\Pipeline\\Pipeline->Illuminate\\Pipeline\\{closure}(Object(Illuminate\\Http\\Request))
#58 D:\\SMT 6\\PPL\\clone ppl\\BojongStore\\vendor\\laravel\\framework\\src\\Illuminate\\Pipeline\\Pipeline.php(208): Illuminate\\Foundation\\Http\\Middleware\\InvokeDeferredCallbacks->handle(Object(Illuminate\\Http\\Request), Object(Closure))
#59 D:\\SMT 6\\PPL\\clone ppl\\BojongStore\\vendor\\laravel\\framework\\src\\Illuminate\\Http\\Middleware\\ValidatePathEncoding.php(26): Illuminate\\Pipeline\\Pipeline->Illuminate\\Pipeline\\{closure}(Object(Illuminate\\Http\\Request))
#60 D:\\SMT 6\\PPL\\clone ppl\\BojongStore\\vendor\\laravel\\framework\\src\\Illuminate\\Pipeline\\Pipeline.php(208): Illuminate\\Http\\Middleware\\ValidatePathEncoding->handle(Object(Illuminate\\Http\\Request), Object(Closure))
#61 D:\\SMT 6\\PPL\\clone ppl\\BojongStore\\vendor\\laravel\\framework\\src\\Illuminate\\Pipeline\\Pipeline.php(126): Illuminate\\Pipeline\\Pipeline->Illuminate\\Pipeline\\{closure}(Object(Illuminate\\Http\\Request))
#62 D:\\SMT 6\\PPL\\clone ppl\\BojongStore\\vendor\\laravel\\framework\\src\\Illuminate\\Foundation\\Http\\Kernel.php(175): Illuminate\\Pipeline\\Pipeline->then(Object(Closure))
#63 D:\\SMT 6\\PPL\\clone ppl\\BojongStore\\vendor\\laravel\\framework\\src\\Illuminate\\Foundation\\Http\\Kernel.php(144): Illuminate\\Foundation\\Http\\Kernel->sendRequestThroughRouter(Object(Illuminate\\Http\\Request))
#64 D:\\SMT 6\\PPL\\clone ppl\\BojongStore\\vendor\\laravel\\framework\\src\\Illuminate\\Foundation\\Testing\\Concerns\\MakesHttpRequests.php(607): Illuminate\\Foundation\\Http\\Kernel->handle(Object(Illuminate\\Http\\Request))
#65 D:\\SMT 6\\PPL\\clone ppl\\BojongStore\\vendor\\laravel\\framework\\src\\Illuminate\\Foundation\\Testing\\Concerns\\MakesHttpRequests.php(368): Illuminate\\Foundation\\Testing\\TestCase->call('GET', '/verify-email', Array, Array, Array, Array)
#66 D:\\SMT 6\\PPL\\clone ppl\\BojongStore\\tests\\Feature\\Auth\\EmailVerificationTest.php(20): Illuminate\\Foundation\\Testing\\TestCase->get('/verify-email')
#67 D:\\SMT 6\\PPL\\clone ppl\\BojongStore\\vendor\\phpunit\\phpunit\\src\\Framework\\TestCase.php(1656): Tests\\Feature\\Auth\\EmailVerificationTest->test_email_verification_screen_can_be_rendered()
#68 D:\\SMT 6\\PPL\\clone ppl\\BojongStore\\vendor\\phpunit\\phpunit\\src\\Framework\\TestCase.php(514): PHPUnit\\Framework\\TestCase->runTest()
#69 D:\\SMT 6\\PPL\\clone ppl\\BojongStore\\vendor\\phpunit\\phpunit\\src\\Framework\\TestRunner\\TestRunner.php(87): PHPUnit\\Framework\\TestCase->runBare()
#70 D:\\SMT 6\\PPL\\clone ppl\\BojongStore\\vendor\\phpunit\\phpunit\\src\\Framework\\TestCase.php(361): PHPUnit\\Framework\\TestRunner->run(Object(Tests\\Feature\\Auth\\EmailVerificationTest))
#71 D:\\SMT 6\\PPL\\clone ppl\\BojongStore\\vendor\\phpunit\\phpunit\\src\\Framework\\TestSuite.php(369): PHPUnit\\Framework\\TestCase->run()
#72 D:\\SMT 6\\PPL\\clone ppl\\BojongStore\\vendor\\phpunit\\phpunit\\src\\Framework\\TestSuite.php(369): PHPUnit\\Framework\\TestSuite->run()
#73 D:\\SMT 6\\PPL\\clone ppl\\BojongStore\\vendor\\phpunit\\phpunit\\src\\Framework\\TestSuite.php(369): PHPUnit\\Framework\\TestSuite->run()
#74 D:\\SMT 6\\PPL\\clone ppl\\BojongStore\\vendor\\phpunit\\phpunit\\src\\TextUI\\TestRunner.php(64): PHPUnit\\Framework\\TestSuite->run()
#75 D:\\SMT 6\\PPL\\clone ppl\\BojongStore\\vendor\\phpunit\\phpunit\\src\\TextUI\\Application.php(210): PHPUnit\\TextUI\\TestRunner->run(Object(PHPUnit\\TextUI\\Configuration\\Configuration), Object(PHPUnit\\Runner\\ResultCache\\DefaultResultCache), Object(PHPUnit\\Framework\\TestSuite))
#76 D:\\SMT 6\\PPL\\clone ppl\\BojongStore\\vendor\\phpunit\\phpunit\\phpunit(104): PHPUnit\\TextUI\\Application->run(Array)
#77 {main}
"} 
[2026-06-03 10:48:44] testing.ERROR: Route [dashboard] not defined. {"userId":1,"exception":"[object] (Symfony\\Component\\Routing\\Exception\\RouteNotFoundException(code: 0): Route [dashboard] not defined. at D:\\SMT 6\\PPL\\clone ppl\\BojongStore\\vendor\\laravel\\framework\\src\\Illuminate\\Routing\\UrlGenerator.php:526)
[stacktrace]
#0 D:\\SMT 6\\PPL\\clone ppl\\BojongStore\\vendor\\laravel\\framework\\src\\Illuminate\\Foundation\\helpers.php(856): Illuminate\\Routing\\UrlGenerator->route('dashboard', Array, false)
#1 D:\\SMT 6\\PPL\\clone ppl\\BojongStore\\app\\Http\\Controllers\\Auth\\VerifyEmailController.php(25): route('dashboard', Array, false)
#2 D:\\SMT 6\\PPL\\clone ppl\\BojongStore\\vendor\\laravel\\framework\\src\\Illuminate\\Routing\\ControllerDispatcher.php(46): App\\Http\\Controllers\\Auth\\VerifyEmailController->__invoke(Object(Illuminate\\Foundation\\Auth\\EmailVerificationRequest), '1', 'f4cf0c56040b899...')
#3 D:\\SMT 6\\PPL\\clone ppl\\BojongStore\\vendor\\laravel\\framework\\src\\Illuminate\\Routing\\Route.php(265): Illuminate\\Routing\\ControllerDispatcher->dispatch(Object(Illuminate\\Routing\\Route), Object(App\\Http\\Controllers\\Auth\\VerifyEmailController), '__invoke')
#4 D:\\SMT 6\\PPL\\clone ppl\\BojongStore\\vendor\\laravel\\framework\\src\\Illuminate\\Routing\\Route.php(211): Illuminate\\Routing\\Route->runController()
#5 D:\\SMT 6\\PPL\\clone ppl\\BojongStore\\vendor\\laravel\\framework\\src\\Illuminate\\Routing\\Router.php(808): Illuminate\\Routing\\Route->run()
#6 D:\\SMT 6\\PPL\\clone ppl\\BojongStore\\vendor\\laravel\\framework\\src\\Illuminate\\Pipeline\\Pipeline.php(169): Illuminate\\Routing\\Router->Illuminate\\Routing\\{closure}(Object(Illuminate\\Http\\Request))
#7 D:\\SMT 6\\PPL\\clone ppl\\BojongStore\\vendor\\laravel\\framework\\src\\Illuminate\\Routing\\Middleware\\ValidateSignature.php(70): Illuminate\\Pipeline\\Pipeline->Illuminate\\Pipeline\\{closure}(Object(Illuminate\\Http\\Request))
#8 D:\\SMT 6\\PPL\\clone ppl\\BojongStore\\vendor\\laravel\\framework\\src\\Illuminate\\Pipeline\\Pipeline.php(208): Illuminate\\Routing\\Middleware\\ValidateSignature->handle(Object(Illuminate\\Http\\Request), Object(Closure))
#9 D:\\SMT 6\\PPL\\clone ppl\\BojongStore\\app\\Http\\Middleware\\LogVisitor.php(36): Illuminate\\Pipeline\\Pipeline->Illuminate\\Pipeline\\{closure}(Object(Illuminate\\Http\\Request))
#10 D:\\SMT 6\\PPL\\clone ppl\\BojongStore\\vendor\\laravel\\framework\\src\\Illuminate\\Pipeline\\Pipeline.php(208): App\\Http\\Middleware\\LogVisitor->handle(Object(Illuminate\\Http\\Request), Object(Closure))
#11 D:\\SMT 6\\PPL\\clone ppl\\BojongStore\\vendor\\laravel\\framework\\src\\Illuminate\\Routing\\Middleware\\SubstituteBindings.php(50): Illuminate\\Pipeline\\Pipeline->Illuminate\\Pipeline\\{closure}(Object(Illuminate\\Http\\Request))
#12 D:\\SMT 6\\PPL\\clone ppl\\BojongStore\\vendor\\laravel\\framework\\src\\Illuminate\\Pipeline\\Pipeline.php(208): Illuminate\\Routing\\Middleware\\SubstituteBindings->handle(Object(Illuminate\\Http\\Request), Object(Closure))
#13 D:\\SMT 6\\PPL\\clone ppl\\BojongStore\\vendor\\laravel\\framework\\src\\Illuminate\\Routing\\Middleware\\ThrottleRequests.php(160): Illuminate\\Pipeline\\Pipeline->Illuminate\\Pipeline\\{closure}(Object(Illuminate\\Http\\Request))
#14 D:\\SMT 6\\PPL\\clone ppl\\BojongStore\\vendor\\laravel\\framework\\src\\Illuminate\\Routing\\Middleware\\ThrottleRequests.php(91): Illuminate\\Routing\\Middleware\\ThrottleRequests->handleRequest(Object(Illuminate\\Http\\Request), Object(Closure), Array)
#15 D:\\SMT 6\\PPL\\clone ppl\\BojongStore\\vendor\\laravel\\framework\\src\\Illuminate\\Pipeline\\Pipeline.php(208): Illuminate\\Routing\\Middleware\\ThrottleRequests->handle(Object(Illuminate\\Http\\Request), Object(Closure), '6', '1')
#16 D:\\SMT 6\\PPL\\clone ppl\\BojongStore\\vendor\\laravel\\framework\\src\\Illuminate\\Auth\\Middleware\\Authenticate.php(63): Illuminate\\Pipeline\\Pipeline->Illuminate\\Pipeline\\{closure}(Object(Illuminate\\Http\\Request))
#17 D:\\SMT 6\\PPL\\clone ppl\\BojongStore\\vendor\\laravel\\framework\\src\\Illuminate\\Pipeline\\Pipeline.php(208): Illuminate\\Auth\\Middleware\\Authenticate->handle(Object(Illuminate\\Http\\Request), Object(Closure))
#18 D:\\SMT 6\\PPL\\clone ppl\\BojongStore\\vendor\\laravel\\framework\\src\\Illuminate\\Foundation\\Http\\Middleware\\VerifyCsrfToken.php(87): Illuminate\\Pipeline\\Pipeline->Illuminate\\Pipeline\\{closure}(Object(Illuminate\\Http\\Request))
#19 D:\\SMT 6\\PPL\\clone ppl\\BojongStore\\vendor\\laravel\\framework\\src\\Illuminate\\Pipeline\\Pipeline.php(208): Illuminate\\Foundation\\Http\\Middleware\\VerifyCsrfToken->handle(Object(Illuminate\\Http\\Request), Object(Closure))
#20 D:\\SMT 6\\PPL\\clone ppl\\BojongStore\\vendor\\laravel\\framework\\src\\Illuminate\\View\\Middleware\\ShareErrorsFromSession.php(48): Illuminate\\Pipeline\\Pipeline->Illuminate\\Pipeline\\{closure}(Object(Illuminate\\Http\\Request))
#21 D:\\SMT 6\\PPL\\clone ppl\\BojongStore\\vendor\\laravel\\framework\\src\\Illuminate\\Pipeline\\Pipeline.php(208): Illuminate\\View\\Middleware\\ShareErrorsFromSession->handle(Object(Illuminate\\Http\\Request), Object(Closure))
#22 D:\\SMT 6\\PPL\\clone ppl\\BojongStore\\vendor\\laravel\\framework\\src\\Illuminate\\Session\\Middleware\\StartSession.php(120): Illuminate\\Pipeline\\Pipeline->Illuminate\\Pipeline\\{closure}(Object(Illuminate\\Http\\Request))
#23 D:\\SMT 6\\PPL\\clone ppl\\BojongStore\\vendor\\laravel\\framework\\src\\Illuminate\\Session\\Middleware\\StartSession.php(63): Illuminate\\Session\\Middleware\\StartSession->handleStatefulRequest(Object(Illuminate\\Http\\Request), Object(Illuminate\\Session\\Store), Object(Closure))
#24 D:\\SMT 6\\PPL\\clone ppl\\BojongStore\\vendor\\laravel\\framework\\src\\Illuminate\\Pipeline\\Pipeline.php(208): Illuminate\\Session\\Middleware\\StartSession->handle(Object(Illuminate\\Http\\Request), Object(Closure))
#25 D:\\SMT 6\\PPL\\clone ppl\\BojongStore\\vendor\\laravel\\framework\\src\\Illuminate\\Cookie\\Middleware\\AddQueuedCookiesToResponse.php(36): Illuminate\\Pipeline\\Pipeline->Illuminate\\Pipeline\\{closure}(Object(Illuminate\\Http\\Request))
#26 D:\\SMT 6\\PPL\\clone ppl\\BojongStore\\vendor\\laravel\\framework\\src\\Illuminate\\Pipeline\\Pipeline.php(208): Illuminate\\Cookie\\Middleware\\AddQueuedCookiesToResponse->handle(Object(Illuminate\\Http\\Request), Object(Closure))
#27 D:\\SMT 6\\PPL\\clone ppl\\BojongStore\\vendor\\laravel\\framework\\src\\Illuminate\\Cookie\\Middleware\\EncryptCookies.php(74): Illuminate\\Pipeline\\Pipeline->Illuminate\\Pipeline\\{closure}(Object(Illuminate\\Http\\Request))
#28 D:\\SMT 6\\PPL\\clone ppl\\BojongStore\\vendor\\laravel\\framework\\src\\Illuminate\\Pipeline\\Pipeline.php(208): Illuminate\\Cookie\\Middleware\\EncryptCookies->handle(Object(Illuminate\\Http\\Request), Object(Closure))
#29 D:\\SMT 6\\PPL\\clone ppl\\BojongStore\\vendor\\laravel\\framework\\src\\Illuminate\\Pipeline\\Pipeline.php(126): Illuminate\\Pipeline\\Pipeline->Illuminate\\Pipeline\\{closure}(Object(Illuminate\\Http\\Request))
#30 D:\\SMT 6\\PPL\\clone ppl\\BojongStore\\vendor\\laravel\\framework\\src\\Illuminate\\Routing\\Router.php(807): Illuminate\\Pipeline\\Pipeline->then(Object(Closure))
#31 D:\\SMT 6\\PPL\\clone ppl\\BojongStore\\vendor\\laravel\\framework\\src\\Illuminate\\Routing\\Router.php(786): Illuminate\\Routing\\Router->runRouteWithinStack(Object(Illuminate\\Routing\\Route), Object(Illuminate\\Http\\Request))
#32 D:\\SMT 6\\PPL\\clone ppl\\BojongStore\\vendor\\laravel\\framework\\src\\Illuminate\\Routing\\Router.php(750): Illuminate\\Routing\\Router->runRoute(Object(Illuminate\\Http\\Request), Object(Illuminate\\Routing\\Route))
#33 D:\\SMT 6\\PPL\\clone ppl\\BojongStore\\vendor\\laravel\\framework\\src\\Illuminate\\Routing\\Router.php(739): Illuminate\\Routing\\Router->dispatchToRoute(Object(Illuminate\\Http\\Request))
#34 D:\\SMT 6\\PPL\\clone ppl\\BojongStore\\vendor\\laravel\\framework\\src\\Illuminate\\Foundation\\Http\\Kernel.php(200): Illuminate\\Routing\\Router->dispatch(Object(Illuminate\\Http\\Request))
#35 D:\\SMT 6\\PPL\\clone ppl\\BojongStore\\vendor\\laravel\\framework\\src\\Illuminate\\Pipeline\\Pipeline.php(169): Illuminate\\Foundation\\Http\\Kernel->Illuminate\\Foundation\\Http\\{closure}(Object(Illuminate\\Http\\Request))
#36 D:\\SMT 6\\PPL\\clone ppl\\BojongStore\\vendor\\laravel\\framework\\src\\Illuminate\\Foundation\\Http\\Middleware\\TransformsRequest.php(21): Illuminate\\Pipeline\\Pipeline->Illuminate\\Pipeline\\{closure}(Object(Illuminate\\Http\\Request))
#37 D:\\SMT 6\\PPL\\clone ppl\\BojongStore\\vendor\\laravel\\framework\\src\\Illuminate\\Foundation\\Http\\Middleware\\ConvertEmptyStringsToNull.php(31): Illuminate\\Foundation\\Http\\Middleware\\TransformsRequest->handle(Object(Illuminate\\Http\\Request), Object(Closure))
#38 D:\\SMT 6\\PPL\\clone ppl\\BojongStore\\vendor\\laravel\\framework\\src\\Illuminate\\Pipeline\\Pipeline.php(208): Illuminate\\Foundation\\Http\\Middleware\\ConvertEmptyStringsToNull->handle(Object(Illuminate\\Http\\Request), Object(Closure))
#39 D:\\SMT 6\\PPL\\clone ppl\\BojongStore\\vendor\\laravel\\framework\\src\\Illuminate\\Foundation\\Http\\Middleware\\TransformsRequest.php(21): Illuminate\\Pipeline\\Pipeline->Illuminate\\Pipeline\\{closure}(Object(Illuminate\\Http\\Request))
#40 D:\\SMT 6\\PPL\\clone ppl\\BojongStore\\vendor\\laravel\\framework\\src\\Illuminate\\Foundation\\Http\\Middleware\\TrimStrings.php(51): Illuminate\\Foundation\\Http\\Middleware\\TransformsRequest->handle(Object(Illuminate\\Http\\Request), Object(Closure))
#41 D:\\SMT 6\\PPL\\clone ppl\\BojongStore\\vendor\\laravel\\framework\\src\\Illuminate\\Pipeline\\Pipeline.php(208): Illuminate\\Foundation\\Http\\Middleware\\TrimStrings->handle(Object(Illuminate\\Http\\Request), Object(Closure))
#42 D:\\SMT 6\\PPL\\clone ppl\\BojongStore\\vendor\\laravel\\framework\\src\\Illuminate\\Http\\Middleware\\ValidatePostSize.php(27): Illuminate\\Pipeline\\Pipeline->Illuminate\\Pipeline\\{closure}(Object(Illuminate\\Http\\Request))
#43 D:\\SMT 6\\PPL\\clone ppl\\BojongStore\\vendor\\laravel\\framework\\src\\Illuminate\\Pipeline\\Pipeline.php(208): Illuminate\\Http\\Middleware\\ValidatePostSize->handle(Object(Illuminate\\Http\\Request), Object(Closure))
#44 D:\\SMT 6\\PPL\\clone ppl\\BojongStore\\vendor\\laravel\\framework\\src\\Illuminate\\Foundation\\Http\\Middleware\\PreventRequestsDuringMaintenance.php(109): Illuminate\\Pipeline\\Pipeline->Illuminate\\Pipeline\\{closure}(Object(Illuminate\\Http\\Request))
#45 D:\\SMT 6\\PPL\\clone ppl\\BojongStore\\vendor\\laravel\\framework\\src\\Illuminate\\Pipeline\\Pipeline.php(208): Illuminate\\Foundation\\Http\\Middleware\\PreventRequestsDuringMaintenance->handle(Object(Illuminate\\Http\\Request), Object(Closure))
#46 D:\\SMT 6\\PPL\\clone ppl\\BojongStore\\vendor\\laravel\\framework\\src\\Illuminate\\Http\\Middleware\\HandleCors.php(48): Illuminate\\Pipeline\\Pipeline->Illuminate\\Pipeline\\{closure}(Object(Illuminate\\Http\\Request))
#47 D:\\SMT 6\\PPL\\clone ppl\\BojongStore\\vendor\\laravel\\framework\\src\\Illuminate\\Pipeline\\Pipeline.php(208): Illuminate\\Http\\Middleware\\HandleCors->handle(Object(Illuminate\\Http\\Request), Object(Closure))
#48 D:\\SMT 6\\PPL\\clone ppl\\BojongStore\\vendor\\laravel\\framework\\src\\Illuminate\\Http\\Middleware\\TrustProxies.php(58): Illuminate\\Pipeline\\Pipeline->Illuminate\\Pipeline\\{closure}(Object(Illuminate\\Http\\Request))
#49 D:\\SMT 6\\PPL\\clone ppl\\BojongStore\\vendor\\laravel\\framework\\src\\Illuminate\\Pipeline\\Pipeline.php(208): Illuminate\\Http\\Middleware\\TrustProxies->handle(Object(Illuminate\\Http\\Request), Object(Closure))
#50 D:\\SMT 6\\PPL\\clone ppl\\BojongStore\\vendor\\laravel\\framework\\src\\Illuminate\\Foundation\\Http\\Middleware\\InvokeDeferredCallbacks.php(22): Illuminate\\Pipeline\\Pipeline->Illuminate\\Pipeline\\{closure}(Object(Illuminate\\Http\\Request))
#51 D:\\SMT 6\\PPL\\clone ppl\\BojongStore\\vendor\\laravel\\framework\\src\\Illuminate\\Pipeline\\Pipeline.php(208): Illuminate\\Foundation\\Http\\Middleware\\InvokeDeferredCallbacks->handle(Object(Illuminate\\Http\\Request), Object(Closure))
#52 D:\\SMT 6\\PPL\\clone ppl\\BojongStore\\vendor\\laravel\\framework\\src\\Illuminate\\Http\\Middleware\\ValidatePathEncoding.php(26): Illuminate\\Pipeline\\Pipeline->Illuminate\\Pipeline\\{closure}(Object(Illuminate\\Http\\Request))
#53 D:\\SMT 6\\PPL\\clone ppl\\BojongStore\\vendor\\laravel\\framework\\src\\Illuminate\\Pipeline\\Pipeline.php(208): Illuminate\\Http\\Middleware\\ValidatePathEncoding->handle(Object(Illuminate\\Http\\Request), Object(Closure))
#54 D:\\SMT 6\\PPL\\clone ppl\\BojongStore\\vendor\\laravel\\framework\\src\\Illuminate\\Pipeline\\Pipeline.php(126): Illuminate\\Pipeline\\Pipeline->Illuminate\\Pipeline\\{closure}(Object(Illuminate\\Http\\Request))
#55 D:\\SMT 6\\PPL\\clone ppl\\BojongStore\\vendor\\laravel\\framework\\src\\Illuminate\\Foundation\\Http\\Kernel.php(175): Illuminate\\Pipeline\\Pipeline->then(Object(Closure))
#56 D:\\SMT 6\\PPL\\clone ppl\\BojongStore\\vendor\\laravel\\framework\\src\\Illuminate\\Foundation\\Http\\Kernel.php(144): Illuminate\\Foundation\\Http\\Kernel->sendRequestThroughRouter(Object(Illuminate\\Http\\Request))
#57 D:\\SMT 6\\PPL\\clone ppl\\BojongStore\\vendor\\laravel\\framework\\src\\Illuminate\\Foundation\\Testing\\Concerns\\MakesHttpRequests.php(607): Illuminate\\Foundation\\Http\\Kernel->handle(Object(Illuminate\\Http\\Request))
#58 D:\\SMT 6\\PPL\\clone ppl\\BojongStore\\vendor\\laravel\\framework\\src\\Illuminate\\Foundation\\Testing\\Concerns\\MakesHttpRequests.php(368): Illuminate\\Foundation\\Testing\\TestCase->call('GET', 'http://localhos...', Array, Array, Array, Array)
#59 D:\\SMT 6\\PPL\\clone ppl\\BojongStore\\tests\\Feature\\Auth\\EmailVerificationTest.php(37): Illuminate\\Foundation\\Testing\\TestCase->get('http://localhos...')
#60 D:\\SMT 6\\PPL\\clone ppl\\BojongStore\\vendor\\phpunit\\phpunit\\src\\Framework\\TestCase.php(1656): Tests\\Feature\\Auth\\EmailVerificationTest->test_email_can_be_verified()
#61 D:\\SMT 6\\PPL\\clone ppl\\BojongStore\\vendor\\phpunit\\phpunit\\src\\Framework\\TestCase.php(514): PHPUnit\\Framework\\TestCase->runTest()
#62 D:\\SMT 6\\PPL\\clone ppl\\BojongStore\\vendor\\phpunit\\phpunit\\src\\Framework\\TestRunner\\TestRunner.php(87): PHPUnit\\Framework\\TestCase->runBare()
#63 D:\\SMT 6\\PPL\\clone ppl\\BojongStore\\vendor\\phpunit\\phpunit\\src\\Framework\\TestCase.php(361): PHPUnit\\Framework\\TestRunner->run(Object(Tests\\Feature\\Auth\\EmailVerificationTest))
#64 D:\\SMT 6\\PPL\\clone ppl\\BojongStore\\vendor\\phpunit\\phpunit\\src\\Framework\\TestSuite.php(369): PHPUnit\\Framework\\TestCase->run()
#65 D:\\SMT 6\\PPL\\clone ppl\\BojongStore\\vendor\\phpunit\\phpunit\\src\\Framework\\TestSuite.php(369): PHPUnit\\Framework\\TestSuite->run()
#66 D:\\SMT 6\\PPL\\clone ppl\\BojongStore\\vendor\\phpunit\\phpunit\\src\\Framework\\TestSuite.php(369): PHPUnit\\Framework\\TestSuite->run()
#67 D:\\SMT 6\\PPL\\clone ppl\\BojongStore\\vendor\\phpunit\\phpunit\\src\\TextUI\\TestRunner.php(64): PHPUnit\\Framework\\TestSuite->run()
#68 D:\\SMT 6\\PPL\\clone ppl\\BojongStore\\vendor\\phpunit\\phpunit\\src\\TextUI\\Application.php(210): PHPUnit\\TextUI\\TestRunner->run(Object(PHPUnit\\TextUI\\Configuration\\Configuration), Object(PHPUnit\\Runner\\ResultCache\\DefaultResultCache), Object(PHPUnit\\Framework\\TestSuite))
#69 D:\\SMT 6\\PPL\\clone ppl\\BojongStore\\vendor\\phpunit\\phpunit\\phpunit(104): PHPUnit\\TextUI\\Application->run(Array)
#70 {main}
"} 
[2026-06-03 10:48:44] testing.ERROR: View [layouts.guest] not found. (View: D:\SMT 6\PPL\clone ppl\BojongStore\resources\views\auth\confirm-password.blade.php) {"userId":1,"exception":"[object] (Illuminate\\View\\ViewException(code: 0): View [layouts.guest] not found. (View: D:\\SMT 6\\PPL\\clone ppl\\BojongStore\\resources\\views\\auth\\confirm-password.blade.php) at D:\\SMT 6\\PPL\\clone ppl\\BojongStore\\vendor\\laravel\\framework\\src\\Illuminate\\View\\FileViewFinder.php:138)
[stacktrace]
#0 D:\\SMT 6\\PPL\\clone ppl\\BojongStore\\vendor\\laravel\\framework\\src\\Illuminate\\View\\Engines\\PhpEngine.php(59): Illuminate\\View\\Engines\\CompilerEngine->handleViewException(Object(InvalidArgumentException), 1)
#1 D:\\SMT 6\\PPL\\clone ppl\\BojongStore\\vendor\\laravel\\framework\\src\\Illuminate\\View\\Engines\\CompilerEngine.php(74): Illuminate\\View\\Engines\\PhpEngine->evaluatePath('D:\\\\SMT 6\\\\PPL\\\\cl...', Array)
#2 D:\\SMT 6\\PPL\\clone ppl\\BojongStore\\vendor\\laravel\\framework\\src\\Illuminate\\View\\View.php(208): Illuminate\\View\\Engines\\CompilerEngine->get('D:\\\\SMT 6\\\\PPL\\\\cl...', Array)
#3 D:\\SMT 6\\PPL\\clone ppl\\BojongStore\\vendor\\laravel\\framework\\src\\Illuminate\\View\\View.php(191): Illuminate\\View\\View->getContents()
#4 D:\\SMT 6\\PPL\\clone ppl\\BojongStore\\vendor\\laravel\\framework\\src\\Illuminate\\View\\View.php(160): Illuminate\\View\\View->renderContents()
#5 D:\\SMT 6\\PPL\\clone ppl\\BojongStore\\vendor\\laravel\\framework\\src\\Illuminate\\Http\\Response.php(78): Illuminate\\View\\View->render()
#6 D:\\SMT 6\\PPL\\clone ppl\\BojongStore\\vendor\\laravel\\framework\\src\\Illuminate\\Http\\Response.php(34): Illuminate\\Http\\Response->setContent(Object(Illuminate\\View\\View))
#7 D:\\SMT 6\\PPL\\clone ppl\\BojongStore\\vendor\\laravel\\framework\\src\\Illuminate\\Routing\\Router.php(924): Illuminate\\Http\\Response->__construct(Object(Illuminate\\View\\View), 200, Array)
#8 D:\\SMT 6\\PPL\\clone ppl\\BojongStore\\vendor\\laravel\\framework\\src\\Illuminate\\Routing\\Router.php(891): Illuminate\\Routing\\Router::toResponse(Object(Illuminate\\Http\\Request), Object(Illuminate\\View\\View))
#9 D:\\SMT 6\\PPL\\clone ppl\\BojongStore\\vendor\\laravel\\framework\\src\\Illuminate\\Routing\\Router.php(807): Illuminate\\Routing\\Router->prepareResponse(Object(Illuminate\\Http\\Request), Object(Illuminate\\View\\View))
#10 D:\\SMT 6\\PPL\\clone ppl\\BojongStore\\vendor\\laravel\\framework\\src\\Illuminate\\Pipeline\\Pipeline.php(169): Illuminate\\Routing\\Router->Illuminate\\Routing\\{closure}(Object(Illuminate\\Http\\Request))
#11 D:\\SMT 6\\PPL\\clone ppl\\BojongStore\\app\\Http\\Middleware\\LogVisitor.php(36): Illuminate\\Pipeline\\Pipeline->Illuminate\\Pipeline\\{closure}(Object(Illuminate\\Http\\Request))
#12 D:\\SMT 6\\PPL\\clone ppl\\BojongStore\\vendor\\laravel\\framework\\src\\Illuminate\\Pipeline\\Pipeline.php(208): App\\Http\\Middleware\\LogVisitor->handle(Object(Illuminate\\Http\\Request), Object(Closure))
#13 D:\\SMT 6\\PPL\\clone ppl\\BojongStore\\vendor\\laravel\\framework\\src\\Illuminate\\Routing\\Middleware\\SubstituteBindings.php(50): Illuminate\\Pipeline\\Pipeline->Illuminate\\Pipeline\\{closure}(Object(Illuminate\\Http\\Request))
#14 D:\\SMT 6\\PPL\\clone ppl\\BojongStore\\vendor\\laravel\\framework\\src\\Illuminate\\Pipeline\\Pipeline.php(208): Illuminate\\Routing\\Middleware\\SubstituteBindings->handle(Object(Illuminate\\Http\\Request), Object(Closure))
#15 D:\\SMT 6\\PPL\\clone ppl\\BojongStore\\vendor\\laravel\\framework\\src\\Illuminate\\Auth\\Middleware\\Authenticate.php(63): Illuminate\\Pipeline\\Pipeline->Illuminate\\Pipeline\\{closure}(Object(Illuminate\\Http\\Request))
#16 D:\\SMT 6\\PPL\\clone ppl\\BojongStore\\vendor\\laravel\\framework\\src\\Illuminate\\Pipeline\\Pipeline.php(208): Illuminate\\Auth\\Middleware\\Authenticate->handle(Object(Illuminate\\Http\\Request), Object(Closure))
#17 D:\\SMT 6\\PPL\\clone ppl\\BojongStore\\vendor\\laravel\\framework\\src\\Illuminate\\Foundation\\Http\\Middleware\\VerifyCsrfToken.php(87): Illuminate\\Pipeline\\Pipeline->Illuminate\\Pipeline\\{closure}(Object(Illuminate\\Http\\Request))
#18 D:\\SMT 6\\PPL\\clone ppl\\BojongStore\\vendor\\laravel\\framework\\src\\Illuminate\\Pipeline\\Pipeline.php(208): Illuminate\\Foundation\\Http\\Middleware\\VerifyCsrfToken->handle(Object(Illuminate\\Http\\Request), Object(Closure))
#19 D:\\SMT 6\\PPL\\clone ppl\\BojongStore\\vendor\\laravel\\framework\\src\\Illuminate\\View\\Middleware\\ShareErrorsFromSession.php(48): Illuminate\\Pipeline\\Pipeline->Illuminate\\Pipeline\\{closure}(Object(Illuminate\\Http\\Request))
#20 D:\\SMT 6\\PPL\\clone ppl\\BojongStore\\vendor\\laravel\\framework\\src\\Illuminate\\Pipeline\\Pipeline.php(208): Illuminate\\View\\Middleware\\ShareErrorsFromSession->handle(Object(Illuminate\\Http\\Request), Object(Closure))
#21 D:\\SMT 6\\PPL\\clone ppl\\BojongStore\\vendor\\laravel\\framework\\src\\Illuminate\\Session\\Middleware\\StartSession.php(120): Illuminate\\Pipeline\\Pipeline->Illuminate\\Pipeline\\{closure}(Object(Illuminate\\Http\\Request))
#22 D:\\SMT 6\\PPL\\clone ppl\\BojongStore\\vendor\\laravel\\framework\\src\\Illuminate\\Session\\Middleware\\StartSession.php(63): Illuminate\\Session\\Middleware\\StartSession->handleStatefulRequest(Object(Illuminate\\Http\\Request), Object(Illuminate\\Session\\Store), Object(Closure))
#23 D:\\SMT 6\\PPL\\clone ppl\\BojongStore\\vendor\\laravel\\framework\\src\\Illuminate\\Pipeline\\Pipeline.php(208): Illuminate\\Session\\Middleware\\StartSession->handle(Object(Illuminate\\Http\\Request), Object(Closure))
#24 D:\\SMT 6\\PPL\\clone ppl\\BojongStore\\vendor\\laravel\\framework\\src\\Illuminate\\Cookie\\Middleware\\AddQueuedCookiesToResponse.php(36): Illuminate\\Pipeline\\Pipeline->Illuminate\\Pipeline\\{closure}(Object(Illuminate\\Http\\Request))
#25 D:\\SMT 6\\PPL\\clone ppl\\BojongStore\\vendor\\laravel\\framework\\src\\Illuminate\\Pipeline\\Pipeline.php(208): Illuminate\\Cookie\\Middleware\\AddQueuedCookiesToResponse->handle(Object(Illuminate\\Http\\Request), Object(Closure))
#26 D:\\SMT 6\\PPL\\clone ppl\\BojongStore\\vendor\\laravel\\framework\\src\\Illuminate\\Cookie\\Middleware\\EncryptCookies.php(74): Illuminate\\Pipeline\\Pipeline->Illuminate\\Pipeline\\{closure}(Object(Illuminate\\Http\\Request))
#27 D:\\SMT 6\\PPL\\clone ppl\\BojongStore\\vendor\\laravel\\framework\\src\\Illuminate\\Pipeline\\Pipeline.php(208): Illuminate\\Cookie\\Middleware\\EncryptCookies->handle(Object(Illuminate\\Http\\Request), Object(Closure))
#28 D:\\SMT 6\\PPL\\clone ppl\\BojongStore\\vendor\\laravel\\framework\\src\\Illuminate\\Pipeline\\Pipeline.php(126): Illuminate\\Pipeline\\Pipeline->Illuminate\\Pipeline\\{closure}(Object(Illuminate\\Http\\Request))
#29 D:\\SMT 6\\PPL\\clone ppl\\BojongStore\\vendor\\laravel\\framework\\src\\Illuminate\\Routing\\Router.php(807): Illuminate\\Pipeline\\Pipeline->then(Object(Closure))
#30 D:\\SMT 6\\PPL\\clone ppl\\BojongStore\\vendor\\laravel\\framework\\src\\Illuminate\\Routing\\Router.php(786): Illuminate\\Routing\\Router->runRouteWithinStack(Object(Illuminate\\Routing\\Route), Object(Illuminate\\Http\\Request))
#31 D:\\SMT 6\\PPL\\clone ppl\\BojongStore\\vendor\\laravel\\framework\\src\\Illuminate\\Routing\\Router.php(750): Illuminate\\Routing\\Router->runRoute(Object(Illuminate\\Http\\Request), Object(Illuminate\\Routing\\Route))
#32 D:\\SMT 6\\PPL\\clone ppl\\BojongStore\\vendor\\laravel\\framework\\src\\Illuminate\\Routing\\Router.php(739): Illuminate\\Routing\\Router->dispatchToRoute(Object(Illuminate\\Http\\Request))
#33 D:\\SMT 6\\PPL\\clone ppl\\BojongStore\\vendor\\laravel\\framework\\src\\Illuminate\\Foundation\\Http\\Kernel.php(200): Illuminate\\Routing\\Router->dispatch(Object(Illuminate\\Http\\Request))
#34 D:\\SMT 6\\PPL\\clone ppl\\BojongStore\\vendor\\laravel\\framework\\src\\Illuminate\\Pipeline\\Pipeline.php(169): Illuminate\\Foundation\\Http\\Kernel->Illuminate\\Foundation\\Http\\{closure}(Object(Illuminate\\Http\\Request))
#35 D:\\SMT 6\\PPL\\clone ppl\\BojongStore\\vendor\\laravel\\framework\\src\\Illuminate\\Foundation\\Http\\Middleware\\TransformsRequest.php(21): Illuminate\\Pipeline\\Pipeline->Illuminate\\Pipeline\\{closure}(Object(Illuminate\\Http\\Request))
#36 D:\\SMT 6\\PPL\\clone ppl\\BojongStore\\vendor\\laravel\\framework\\src\\Illuminate\\Foundation\\Http\\Middleware\\ConvertEmptyStringsToNull.php(31): Illuminate\\Foundation\\Http\\Middleware\\TransformsRequest->handle(Object(Illuminate\\Http\\Request), Object(Closure))
#37 D:\\SMT 6\\PPL\\clone ppl\\BojongStore\\vendor\\laravel\\framework\\src\\Illuminate\\Pipeline\\Pipeline.php(208): Illuminate\\Foundation\\Http\\Middleware\\ConvertEmptyStringsToNull->handle(Object(Illuminate\\Http\\Request), Object(Closure))
#38 D:\\SMT 6\\PPL\\clone ppl\\BojongStore\\vendor\\laravel\\framework\\src\\Illuminate\\Foundation\\Http\\Middleware\\TransformsRequest.php(21): Illuminate\\Pipeline\\Pipeline->Illuminate\\Pipeline\\{closure}(Object(Illuminate\\Http\\Request))
#39 D:\\SMT 6\\PPL\\clone ppl\\BojongStore\\vendor\\laravel\\framework\\src\\Illuminate\\Foundation\\Http\\Middleware\\TrimStrings.php(51): Illuminate\\Foundation\\Http\\Middleware\\TransformsRequest->handle(Object(Illuminate\\Http\\Request), Object(Closure))
#40 D:\\SMT 6\\PPL\\clone ppl\\BojongStore\\vendor\\laravel\\framework\\src\\Illuminate\\Pipeline\\Pipeline.php(208): Illuminate\\Foundation\\Http\\Middleware\\TrimStrings->handle(Object(Illuminate\\Http\\Request), Object(Closure))
#41 D:\\SMT 6\\PPL\\clone ppl\\BojongStore\\vendor\\laravel\\framework\\src\\Illuminate\\Http\\Middleware\\ValidatePostSize.php(27): Illuminate\\Pipeline\\Pipeline->Illuminate\\Pipeline\\{closure}(Object(Illuminate\\Http\\Request))
#42 D:\\SMT 6\\PPL\\clone ppl\\BojongStore\\vendor\\laravel\\framework\\src\\Illuminate\\Pipeline\\Pipeline.php(208): Illuminate\\Http\\Middleware\\ValidatePostSize->handle(Object(Illuminate\\Http\\Request), Object(Closure))
#43 D:\\SMT 6\\PPL\\clone ppl\\BojongStore\\vendor\\laravel\\framework\\src\\Illuminate\\Foundation\\Http\\Middleware\\PreventRequestsDuringMaintenance.php(109): Illuminate\\Pipeline\\Pipeline->Illuminate\\Pipeline\\{closure}(Object(Illuminate\\Http\\Request))
#44 D:\\SMT 6\\PPL\\clone ppl\\BojongStore\\vendor\\laravel\\framework\\src\\Illuminate\\Pipeline\\Pipeline.php(208): Illuminate\\Foundation\\Http\\Middleware\\PreventRequestsDuringMaintenance->handle(Object(Illuminate\\Http\\Request), Object(Closure))
#45 D:\\SMT 6\\PPL\\clone ppl\\BojongStore\\vendor\\laravel\\framework\\src\\Illuminate\\Http\\Middleware\\HandleCors.php(48): Illuminate\\Pipeline\\Pipeline->Illuminate\\Pipeline\\{closure}(Object(Illuminate\\Http\\Request))
#46 D:\\SMT 6\\PPL\\clone ppl\\BojongStore\\vendor\\laravel\\framework\\src\\Illuminate\\Pipeline\\Pipeline.php(208): Illuminate\\Http\\Middleware\\HandleCors->handle(Object(Illuminate\\Http\\Request), Object(Closure))
#47 D:\\SMT 6\\PPL\\clone ppl\\BojongStore\\vendor\\laravel\\framework\\src\\Illuminate\\Http\\Middleware\\TrustProxies.php(58): Illuminate\\Pipeline\\Pipeline->Illuminate\\Pipeline\\{closure}(Object(Illuminate\\Http\\Request))
#48 D:\\SMT 6\\PPL\\clone ppl\\BojongStore\\vendor\\laravel\\framework\\src\\Illuminate\\Pipeline\\Pipeline.php(208): Illuminate\\Http\\Middleware\\TrustProxies->handle(Object(Illuminate\\Http\\Request), Object(Closure))
#49 D:\\SMT 6\\PPL\\clone ppl\\BojongStore\\vendor\\laravel\\framework\\src\\Illuminate\\Foundation\\Http\\Middleware\\InvokeDeferredCallbacks.php(22): Illuminate\\Pipeline\\Pipeline->Illuminate\\Pipeline\\{closure}(Object(Illuminate\\Http\\Request))
#50 D:\\SMT 6\\PPL\\clone ppl\\BojongStore\\vendor\\laravel\\framework\\src\\Illuminate\\Pipeline\\Pipeline.php(208): Illuminate\\Foundation\\Http\\Middleware\\InvokeDeferredCallbacks->handle(Object(Illuminate\\Http\\Request), Object(Closure))
#51 D:\\SMT 6\\PPL\\clone ppl\\BojongStore\\vendor\\laravel\\framework\\src\\Illuminate\\Http\\Middleware\\ValidatePathEncoding.php(26): Illuminate\\Pipeline\\Pipeline->Illuminate\\Pipeline\\{closure}(Object(Illuminate\\Http\\Request))
#52 D:\\SMT 6\\PPL\\clone ppl\\BojongStore\\vendor\\laravel\\framework\\src\\Illuminate\\Pipeline\\Pipeline.php(208): Illuminate\\Http\\Middleware\\ValidatePathEncoding->handle(Object(Illuminate\\Http\\Request), Object(Closure))
#53 D:\\SMT 6\\PPL\\clone ppl\\BojongStore\\vendor\\laravel\\framework\\src\\Illuminate\\Pipeline\\Pipeline.php(126): Illuminate\\Pipeline\\Pipeline->Illuminate\\Pipeline\\{closure}(Object(Illuminate\\Http\\Request))
#54 D:\\SMT 6\\PPL\\clone ppl\\BojongStore\\vendor\\laravel\\framework\\src\\Illuminate\\Foundation\\Http\\Kernel.php(175): Illuminate\\Pipeline\\Pipeline->then(Object(Closure))
#55 D:\\SMT 6\\PPL\\clone ppl\\BojongStore\\vendor\\laravel\\framework\\src\\Illuminate\\Foundation\\Http\\Kernel.php(144): Illuminate\\Foundation\\Http\\Kernel->sendRequestThroughRouter(Object(Illuminate\\Http\\Request))
#56 D:\\SMT 6\\PPL\\clone ppl\\BojongStore\\vendor\\laravel\\framework\\src\\Illuminate\\Foundation\\Testing\\Concerns\\MakesHttpRequests.php(607): Illuminate\\Foundation\\Http\\Kernel->handle(Object(Illuminate\\Http\\Request))
#57 D:\\SMT 6\\PPL\\clone ppl\\BojongStore\\vendor\\laravel\\framework\\src\\Illuminate\\Foundation\\Testing\\Concerns\\MakesHttpRequests.php(368): Illuminate\\Foundation\\Testing\\TestCase->call('GET', '/confirm-passwo...', Array, Array, Array, Array)
#58 D:\\SMT 6\\PPL\\clone ppl\\BojongStore\\tests\\Feature\\Auth\\PasswordConfirmationTest.php(17): Illuminate\\Foundation\\Testing\\TestCase->get('/confirm-passwo...')
#59 D:\\SMT 6\\PPL\\clone ppl\\BojongStore\\vendor\\phpunit\\phpunit\\src\\Framework\\TestCase.php(1656): Tests\\Feature\\Auth\\PasswordConfirmationTest->test_confirm_password_screen_can_be_rendered()
#60 D:\\SMT 6\\PPL\\clone ppl\\BojongStore\\vendor\\phpunit\\phpunit\\src\\Framework\\TestCase.php(514): PHPUnit\\Framework\\TestCase->runTest()
#61 D:\\SMT 6\\PPL\\clone ppl\\BojongStore\\vendor\\phpunit\\phpunit\\src\\Framework\\TestRunner\\TestRunner.php(87): PHPUnit\\Framework\\TestCase->runBare()
#62 D:\\SMT 6\\PPL\\clone ppl\\BojongStore\\vendor\\phpunit\\phpunit\\src\\Framework\\TestCase.php(361): PHPUnit\\Framework\\TestRunner->run(Object(Tests\\Feature\\Auth\\PasswordConfirmationTest))
#63 D:\\SMT 6\\PPL\\clone ppl\\BojongStore\\vendor\\phpunit\\phpunit\\src\\Framework\\TestSuite.php(369): PHPUnit\\Framework\\TestCase->run()
#64 D:\\SMT 6\\PPL\\clone ppl\\BojongStore\\vendor\\phpunit\\phpunit\\src\\Framework\\TestSuite.php(369): PHPUnit\\Framework\\TestSuite->run()
#65 D:\\SMT 6\\PPL\\clone ppl\\BojongStore\\vendor\\phpunit\\phpunit\\src\\Framework\\TestSuite.php(369): PHPUnit\\Framework\\TestSuite->run()
#66 D:\\SMT 6\\PPL\\clone ppl\\BojongStore\\vendor\\phpunit\\phpunit\\src\\TextUI\\TestRunner.php(64): PHPUnit\\Framework\\TestSuite->run()
#67 D:\\SMT 6\\PPL\\clone ppl\\BojongStore\\vendor\\phpunit\\phpunit\\src\\TextUI\\Application.php(210): PHPUnit\\TextUI\\TestRunner->run(Object(PHPUnit\\TextUI\\Configuration\\Configuration), Object(PHPUnit\\Runner\\ResultCache\\DefaultResultCache), Object(PHPUnit\\Framework\\TestSuite))
#68 D:\\SMT 6\\PPL\\clone ppl\\BojongStore\\vendor\\phpunit\\phpunit\\phpunit(104): PHPUnit\\TextUI\\Application->run(Array)
#69 {main}

[previous exception] [object] (InvalidArgumentException(code: 0): View [layouts.guest] not found. at D:\\SMT 6\\PPL\\clone ppl\\BojongStore\\vendor\\laravel\\framework\\src\\Illuminate\\View\\FileViewFinder.php:138)
[stacktrace]
#0 D:\\SMT 6\\PPL\\clone ppl\\BojongStore\\vendor\\laravel\\framework\\src\\Illuminate\\View\\FileViewFinder.php(78): Illuminate\\View\\FileViewFinder->findInPaths('layouts.guest', Array)
#1 D:\\SMT 6\\PPL\\clone ppl\\BojongStore\\vendor\\laravel\\framework\\src\\Illuminate\\View\\Factory.php(150): Illuminate\\View\\FileViewFinder->find('layouts.guest')
#2 D:\\SMT 6\\PPL\\clone ppl\\BojongStore\\vendor\\laravel\\framework\\src\\Illuminate\\Foundation\\helpers.php(1079): Illuminate\\View\\Factory->make('layouts.guest', Array, Array)
#3 D:\\SMT 6\\PPL\\clone ppl\\BojongStore\\app\\View\\Components\\GuestLayout.php(15): view('layouts.guest')
#4 D:\\SMT 6\\PPL\\clone ppl\\BojongStore\\vendor\\laravel\\framework\\src\\Illuminate\\View\\Component.php(143): App\\View\\Components\\GuestLayout->render()
#5 D:\\SMT 6\\PPL\\clone ppl\\BojongStore\\storage\\framework\\views\\04ea1f0095aa9fd321769b3a858e6ae8.php(6): Illuminate\\View\\Component->resolveView()
#6 D:\\SMT 6\\PPL\\clone ppl\\BojongStore\\vendor\\laravel\\framework\\src\\Illuminate\\Filesystem\\Filesystem.php(123): require('D:\\\\SMT 6\\\\PPL\\\\cl...')
#7 D:\\SMT 6\\PPL\\clone ppl\\BojongStore\\vendor\\laravel\\framework\\src\\Illuminate\\Filesystem\\Filesystem.php(124): Illuminate\\Filesystem\\Filesystem::Illuminate\\Filesystem\\{closure}()
#8 D:\\SMT 6\\PPL\\clone ppl\\BojongStore\\vendor\\laravel\\framework\\src\\Illuminate\\View\\Engines\\PhpEngine.php(57): Illuminate\\Filesystem\\Filesystem->getRequire('D:\\\\SMT 6\\\\PPL\\\\cl...', Array)
#9 D:\\SMT 6\\PPL\\clone ppl\\BojongStore\\vendor\\laravel\\framework\\src\\Illuminate\\View\\Engines\\CompilerEngine.php(74): Illuminate\\View\\Engines\\PhpEngine->evaluatePath('D:\\\\SMT 6\\\\PPL\\\\cl...', Array)
#10 D:\\SMT 6\\PPL\\clone ppl\\BojongStore\\vendor\\laravel\\framework\\src\\Illuminate\\View\\View.php(208): Illuminate\\View\\Engines\\CompilerEngine->get('D:\\\\SMT 6\\\\PPL\\\\cl...', Array)
#11 D:\\SMT 6\\PPL\\clone ppl\\BojongStore\\vendor\\laravel\\framework\\src\\Illuminate\\View\\View.php(191): Illuminate\\View\\View->getContents()
#12 D:\\SMT 6\\PPL\\clone ppl\\BojongStore\\vendor\\laravel\\framework\\src\\Illuminate\\View\\View.php(160): Illuminate\\View\\View->renderContents()
#13 D:\\SMT 6\\PPL\\clone ppl\\BojongStore\\vendor\\laravel\\framework\\src\\Illuminate\\Http\\Response.php(78): Illuminate\\View\\View->render()
#14 D:\\SMT 6\\PPL\\clone ppl\\BojongStore\\vendor\\laravel\\framework\\src\\Illuminate\\Http\\Response.php(34): Illuminate\\Http\\Response->setContent(Object(Illuminate\\View\\View))
#15 D:\\SMT 6\\PPL\\clone ppl\\BojongStore\\vendor\\laravel\\framework\\src\\Illuminate\\Routing\\Router.php(924): Illuminate\\Http\\Response->__construct(Object(Illuminate\\View\\View), 200, Array)
#16 D:\\SMT 6\\PPL\\clone ppl\\BojongStore\\vendor\\laravel\\framework\\src\\Illuminate\\Routing\\Router.php(891): Illuminate\\Routing\\Router::toResponse(Object(Illuminate\\Http\\Request), Object(Illuminate\\View\\View))
#17 D:\\SMT 6\\PPL\\clone ppl\\BojongStore\\vendor\\laravel\\framework\\src\\Illuminate\\Routing\\Router.php(807): Illuminate\\Routing\\Router->prepareResponse(Object(Illuminate\\Http\\Request), Object(Illuminate\\View\\View))
#18 D:\\SMT 6\\PPL\\clone ppl\\BojongStore\\vendor\\laravel\\framework\\src\\Illuminate\\Pipeline\\Pipeline.php(169): Illuminate\\Routing\\Router->Illuminate\\Routing\\{closure}(Object(Illuminate\\Http\\Request))
#19 D:\\SMT 6\\PPL\\clone ppl\\BojongStore\\app\\Http\\Middleware\\LogVisitor.php(36): Illuminate\\Pipeline\\Pipeline->Illuminate\\Pipeline\\{closure}(Object(Illuminate\\Http\\Request))
#20 D:\\SMT 6\\PPL\\clone ppl\\BojongStore\\vendor\\laravel\\framework\\src\\Illuminate\\Pipeline\\Pipeline.php(208): App\\Http\\Middleware\\LogVisitor->handle(Object(Illuminate\\Http\\Request), Object(Closure))
#21 D:\\SMT 6\\PPL\\clone ppl\\BojongStore\\vendor\\laravel\\framework\\src\\Illuminate\\Routing\\Middleware\\SubstituteBindings.php(50): Illuminate\\Pipeline\\Pipeline->Illuminate\\Pipeline\\{closure}(Object(Illuminate\\Http\\Request))
#22 D:\\SMT 6\\PPL\\clone ppl\\BojongStore\\vendor\\laravel\\framework\\src\\Illuminate\\Pipeline\\Pipeline.php(208): Illuminate\\Routing\\Middleware\\SubstituteBindings->handle(Object(Illuminate\\Http\\Request), Object(Closure))
#23 D:\\SMT 6\\PPL\\clone ppl\\BojongStore\\vendor\\laravel\\framework\\src\\Illuminate\\Auth\\Middleware\\Authenticate.php(63): Illuminate\\Pipeline\\Pipeline->Illuminate\\Pipeline\\{closure}(Object(Illuminate\\Http\\Request))
#24 D:\\SMT 6\\PPL\\clone ppl\\BojongStore\\vendor\\laravel\\framework\\src\\Illuminate\\Pipeline\\Pipeline.php(208): Illuminate\\Auth\\Middleware\\Authenticate->handle(Object(Illuminate\\Http\\Request), Object(Closure))
#25 D:\\SMT 6\\PPL\\clone ppl\\BojongStore\\vendor\\laravel\\framework\\src\\Illuminate\\Foundation\\Http\\Middleware\\VerifyCsrfToken.php(87): Illuminate\\Pipeline\\Pipeline->Illuminate\\Pipeline\\{closure}(Object(Illuminate\\Http\\Request))
#26 D:\\SMT 6\\PPL\\clone ppl\\BojongStore\\vendor\\laravel\\framework\\src\\Illuminate\\Pipeline\\Pipeline.php(208): Illuminate\\Foundation\\Http\\Middleware\\VerifyCsrfToken->handle(Object(Illuminate\\Http\\Request), Object(Closure))
#27 D:\\SMT 6\\PPL\\clone ppl\\BojongStore\\vendor\\laravel\\framework\\src\\Illuminate\\View\\Middleware\\ShareErrorsFromSession.php(48): Illuminate\\Pipeline\\Pipeline->Illuminate\\Pipeline\\{closure}(Object(Illuminate\\Http\\Request))
#28 D:\\SMT 6\\PPL\\clone ppl\\BojongStore\\vendor\\laravel\\framework\\src\\Illuminate\\Pipeline\\Pipeline.php(208): Illuminate\\View\\Middleware\\ShareErrorsFromSession->handle(Object(Illuminate\\Http\\Request), Object(Closure))
#29 D:\\SMT 6\\PPL\\clone ppl\\BojongStore\\vendor\\laravel\\framework\\src\\Illuminate\\Session\\Middleware\\StartSession.php(120): Illuminate\\Pipeline\\Pipeline->Illuminate\\Pipeline\\{closure}(Object(Illuminate\\Http\\Request))
#30 D:\\SMT 6\\PPL\\clone ppl\\BojongStore\\vendor\\laravel\\framework\\src\\Illuminate\\Session\\Middleware\\StartSession.php(63): Illuminate\\Session\\Middleware\\StartSession->handleStatefulRequest(Object(Illuminate\\Http\\Request), Object(Illuminate\\Session\\Store), Object(Closure))
#31 D:\\SMT 6\\PPL\\clone ppl\\BojongStore\\vendor\\laravel\\framework\\src\\Illuminate\\Pipeline\\Pipeline.php(208): Illuminate\\Session\\Middleware\\StartSession->handle(Object(Illuminate\\Http\\Request), Object(Closure))
#32 D:\\SMT 6\\PPL\\clone ppl\\BojongStore\\vendor\\laravel\\framework\\src\\Illuminate\\Cookie\\Middleware\\AddQueuedCookiesToResponse.php(36): Illuminate\\Pipeline\\Pipeline->Illuminate\\Pipeline\\{closure}(Object(Illuminate\\Http\\Request))
#33 D:\\SMT 6\\PPL\\clone ppl\\BojongStore\\vendor\\laravel\\framework\\src\\Illuminate\\Pipeline\\Pipeline.php(208): Illuminate\\Cookie\\Middleware\\AddQueuedCookiesToResponse->handle(Object(Illuminate\\Http\\Request), Object(Closure))
#34 D:\\SMT 6\\PPL\\clone ppl\\BojongStore\\vendor\\laravel\\framework\\src\\Illuminate\\Cookie\\Middleware\\EncryptCookies.php(74): Illuminate\\Pipeline\\Pipeline->Illuminate\\Pipeline\\{closure}(Object(Illuminate\\Http\\Request))
#35 D:\\SMT 6\\PPL\\clone ppl\\BojongStore\\vendor\\laravel\\framework\\src\\Illuminate\\Pipeline\\Pipeline.php(208): Illuminate\\Cookie\\Middleware\\EncryptCookies->handle(Object(Illuminate\\Http\\Request), Object(Closure))
#36 D:\\SMT 6\\PPL\\clone ppl\\BojongStore\\vendor\\laravel\\framework\\src\\Illuminate\\Pipeline\\Pipeline.php(126): Illuminate\\Pipeline\\Pipeline->Illuminate\\Pipeline\\{closure}(Object(Illuminate\\Http\\Request))
#37 D:\\SMT 6\\PPL\\clone ppl\\BojongStore\\vendor\\laravel\\framework\\src\\Illuminate\\Routing\\Router.php(807): Illuminate\\Pipeline\\Pipeline->then(Object(Closure))
#38 D:\\SMT 6\\PPL\\clone ppl\\BojongStore\\vendor\\laravel\\framework\\src\\Illuminate\\Routing\\Router.php(786): Illuminate\\Routing\\Router->runRouteWithinStack(Object(Illuminate\\Routing\\Route), Object(Illuminate\\Http\\Request))
#39 D:\\SMT 6\\PPL\\clone ppl\\BojongStore\\vendor\\laravel\\framework\\src\\Illuminate\\Routing\\Router.php(750): Illuminate\\Routing\\Router->runRoute(Object(Illuminate\\Http\\Request), Object(Illuminate\\Routing\\Route))
#40 D:\\SMT 6\\PPL\\clone ppl\\BojongStore\\vendor\\laravel\\framework\\src\\Illuminate\\Routing\\Router.php(739): Illuminate\\Routing\\Router->dispatchToRoute(Object(Illuminate\\Http\\Request))
#41 D:\\SMT 6\\PPL\\clone ppl\\BojongStore\\vendor\\laravel\\framework\\src\\Illuminate\\Foundation\\Http\\Kernel.php(200): Illuminate\\Routing\\Router->dispatch(Object(Illuminate\\Http\\Request))
#42 D:\\SMT 6\\PPL\\clone ppl\\BojongStore\\vendor\\laravel\\framework\\src\\Illuminate\\Pipeline\\Pipeline.php(169): Illuminate\\Foundation\\Http\\Kernel->Illuminate\\Foundation\\Http\\{closure}(Object(Illuminate\\Http\\Request))
#43 D:\\SMT 6\\PPL\\clone ppl\\BojongStore\\vendor\\laravel\\framework\\src\\Illuminate\\Foundation\\Http\\Middleware\\TransformsRequest.php(21): Illuminate\\Pipeline\\Pipeline->Illuminate\\Pipeline\\{closure}(Object(Illuminate\\Http\\Request))
#44 D:\\SMT 6\\PPL\\clone ppl\\BojongStore\\vendor\\laravel\\framework\\src\\Illuminate\\Foundation\\Http\\Middleware\\ConvertEmptyStringsToNull.php(31): Illuminate\\Foundation\\Http\\Middleware\\TransformsRequest->handle(Object(Illuminate\\Http\\Request), Object(Closure))
#45 D:\\SMT 6\\PPL\\clone ppl\\BojongStore\\vendor\\laravel\\framework\\src\\Illuminate\\Pipeline\\Pipeline.php(208): Illuminate\\Foundation\\Http\\Middleware\\ConvertEmptyStringsToNull->handle(Object(Illuminate\\Http\\Request), Object(Closure))
#46 D:\\SMT 6\\PPL\\clone ppl\\BojongStore\\vendor\\laravel\\framework\\src\\Illuminate\\Foundation\\Http\\Middleware\\TransformsRequest.php(21): Illuminate\\Pipeline\\Pipeline->Illuminate\\Pipeline\\{closure}(Object(Illuminate\\Http\\Request))
#47 D:\\SMT 6\\PPL\\clone ppl\\BojongStore\\vendor\\laravel\\framework\\src\\Illuminate\\Foundation\\Http\\Middleware\\TrimStrings.php(51): Illuminate\\Foundation\\Http\\Middleware\\TransformsRequest->handle(Object(Illuminate\\Http\\Request), Object(Closure))
#48 D:\\SMT 6\\PPL\\clone ppl\\BojongStore\\vendor\\laravel\\framework\\src\\Illuminate\\Pipeline\\Pipeline.php(208): Illuminate\\Foundation\\Http\\Middleware\\TrimStrings->handle(Object(Illuminate\\Http\\Request), Object(Closure))
#49 D:\\SMT 6\\PPL\\clone ppl\\BojongStore\\vendor\\laravel\\framework\\src\\Illuminate\\Http\\Middleware\\ValidatePostSize.php(27): Illuminate\\Pipeline\\Pipeline->Illuminate\\Pipeline\\{closure}(Object(Illuminate\\Http\\Request))
#50 D:\\SMT 6\\PPL\\clone ppl\\BojongStore\\vendor\\laravel\\framework\\src\\Illuminate\\Pipeline\\Pipeline.php(208): Illuminate\\Http\\Middleware\\ValidatePostSize->handle(Object(Illuminate\\Http\\Request), Object(Closure))
#51 D:\\SMT 6\\PPL\\clone ppl\\BojongStore\\vendor\\laravel\\framework\\src\\Illuminate\\Foundation\\Http\\Middleware\\PreventRequestsDuringMaintenance.php(109): Illuminate\\Pipeline\\Pipeline->Illuminate\\Pipeline\\{closure}(Object(Illuminate\\Http\\Request))
#52 D:\\SMT 6\\PPL\\clone ppl\\BojongStore\\vendor\\laravel\\framework\\src\\Illuminate\\Pipeline\\Pipeline.php(208): Illuminate\\Foundation\\Http\\Middleware\\PreventRequestsDuringMaintenance->handle(Object(Illuminate\\Http\\Request), Object(Closure))
#53 D:\\SMT 6\\PPL\\clone ppl\\BojongStore\\vendor\\laravel\\framework\\src\\Illuminate\\Http\\Middleware\\HandleCors.php(48): Illuminate\\Pipeline\\Pipeline->Illuminate\\Pipeline\\{closure}(Object(Illuminate\\Http\\Request))
#54 D:\\SMT 6\\PPL\\clone ppl\\BojongStore\\vendor\\laravel\\framework\\src\\Illuminate\\Pipeline\\Pipeline.php(208): Illuminate\\Http\\Middleware\\HandleCors->handle(Object(Illuminate\\Http\\Request), Object(Closure))
#55 D:\\SMT 6\\PPL\\clone ppl\\BojongStore\\vendor\\laravel\\framework\\src\\Illuminate\\Http\\Middleware\\TrustProxies.php(58): Illuminate\\Pipeline\\Pipeline->Illuminate\\Pipeline\\{closure}(Object(Illuminate\\Http\\Request))
#56 D:\\SMT 6\\PPL\\clone ppl\\BojongStore\\vendor\\laravel\\framework\\src\\Illuminate\\Pipeline\\Pipeline.php(208): Illuminate\\Http\\Middleware\\TrustProxies->handle(Object(Illuminate\\Http\\Request), Object(Closure))
#57 D:\\SMT 6\\PPL\\clone ppl\\BojongStore\\vendor\\laravel\\framework\\src\\Illuminate\\Foundation\\Http\\Middleware\\InvokeDeferredCallbacks.php(22): Illuminate\\Pipeline\\Pipeline->Illuminate\\Pipeline\\{closure}(Object(Illuminate\\Http\\Request))
#58 D:\\SMT 6\\PPL\\clone ppl\\BojongStore\\vendor\\laravel\\framework\\src\\Illuminate\\Pipeline\\Pipeline.php(208): Illuminate\\Foundation\\Http\\Middleware\\InvokeDeferredCallbacks->handle(Object(Illuminate\\Http\\Request), Object(Closure))
#59 D:\\SMT 6\\PPL\\clone ppl\\BojongStore\\vendor\\laravel\\framework\\src\\Illuminate\\Http\\Middleware\\ValidatePathEncoding.php(26): Illuminate\\Pipeline\\Pipeline->Illuminate\\Pipeline\\{closure}(Object(Illuminate\\Http\\Request))
#60 D:\\SMT 6\\PPL\\clone ppl\\BojongStore\\vendor\\laravel\\framework\\src\\Illuminate\\Pipeline\\Pipeline.php(208): Illuminate\\Http\\Middleware\\ValidatePathEncoding->handle(Object(Illuminate\\Http\\Request), Object(Closure))
#61 D:\\SMT 6\\PPL\\clone ppl\\BojongStore\\vendor\\laravel\\framework\\src\\Illuminate\\Pipeline\\Pipeline.php(126): Illuminate\\Pipeline\\Pipeline->Illuminate\\Pipeline\\{closure}(Object(Illuminate\\Http\\Request))
#62 D:\\SMT 6\\PPL\\clone ppl\\BojongStore\\vendor\\laravel\\framework\\src\\Illuminate\\Foundation\\Http\\Kernel.php(175): Illuminate\\Pipeline\\Pipeline->then(Object(Closure))
#63 D:\\SMT 6\\PPL\\clone ppl\\BojongStore\\vendor\\laravel\\framework\\src\\Illuminate\\Foundation\\Http\\Kernel.php(144): Illuminate\\Foundation\\Http\\Kernel->sendRequestThroughRouter(Object(Illuminate\\Http\\Request))
#64 D:\\SMT 6\\PPL\\clone ppl\\BojongStore\\vendor\\laravel\\framework\\src\\Illuminate\\Foundation\\Testing\\Concerns\\MakesHttpRequests.php(607): Illuminate\\Foundation\\Http\\Kernel->handle(Object(Illuminate\\Http\\Request))
#65 D:\\SMT 6\\PPL\\clone ppl\\BojongStore\\vendor\\laravel\\framework\\src\\Illuminate\\Foundation\\Testing\\Concerns\\MakesHttpRequests.php(368): Illuminate\\Foundation\\Testing\\TestCase->call('GET', '/confirm-passwo...', Array, Array, Array, Array)
#66 D:\\SMT 6\\PPL\\clone ppl\\BojongStore\\tests\\Feature\\Auth\\PasswordConfirmationTest.php(17): Illuminate\\Foundation\\Testing\\TestCase->get('/confirm-passwo...')
#67 D:\\SMT 6\\PPL\\clone ppl\\BojongStore\\vendor\\phpunit\\phpunit\\src\\Framework\\TestCase.php(1656): Tests\\Feature\\Auth\\PasswordConfirmationTest->test_confirm_password_screen_can_be_rendered()
#68 D:\\SMT 6\\PPL\\clone ppl\\BojongStore\\vendor\\phpunit\\phpunit\\src\\Framework\\TestCase.php(514): PHPUnit\\Framework\\TestCase->runTest()
#69 D:\\SMT 6\\PPL\\clone ppl\\BojongStore\\vendor\\phpunit\\phpunit\\src\\Framework\\TestRunner\\TestRunner.php(87): PHPUnit\\Framework\\TestCase->runBare()
#70 D:\\SMT 6\\PPL\\clone ppl\\BojongStore\\vendor\\phpunit\\phpunit\\src\\Framework\\TestCase.php(361): PHPUnit\\Framework\\TestRunner->run(Object(Tests\\Feature\\Auth\\PasswordConfirmationTest))
#71 D:\\SMT 6\\PPL\\clone ppl\\BojongStore\\vendor\\phpunit\\phpunit\\src\\Framework\\TestSuite.php(369): PHPUnit\\Framework\\TestCase->run()
#72 D:\\SMT 6\\PPL\\clone ppl\\BojongStore\\vendor\\phpunit\\phpunit\\src\\Framework\\TestSuite.php(369): PHPUnit\\Framework\\TestSuite->run()
#73 D:\\SMT 6\\PPL\\clone ppl\\BojongStore\\vendor\\phpunit\\phpunit\\src\\Framework\\TestSuite.php(369): PHPUnit\\Framework\\TestSuite->run()
#74 D:\\SMT 6\\PPL\\clone ppl\\BojongStore\\vendor\\phpunit\\phpunit\\src\\TextUI\\TestRunner.php(64): PHPUnit\\Framework\\TestSuite->run()
#75 D:\\SMT 6\\PPL\\clone ppl\\BojongStore\\vendor\\phpunit\\phpunit\\src\\TextUI\\Application.php(210): PHPUnit\\TextUI\\TestRunner->run(Object(PHPUnit\\TextUI\\Configuration\\Configuration), Object(PHPUnit\\Runner\\ResultCache\\DefaultResultCache), Object(PHPUnit\\Framework\\TestSuite))
#76 D:\\SMT 6\\PPL\\clone ppl\\BojongStore\\vendor\\phpunit\\phpunit\\phpunit(104): PHPUnit\\TextUI\\Application->run(Array)
#77 {main}
"} 
[2026-06-03 10:48:45] testing.ERROR: Route [dashboard] not defined. {"userId":1,"exception":"[object] (Symfony\\Component\\Routing\\Exception\\RouteNotFoundException(code: 0): Route [dashboard] not defined. at D:\\SMT 6\\PPL\\clone ppl\\BojongStore\\vendor\\laravel\\framework\\src\\Illuminate\\Routing\\UrlGenerator.php:526)
[stacktrace]
#0 D:\\SMT 6\\PPL\\clone ppl\\BojongStore\\vendor\\laravel\\framework\\src\\Illuminate\\Foundation\\helpers.php(856): Illuminate\\Routing\\UrlGenerator->route('dashboard', Array, false)
#1 D:\\SMT 6\\PPL\\clone ppl\\BojongStore\\app\\Http\\Controllers\\Auth\\ConfirmablePasswordController.php(38): route('dashboard', Array, false)
#2 D:\\SMT 6\\PPL\\clone ppl\\BojongStore\\vendor\\laravel\\framework\\src\\Illuminate\\Routing\\ControllerDispatcher.php(46): App\\Http\\Controllers\\Auth\\ConfirmablePasswordController->store(Object(Illuminate\\Http\\Request))
#3 D:\\SMT 6\\PPL\\clone ppl\\BojongStore\\vendor\\laravel\\framework\\src\\Illuminate\\Routing\\Route.php(265): Illuminate\\Routing\\ControllerDispatcher->dispatch(Object(Illuminate\\Routing\\Route), Object(App\\Http\\Controllers\\Auth\\ConfirmablePasswordController), 'store')
#4 D:\\SMT 6\\PPL\\clone ppl\\BojongStore\\vendor\\laravel\\framework\\src\\Illuminate\\Routing\\Route.php(211): Illuminate\\Routing\\Route->runController()
#5 D:\\SMT 6\\PPL\\clone ppl\\BojongStore\\vendor\\laravel\\framework\\src\\Illuminate\\Routing\\Router.php(808): Illuminate\\Routing\\Route->run()
#6 D:\\SMT 6\\PPL\\clone ppl\\BojongStore\\vendor\\laravel\\framework\\src\\Illuminate\\Pipeline\\Pipeline.php(169): Illuminate\\Routing\\Router->Illuminate\\Routing\\{closure}(Object(Illuminate\\Http\\Request))
#7 D:\\SMT 6\\PPL\\clone ppl\\BojongStore\\app\\Http\\Middleware\\LogVisitor.php(36): Illuminate\\Pipeline\\Pipeline->Illuminate\\Pipeline\\{closure}(Object(Illuminate\\Http\\Request))
#8 D:\\SMT 6\\PPL\\clone ppl\\BojongStore\\vendor\\laravel\\framework\\src\\Illuminate\\Pipeline\\Pipeline.php(208): App\\Http\\Middleware\\LogVisitor->handle(Object(Illuminate\\Http\\Request), Object(Closure))
#9 D:\\SMT 6\\PPL\\clone ppl\\BojongStore\\vendor\\laravel\\framework\\src\\Illuminate\\Routing\\Middleware\\SubstituteBindings.php(50): Illuminate\\Pipeline\\Pipeline->Illuminate\\Pipeline\\{closure}(Object(Illuminate\\Http\\Request))
#10 D:\\SMT 6\\PPL\\clone ppl\\BojongStore\\vendor\\laravel\\framework\\src\\Illuminate\\Pipeline\\Pipeline.php(208): Illuminate\\Routing\\Middleware\\SubstituteBindings->handle(Object(Illuminate\\Http\\Request), Object(Closure))
#11 D:\\SMT 6\\PPL\\clone ppl\\BojongStore\\vendor\\laravel\\framework\\src\\Illuminate\\Auth\\Middleware\\Authenticate.php(63): Illuminate\\Pipeline\\Pipeline->Illuminate\\Pipeline\\{closure}(Object(Illuminate\\Http\\Request))
#12 D:\\SMT 6\\PPL\\clone ppl\\BojongStore\\vendor\\laravel\\framework\\src\\Illuminate\\Pipeline\\Pipeline.php(208): Illuminate\\Auth\\Middleware\\Authenticate->handle(Object(Illuminate\\Http\\Request), Object(Closure))
#13 D:\\SMT 6\\PPL\\clone ppl\\BojongStore\\vendor\\laravel\\framework\\src\\Illuminate\\Foundation\\Http\\Middleware\\VerifyCsrfToken.php(87): Illuminate\\Pipeline\\Pipeline->Illuminate\\Pipeline\\{closure}(Object(Illuminate\\Http\\Request))
#14 D:\\SMT 6\\PPL\\clone ppl\\BojongStore\\vendor\\laravel\\framework\\src\\Illuminate\\Pipeline\\Pipeline.php(208): Illuminate\\Foundation\\Http\\Middleware\\VerifyCsrfToken->handle(Object(Illuminate\\Http\\Request), Object(Closure))
#15 D:\\SMT 6\\PPL\\clone ppl\\BojongStore\\vendor\\laravel\\framework\\src\\Illuminate\\View\\Middleware\\ShareErrorsFromSession.php(48): Illuminate\\Pipeline\\Pipeline->Illuminate\\Pipeline\\{closure}(Object(Illuminate\\Http\\Request))
#16 D:\\SMT 6\\PPL\\clone ppl\\BojongStore\\vendor\\laravel\\framework\\src\\Illuminate\\Pipeline\\Pipeline.php(208): Illuminate\\View\\Middleware\\ShareErrorsFromSession->handle(Object(Illuminate\\Http\\Request), Object(Closure))
#17 D:\\SMT 6\\PPL\\clone ppl\\BojongStore\\vendor\\laravel\\framework\\src\\Illuminate\\Session\\Middleware\\StartSession.php(120): Illuminate\\Pipeline\\Pipeline->Illuminate\\Pipeline\\{closure}(Object(Illuminate\\Http\\Request))
#18 D:\\SMT 6\\PPL\\clone ppl\\BojongStore\\vendor\\laravel\\framework\\src\\Illuminate\\Session\\Middleware\\StartSession.php(63): Illuminate\\Session\\Middleware\\StartSession->handleStatefulRequest(Object(Illuminate\\Http\\Request), Object(Illuminate\\Session\\Store), Object(Closure))
#19 D:\\SMT 6\\PPL\\clone ppl\\BojongStore\\vendor\\laravel\\framework\\src\\Illuminate\\Pipeline\\Pipeline.php(208): Illuminate\\Session\\Middleware\\StartSession->handle(Object(Illuminate\\Http\\Request), Object(Closure))
#20 D:\\SMT 6\\PPL\\clone ppl\\BojongStore\\vendor\\laravel\\framework\\src\\Illuminate\\Cookie\\Middleware\\AddQueuedCookiesToResponse.php(36): Illuminate\\Pipeline\\Pipeline->Illuminate\\Pipeline\\{closure}(Object(Illuminate\\Http\\Request))
#21 D:\\SMT 6\\PPL\\clone ppl\\BojongStore\\vendor\\laravel\\framework\\src\\Illuminate\\Pipeline\\Pipeline.php(208): Illuminate\\Cookie\\Middleware\\AddQueuedCookiesToResponse->handle(Object(Illuminate\\Http\\Request), Object(Closure))
#22 D:\\SMT 6\\PPL\\clone ppl\\BojongStore\\vendor\\laravel\\framework\\src\\Illuminate\\Cookie\\Middleware\\EncryptCookies.php(74): Illuminate\\Pipeline\\Pipeline->Illuminate\\Pipeline\\{closure}(Object(Illuminate\\Http\\Request))
#23 D:\\SMT 6\\PPL\\clone ppl\\BojongStore\\vendor\\laravel\\framework\\src\\Illuminate\\Pipeline\\Pipeline.php(208): Illuminate\\Cookie\\Middleware\\EncryptCookies->handle(Object(Illuminate\\Http\\Request), Object(Closure))
#24 D:\\SMT 6\\PPL\\clone ppl\\BojongStore\\vendor\\laravel\\framework\\src\\Illuminate\\Pipeline\\Pipeline.php(126): Illuminate\\Pipeline\\Pipeline->Illuminate\\Pipeline\\{closure}(Object(Illuminate\\Http\\Request))
#25 D:\\SMT 6\\PPL\\clone ppl\\BojongStore\\vendor\\laravel\\framework\\src\\Illuminate\\Routing\\Router.php(807): Illuminate\\Pipeline\\Pipeline->then(Object(Closure))
#26 D:\\SMT 6\\PPL\\clone ppl\\BojongStore\\vendor\\laravel\\framework\\src\\Illuminate\\Routing\\Router.php(786): Illuminate\\Routing\\Router->runRouteWithinStack(Object(Illuminate\\Routing\\Route), Object(Illuminate\\Http\\Request))
#27 D:\\SMT 6\\PPL\\clone ppl\\BojongStore\\vendor\\laravel\\framework\\src\\Illuminate\\Routing\\Router.php(750): Illuminate\\Routing\\Router->runRoute(Object(Illuminate\\Http\\Request), Object(Illuminate\\Routing\\Route))
#28 D:\\SMT 6\\PPL\\clone ppl\\BojongStore\\vendor\\laravel\\framework\\src\\Illuminate\\Routing\\Router.php(739): Illuminate\\Routing\\Router->dispatchToRoute(Object(Illuminate\\Http\\Request))
#29 D:\\SMT 6\\PPL\\clone ppl\\BojongStore\\vendor\\laravel\\framework\\src\\Illuminate\\Foundation\\Http\\Kernel.php(200): Illuminate\\Routing\\Router->dispatch(Object(Illuminate\\Http\\Request))
#30 D:\\SMT 6\\PPL\\clone ppl\\BojongStore\\vendor\\laravel\\framework\\src\\Illuminate\\Pipeline\\Pipeline.php(169): Illuminate\\Foundation\\Http\\Kernel->Illuminate\\Foundation\\Http\\{closure}(Object(Illuminate\\Http\\Request))
#31 D:\\SMT 6\\PPL\\clone ppl\\BojongStore\\vendor\\laravel\\framework\\src\\Illuminate\\Foundation\\Http\\Middleware\\TransformsRequest.php(21): Illuminate\\Pipeline\\Pipeline->Illuminate\\Pipeline\\{closure}(Object(Illuminate\\Http\\Request))
#32 D:\\SMT 6\\PPL\\clone ppl\\BojongStore\\vendor\\laravel\\framework\\src\\Illuminate\\Foundation\\Http\\Middleware\\ConvertEmptyStringsToNull.php(31): Illuminate\\Foundation\\Http\\Middleware\\TransformsRequest->handle(Object(Illuminate\\Http\\Request), Object(Closure))
#33 D:\\SMT 6\\PPL\\clone ppl\\BojongStore\\vendor\\laravel\\framework\\src\\Illuminate\\Pipeline\\Pipeline.php(208): Illuminate\\Foundation\\Http\\Middleware\\ConvertEmptyStringsToNull->handle(Object(Illuminate\\Http\\Request), Object(Closure))
#34 D:\\SMT 6\\PPL\\clone ppl\\BojongStore\\vendor\\laravel\\framework\\src\\Illuminate\\Foundation\\Http\\Middleware\\TransformsRequest.php(21): Illuminate\\Pipeline\\Pipeline->Illuminate\\Pipeline\\{closure}(Object(Illuminate\\Http\\Request))
#35 D:\\SMT 6\\PPL\\clone ppl\\BojongStore\\vendor\\laravel\\framework\\src\\Illuminate\\Foundation\\Http\\Middleware\\TrimStrings.php(51): Illuminate\\Foundation\\Http\\Middleware\\TransformsRequest->handle(Object(Illuminate\\Http\\Request), Object(Closure))
#36 D:\\SMT 6\\PPL\\clone ppl\\BojongStore\\vendor\\laravel\\framework\\src\\Illuminate\\Pipeline\\Pipeline.php(208): Illuminate\\Foundation\\Http\\Middleware\\TrimStrings->handle(Object(Illuminate\\Http\\Request), Object(Closure))
#37 D:\\SMT 6\\PPL\\clone ppl\\BojongStore\\vendor\\laravel\\framework\\src\\Illuminate\\Http\\Middleware\\ValidatePostSize.php(27): Illuminate\\Pipeline\\Pipeline->Illuminate\\Pipeline\\{closure}(Object(Illuminate\\Http\\Request))
#38 D:\\SMT 6\\PPL\\clone ppl\\BojongStore\\vendor\\laravel\\framework\\src\\Illuminate\\Pipeline\\Pipeline.php(208): Illuminate\\Http\\Middleware\\ValidatePostSize->handle(Object(Illuminate\\Http\\Request), Object(Closure))
#39 D:\\SMT 6\\PPL\\clone ppl\\BojongStore\\vendor\\laravel\\framework\\src\\Illuminate\\Foundation\\Http\\Middleware\\PreventRequestsDuringMaintenance.php(109): Illuminate\\Pipeline\\Pipeline->Illuminate\\Pipeline\\{closure}(Object(Illuminate\\Http\\Request))
#40 D:\\SMT 6\\PPL\\clone ppl\\BojongStore\\vendor\\laravel\\framework\\src\\Illuminate\\Pipeline\\Pipeline.php(208): Illuminate\\Foundation\\Http\\Middleware\\PreventRequestsDuringMaintenance->handle(Object(Illuminate\\Http\\Request), Object(Closure))
#41 D:\\SMT 6\\PPL\\clone ppl\\BojongStore\\vendor\\laravel\\framework\\src\\Illuminate\\Http\\Middleware\\HandleCors.php(48): Illuminate\\Pipeline\\Pipeline->Illuminate\\Pipeline\\{closure}(Object(Illuminate\\Http\\Request))
#42 D:\\SMT 6\\PPL\\clone ppl\\BojongStore\\vendor\\laravel\\framework\\src\\Illuminate\\Pipeline\\Pipeline.php(208): Illuminate\\Http\\Middleware\\HandleCors->handle(Object(Illuminate\\Http\\Request), Object(Closure))
#43 D:\\SMT 6\\PPL\\clone ppl\\BojongStore\\vendor\\laravel\\framework\\src\\Illuminate\\Http\\Middleware\\TrustProxies.php(58): Illuminate\\Pipeline\\Pipeline->Illuminate\\Pipeline\\{closure}(Object(Illuminate\\Http\\Request))
#44 D:\\SMT 6\\PPL\\clone ppl\\BojongStore\\vendor\\laravel\\framework\\src\\Illuminate\\Pipeline\\Pipeline.php(208): Illuminate\\Http\\Middleware\\TrustProxies->handle(Object(Illuminate\\Http\\Request), Object(Closure))
#45 D:\\SMT 6\\PPL\\clone ppl\\BojongStore\\vendor\\laravel\\framework\\src\\Illuminate\\Foundation\\Http\\Middleware\\InvokeDeferredCallbacks.php(22): Illuminate\\Pipeline\\Pipeline->Illuminate\\Pipeline\\{closure}(Object(Illuminate\\Http\\Request))
#46 D:\\SMT 6\\PPL\\clone ppl\\BojongStore\\vendor\\laravel\\framework\\src\\Illuminate\\Pipeline\\Pipeline.php(208): Illuminate\\Foundation\\Http\\Middleware\\InvokeDeferredCallbacks->handle(Object(Illuminate\\Http\\Request), Object(Closure))
#47 D:\\SMT 6\\PPL\\clone ppl\\BojongStore\\vendor\\laravel\\framework\\src\\Illuminate\\Http\\Middleware\\ValidatePathEncoding.php(26): Illuminate\\Pipeline\\Pipeline->Illuminate\\Pipeline\\{closure}(Object(Illuminate\\Http\\Request))
#48 D:\\SMT 6\\PPL\\clone ppl\\BojongStore\\vendor\\laravel\\framework\\src\\Illuminate\\Pipeline\\Pipeline.php(208): Illuminate\\Http\\Middleware\\ValidatePathEncoding->handle(Object(Illuminate\\Http\\Request), Object(Closure))
#49 D:\\SMT 6\\PPL\\clone ppl\\BojongStore\\vendor\\laravel\\framework\\src\\Illuminate\\Pipeline\\Pipeline.php(126): Illuminate\\Pipeline\\Pipeline->Illuminate\\Pipeline\\{closure}(Object(Illuminate\\Http\\Request))
#50 D:\\SMT 6\\PPL\\clone ppl\\BojongStore\\vendor\\laravel\\framework\\src\\Illuminate\\Foundation\\Http\\Kernel.php(175): Illuminate\\Pipeline\\Pipeline->then(Object(Closure))
#51 D:\\SMT 6\\PPL\\clone ppl\\BojongStore\\vendor\\laravel\\framework\\src\\Illuminate\\Foundation\\Http\\Kernel.php(144): Illuminate\\Foundation\\Http\\Kernel->sendRequestThroughRouter(Object(Illuminate\\Http\\Request))
#52 D:\\SMT 6\\PPL\\clone ppl\\BojongStore\\vendor\\laravel\\framework\\src\\Illuminate\\Foundation\\Testing\\Concerns\\MakesHttpRequests.php(607): Illuminate\\Foundation\\Http\\Kernel->handle(Object(Illuminate\\Http\\Request))
#53 D:\\SMT 6\\PPL\\clone ppl\\BojongStore\\vendor\\laravel\\framework\\src\\Illuminate\\Foundation\\Testing\\Concerns\\MakesHttpRequests.php(397): Illuminate\\Foundation\\Testing\\TestCase->call('POST', '/confirm-passwo...', Array, Array, Array, Array)
#54 D:\\SMT 6\\PPL\\clone ppl\\BojongStore\\tests\\Feature\\Auth\\PasswordConfirmationTest.php(26): Illuminate\\Foundation\\Testing\\TestCase->post('/confirm-passwo...', Array)
#55 D:\\SMT 6\\PPL\\clone ppl\\BojongStore\\vendor\\phpunit\\phpunit\\src\\Framework\\TestCase.php(1656): Tests\\Feature\\Auth\\PasswordConfirmationTest->test_password_can_be_confirmed()
#56 D:\\SMT 6\\PPL\\clone ppl\\BojongStore\\vendor\\phpunit\\phpunit\\src\\Framework\\TestCase.php(514): PHPUnit\\Framework\\TestCase->runTest()
#57 D:\\SMT 6\\PPL\\clone ppl\\BojongStore\\vendor\\phpunit\\phpunit\\src\\Framework\\TestRunner\\TestRunner.php(87): PHPUnit\\Framework\\TestCase->runBare()
#58 D:\\SMT 6\\PPL\\clone ppl\\BojongStore\\vendor\\phpunit\\phpunit\\src\\Framework\\TestCase.php(361): PHPUnit\\Framework\\TestRunner->run(Object(Tests\\Feature\\Auth\\PasswordConfirmationTest))
#59 D:\\SMT 6\\PPL\\clone ppl\\BojongStore\\vendor\\phpunit\\phpunit\\src\\Framework\\TestSuite.php(369): PHPUnit\\Framework\\TestCase->run()
#60 D:\\SMT 6\\PPL\\clone ppl\\BojongStore\\vendor\\phpunit\\phpunit\\src\\Framework\\TestSuite.php(369): PHPUnit\\Framework\\TestSuite->run()
#61 D:\\SMT 6\\PPL\\clone ppl\\BojongStore\\vendor\\phpunit\\phpunit\\src\\Framework\\TestSuite.php(369): PHPUnit\\Framework\\TestSuite->run()
#62 D:\\SMT 6\\PPL\\clone ppl\\BojongStore\\vendor\\phpunit\\phpunit\\src\\TextUI\\TestRunner.php(64): PHPUnit\\Framework\\TestSuite->run()
#63 D:\\SMT 6\\PPL\\clone ppl\\BojongStore\\vendor\\phpunit\\phpunit\\src\\TextUI\\Application.php(210): PHPUnit\\TextUI\\TestRunner->run(Object(PHPUnit\\TextUI\\Configuration\\Configuration), Object(PHPUnit\\Runner\\ResultCache\\DefaultResultCache), Object(PHPUnit\\Framework\\TestSuite))
#64 D:\\SMT 6\\PPL\\clone ppl\\BojongStore\\vendor\\phpunit\\phpunit\\phpunit(104): PHPUnit\\TextUI\\Application->run(Array)
#65 {main}
"} 
[2026-06-03 10:48:46] testing.ERROR: View [layouts.guest] not found. (View: D:\SMT 6\PPL\clone ppl\BojongStore\resources\views\auth\forgot-password.blade.php) {"exception":"[object] (Illuminate\\View\\ViewException(code: 0): View [layouts.guest] not found. (View: D:\\SMT 6\\PPL\\clone ppl\\BojongStore\\resources\\views\\auth\\forgot-password.blade.php) at D:\\SMT 6\\PPL\\clone ppl\\BojongStore\\vendor\\laravel\\framework\\src\\Illuminate\\View\\FileViewFinder.php:138)
[stacktrace]
#0 D:\\SMT 6\\PPL\\clone ppl\\BojongStore\\vendor\\laravel\\framework\\src\\Illuminate\\View\\Engines\\PhpEngine.php(59): Illuminate\\View\\Engines\\CompilerEngine->handleViewException(Object(InvalidArgumentException), 1)
#1 D:\\SMT 6\\PPL\\clone ppl\\BojongStore\\vendor\\laravel\\framework\\src\\Illuminate\\View\\Engines\\CompilerEngine.php(74): Illuminate\\View\\Engines\\PhpEngine->evaluatePath('D:\\\\SMT 6\\\\PPL\\\\cl...', Array)
#2 D:\\SMT 6\\PPL\\clone ppl\\BojongStore\\vendor\\laravel\\framework\\src\\Illuminate\\View\\View.php(208): Illuminate\\View\\Engines\\CompilerEngine->get('D:\\\\SMT 6\\\\PPL\\\\cl...', Array)
#3 D:\\SMT 6\\PPL\\clone ppl\\BojongStore\\vendor\\laravel\\framework\\src\\Illuminate\\View\\View.php(191): Illuminate\\View\\View->getContents()
#4 D:\\SMT 6\\PPL\\clone ppl\\BojongStore\\vendor\\laravel\\framework\\src\\Illuminate\\View\\View.php(160): Illuminate\\View\\View->renderContents()
#5 D:\\SMT 6\\PPL\\clone ppl\\BojongStore\\vendor\\laravel\\framework\\src\\Illuminate\\Http\\Response.php(78): Illuminate\\View\\View->render()
#6 D:\\SMT 6\\PPL\\clone ppl\\BojongStore\\vendor\\laravel\\framework\\src\\Illuminate\\Http\\Response.php(34): Illuminate\\Http\\Response->setContent(Object(Illuminate\\View\\View))
#7 D:\\SMT 6\\PPL\\clone ppl\\BojongStore\\vendor\\laravel\\framework\\src\\Illuminate\\Routing\\Router.php(924): Illuminate\\Http\\Response->__construct(Object(Illuminate\\View\\View), 200, Array)
#8 D:\\SMT 6\\PPL\\clone ppl\\BojongStore\\vendor\\laravel\\framework\\src\\Illuminate\\Routing\\Router.php(891): Illuminate\\Routing\\Router::toResponse(Object(Illuminate\\Http\\Request), Object(Illuminate\\View\\View))
#9 D:\\SMT 6\\PPL\\clone ppl\\BojongStore\\vendor\\laravel\\framework\\src\\Illuminate\\Routing\\Router.php(807): Illuminate\\Routing\\Router->prepareResponse(Object(Illuminate\\Http\\Request), Object(Illuminate\\View\\View))
#10 D:\\SMT 6\\PPL\\clone ppl\\BojongStore\\vendor\\laravel\\framework\\src\\Illuminate\\Pipeline\\Pipeline.php(169): Illuminate\\Routing\\Router->Illuminate\\Routing\\{closure}(Object(Illuminate\\Http\\Request))
#11 D:\\SMT 6\\PPL\\clone ppl\\BojongStore\\vendor\\laravel\\framework\\src\\Illuminate\\Auth\\Middleware\\RedirectIfAuthenticated.php(35): Illuminate\\Pipeline\\Pipeline->Illuminate\\Pipeline\\{closure}(Object(Illuminate\\Http\\Request))
#12 D:\\SMT 6\\PPL\\clone ppl\\BojongStore\\vendor\\laravel\\framework\\src\\Illuminate\\Pipeline\\Pipeline.php(208): Illuminate\\Auth\\Middleware\\RedirectIfAuthenticated->handle(Object(Illuminate\\Http\\Request), Object(Closure))
#13 D:\\SMT 6\\PPL\\clone ppl\\BojongStore\\app\\Http\\Middleware\\LogVisitor.php(36): Illuminate\\Pipeline\\Pipeline->Illuminate\\Pipeline\\{closure}(Object(Illuminate\\Http\\Request))
#14 D:\\SMT 6\\PPL\\clone ppl\\BojongStore\\vendor\\laravel\\framework\\src\\Illuminate\\Pipeline\\Pipeline.php(208): App\\Http\\Middleware\\LogVisitor->handle(Object(Illuminate\\Http\\Request), Object(Closure))
#15 D:\\SMT 6\\PPL\\clone ppl\\BojongStore\\vendor\\laravel\\framework\\src\\Illuminate\\Routing\\Middleware\\SubstituteBindings.php(50): Illuminate\\Pipeline\\Pipeline->Illuminate\\Pipeline\\{closure}(Object(Illuminate\\Http\\Request))
#16 D:\\SMT 6\\PPL\\clone ppl\\BojongStore\\vendor\\laravel\\framework\\src\\Illuminate\\Pipeline\\Pipeline.php(208): Illuminate\\Routing\\Middleware\\SubstituteBindings->handle(Object(Illuminate\\Http\\Request), Object(Closure))
#17 D:\\SMT 6\\PPL\\clone ppl\\BojongStore\\vendor\\laravel\\framework\\src\\Illuminate\\Foundation\\Http\\Middleware\\VerifyCsrfToken.php(87): Illuminate\\Pipeline\\Pipeline->Illuminate\\Pipeline\\{closure}(Object(Illuminate\\Http\\Request))
#18 D:\\SMT 6\\PPL\\clone ppl\\BojongStore\\vendor\\laravel\\framework\\src\\Illuminate\\Pipeline\\Pipeline.php(208): Illuminate\\Foundation\\Http\\Middleware\\VerifyCsrfToken->handle(Object(Illuminate\\Http\\Request), Object(Closure))
#19 D:\\SMT 6\\PPL\\clone ppl\\BojongStore\\vendor\\laravel\\framework\\src\\Illuminate\\View\\Middleware\\ShareErrorsFromSession.php(48): Illuminate\\Pipeline\\Pipeline->Illuminate\\Pipeline\\{closure}(Object(Illuminate\\Http\\Request))
#20 D:\\SMT 6\\PPL\\clone ppl\\BojongStore\\vendor\\laravel\\framework\\src\\Illuminate\\Pipeline\\Pipeline.php(208): Illuminate\\View\\Middleware\\ShareErrorsFromSession->handle(Object(Illuminate\\Http\\Request), Object(Closure))
#21 D:\\SMT 6\\PPL\\clone ppl\\BojongStore\\vendor\\laravel\\framework\\src\\Illuminate\\Session\\Middleware\\StartSession.php(120): Illuminate\\Pipeline\\Pipeline->Illuminate\\Pipeline\\{closure}(Object(Illuminate\\Http\\Request))
#22 D:\\SMT 6\\PPL\\clone ppl\\BojongStore\\vendor\\laravel\\framework\\src\\Illuminate\\Session\\Middleware\\StartSession.php(63): Illuminate\\Session\\Middleware\\StartSession->handleStatefulRequest(Object(Illuminate\\Http\\Request), Object(Illuminate\\Session\\Store), Object(Closure))
#23 D:\\SMT 6\\PPL\\clone ppl\\BojongStore\\vendor\\laravel\\framework\\src\\Illuminate\\Pipeline\\Pipeline.php(208): Illuminate\\Session\\Middleware\\StartSession->handle(Object(Illuminate\\Http\\Request), Object(Closure))
#24 D:\\SMT 6\\PPL\\clone ppl\\BojongStore\\vendor\\laravel\\framework\\src\\Illuminate\\Cookie\\Middleware\\AddQueuedCookiesToResponse.php(36): Illuminate\\Pipeline\\Pipeline->Illuminate\\Pipeline\\{closure}(Object(Illuminate\\Http\\Request))
#25 D:\\SMT 6\\PPL\\clone ppl\\BojongStore\\vendor\\laravel\\framework\\src\\Illuminate\\Pipeline\\Pipeline.php(208): Illuminate\\Cookie\\Middleware\\AddQueuedCookiesToResponse->handle(Object(Illuminate\\Http\\Request), Object(Closure))
#26 D:\\SMT 6\\PPL\\clone ppl\\BojongStore\\vendor\\laravel\\framework\\src\\Illuminate\\Cookie\\Middleware\\EncryptCookies.php(74): Illuminate\\Pipeline\\Pipeline->Illuminate\\Pipeline\\{closure}(Object(Illuminate\\Http\\Request))
#27 D:\\SMT 6\\PPL\\clone ppl\\BojongStore\\vendor\\laravel\\framework\\src\\Illuminate\\Pipeline\\Pipeline.php(208): Illuminate\\Cookie\\Middleware\\EncryptCookies->handle(Object(Illuminate\\Http\\Request), Object(Closure))
#28 D:\\SMT 6\\PPL\\clone ppl\\BojongStore\\vendor\\laravel\\framework\\src\\Illuminate\\Pipeline\\Pipeline.php(126): Illuminate\\Pipeline\\Pipeline->Illuminate\\Pipeline\\{closure}(Object(Illuminate\\Http\\Request))
#29 D:\\SMT 6\\PPL\\clone ppl\\BojongStore\\vendor\\laravel\\framework\\src\\Illuminate\\Routing\\Router.php(807): Illuminate\\Pipeline\\Pipeline->then(Object(Closure))
#30 D:\\SMT 6\\PPL\\clone ppl\\BojongStore\\vendor\\laravel\\framework\\src\\Illuminate\\Routing\\Router.php(786): Illuminate\\Routing\\Router->runRouteWithinStack(Object(Illuminate\\Routing\\Route), Object(Illuminate\\Http\\Request))
#31 D:\\SMT 6\\PPL\\clone ppl\\BojongStore\\vendor\\laravel\\framework\\src\\Illuminate\\Routing\\Router.php(750): Illuminate\\Routing\\Router->runRoute(Object(Illuminate\\Http\\Request), Object(Illuminate\\Routing\\Route))
#32 D:\\SMT 6\\PPL\\clone ppl\\BojongStore\\vendor\\laravel\\framework\\src\\Illuminate\\Routing\\Router.php(739): Illuminate\\Routing\\Router->dispatchToRoute(Object(Illuminate\\Http\\Request))
#33 D:\\SMT 6\\PPL\\clone ppl\\BojongStore\\vendor\\laravel\\framework\\src\\Illuminate\\Foundation\\Http\\Kernel.php(200): Illuminate\\Routing\\Router->dispatch(Object(Illuminate\\Http\\Request))
#34 D:\\SMT 6\\PPL\\clone ppl\\BojongStore\\vendor\\laravel\\framework\\src\\Illuminate\\Pipeline\\Pipeline.php(169): Illuminate\\Foundation\\Http\\Kernel->Illuminate\\Foundation\\Http\\{closure}(Object(Illuminate\\Http\\Request))
#35 D:\\SMT 6\\PPL\\clone ppl\\BojongStore\\vendor\\laravel\\framework\\src\\Illuminate\\Foundation\\Http\\Middleware\\TransformsRequest.php(21): Illuminate\\Pipeline\\Pipeline->Illuminate\\Pipeline\\{closure}(Object(Illuminate\\Http\\Request))
#36 D:\\SMT 6\\PPL\\clone ppl\\BojongStore\\vendor\\laravel\\framework\\src\\Illuminate\\Foundation\\Http\\Middleware\\ConvertEmptyStringsToNull.php(31): Illuminate\\Foundation\\Http\\Middleware\\TransformsRequest->handle(Object(Illuminate\\Http\\Request), Object(Closure))
#37 D:\\SMT 6\\PPL\\clone ppl\\BojongStore\\vendor\\laravel\\framework\\src\\Illuminate\\Pipeline\\Pipeline.php(208): Illuminate\\Foundation\\Http\\Middleware\\ConvertEmptyStringsToNull->handle(Object(Illuminate\\Http\\Request), Object(Closure))
#38 D:\\SMT 6\\PPL\\clone ppl\\BojongStore\\vendor\\laravel\\framework\\src\\Illuminate\\Foundation\\Http\\Middleware\\TransformsRequest.php(21): Illuminate\\Pipeline\\Pipeline->Illuminate\\Pipeline\\{closure}(Object(Illuminate\\Http\\Request))
#39 D:\\SMT 6\\PPL\\clone ppl\\BojongStore\\vendor\\laravel\\framework\\src\\Illuminate\\Foundation\\Http\\Middleware\\TrimStrings.php(51): Illuminate\\Foundation\\Http\\Middleware\\TransformsRequest->handle(Object(Illuminate\\Http\\Request), Object(Closure))
#40 D:\\SMT 6\\PPL\\clone ppl\\BojongStore\\vendor\\laravel\\framework\\src\\Illuminate\\Pipeline\\Pipeline.php(208): Illuminate\\Foundation\\Http\\Middleware\\TrimStrings->handle(Object(Illuminate\\Http\\Request), Object(Closure))
#41 D:\\SMT 6\\PPL\\clone ppl\\BojongStore\\vendor\\laravel\\framework\\src\\Illuminate\\Http\\Middleware\\ValidatePostSize.php(27): Illuminate\\Pipeline\\Pipeline->Illuminate\\Pipeline\\{closure}(Object(Illuminate\\Http\\Request))
#42 D:\\SMT 6\\PPL\\clone ppl\\BojongStore\\vendor\\laravel\\framework\\src\\Illuminate\\Pipeline\\Pipeline.php(208): Illuminate\\Http\\Middleware\\ValidatePostSize->handle(Object(Illuminate\\Http\\Request), Object(Closure))
#43 D:\\SMT 6\\PPL\\clone ppl\\BojongStore\\vendor\\laravel\\framework\\src\\Illuminate\\Foundation\\Http\\Middleware\\PreventRequestsDuringMaintenance.php(109): Illuminate\\Pipeline\\Pipeline->Illuminate\\Pipeline\\{closure}(Object(Illuminate\\Http\\Request))
#44 D:\\SMT 6\\PPL\\clone ppl\\BojongStore\\vendor\\laravel\\framework\\src\\Illuminate\\Pipeline\\Pipeline.php(208): Illuminate\\Foundation\\Http\\Middleware\\PreventRequestsDuringMaintenance->handle(Object(Illuminate\\Http\\Request), Object(Closure))
#45 D:\\SMT 6\\PPL\\clone ppl\\BojongStore\\vendor\\laravel\\framework\\src\\Illuminate\\Http\\Middleware\\HandleCors.php(48): Illuminate\\Pipeline\\Pipeline->Illuminate\\Pipeline\\{closure}(Object(Illuminate\\Http\\Request))
#46 D:\\SMT 6\\PPL\\clone ppl\\BojongStore\\vendor\\laravel\\framework\\src\\Illuminate\\Pipeline\\Pipeline.php(208): Illuminate\\Http\\Middleware\\HandleCors->handle(Object(Illuminate\\Http\\Request), Object(Closure))
#47 D:\\SMT 6\\PPL\\clone ppl\\BojongStore\\vendor\\laravel\\framework\\src\\Illuminate\\Http\\Middleware\\TrustProxies.php(58): Illuminate\\Pipeline\\Pipeline->Illuminate\\Pipeline\\{closure}(Object(Illuminate\\Http\\Request))
#48 D:\\SMT 6\\PPL\\clone ppl\\BojongStore\\vendor\\laravel\\framework\\src\\Illuminate\\Pipeline\\Pipeline.php(208): Illuminate\\Http\\Middleware\\TrustProxies->handle(Object(Illuminate\\Http\\Request), Object(Closure))
#49 D:\\SMT 6\\PPL\\clone ppl\\BojongStore\\vendor\\laravel\\framework\\src\\Illuminate\\Foundation\\Http\\Middleware\\InvokeDeferredCallbacks.php(22): Illuminate\\Pipeline\\Pipeline->Illuminate\\Pipeline\\{closure}(Object(Illuminate\\Http\\Request))
#50 D:\\SMT 6\\PPL\\clone ppl\\BojongStore\\vendor\\laravel\\framework\\src\\Illuminate\\Pipeline\\Pipeline.php(208): Illuminate\\Foundation\\Http\\Middleware\\InvokeDeferredCallbacks->handle(Object(Illuminate\\Http\\Request), Object(Closure))
#51 D:\\SMT 6\\PPL\\clone ppl\\BojongStore\\vendor\\laravel\\framework\\src\\Illuminate\\Http\\Middleware\\ValidatePathEncoding.php(26): Illuminate\\Pipeline\\Pipeline->Illuminate\\Pipeline\\{closure}(Object(Illuminate\\Http\\Request))
#52 D:\\SMT 6\\PPL\\clone ppl\\BojongStore\\vendor\\laravel\\framework\\src\\Illuminate\\Pipeline\\Pipeline.php(208): Illuminate\\Http\\Middleware\\ValidatePathEncoding->handle(Object(Illuminate\\Http\\Request), Object(Closure))
#53 D:\\SMT 6\\PPL\\clone ppl\\BojongStore\\vendor\\laravel\\framework\\src\\Illuminate\\Pipeline\\Pipeline.php(126): Illuminate\\Pipeline\\Pipeline->Illuminate\\Pipeline\\{closure}(Object(Illuminate\\Http\\Request))
#54 D:\\SMT 6\\PPL\\clone ppl\\BojongStore\\vendor\\laravel\\framework\\src\\Illuminate\\Foundation\\Http\\Kernel.php(175): Illuminate\\Pipeline\\Pipeline->then(Object(Closure))
#55 D:\\SMT 6\\PPL\\clone ppl\\BojongStore\\vendor\\laravel\\framework\\src\\Illuminate\\Foundation\\Http\\Kernel.php(144): Illuminate\\Foundation\\Http\\Kernel->sendRequestThroughRouter(Object(Illuminate\\Http\\Request))
#56 D:\\SMT 6\\PPL\\clone ppl\\BojongStore\\vendor\\laravel\\framework\\src\\Illuminate\\Foundation\\Testing\\Concerns\\MakesHttpRequests.php(607): Illuminate\\Foundation\\Http\\Kernel->handle(Object(Illuminate\\Http\\Request))
#57 D:\\SMT 6\\PPL\\clone ppl\\BojongStore\\vendor\\laravel\\framework\\src\\Illuminate\\Foundation\\Testing\\Concerns\\MakesHttpRequests.php(368): Illuminate\\Foundation\\Testing\\TestCase->call('GET', '/forgot-passwor...', Array, Array, Array, Array)
#58 D:\\SMT 6\\PPL\\clone ppl\\BojongStore\\tests\\Feature\\Auth\\PasswordResetTest.php(17): Illuminate\\Foundation\\Testing\\TestCase->get('/forgot-passwor...')
#59 D:\\SMT 6\\PPL\\clone ppl\\BojongStore\\vendor\\phpunit\\phpunit\\src\\Framework\\TestCase.php(1656): Tests\\Feature\\Auth\\PasswordResetTest->test_reset_password_link_screen_can_be_rendered()
#60 D:\\SMT 6\\PPL\\clone ppl\\BojongStore\\vendor\\phpunit\\phpunit\\src\\Framework\\TestCase.php(514): PHPUnit\\Framework\\TestCase->runTest()
#61 D:\\SMT 6\\PPL\\clone ppl\\BojongStore\\vendor\\phpunit\\phpunit\\src\\Framework\\TestRunner\\TestRunner.php(87): PHPUnit\\Framework\\TestCase->runBare()
#62 D:\\SMT 6\\PPL\\clone ppl\\BojongStore\\vendor\\phpunit\\phpunit\\src\\Framework\\TestCase.php(361): PHPUnit\\Framework\\TestRunner->run(Object(Tests\\Feature\\Auth\\PasswordResetTest))
#63 D:\\SMT 6\\PPL\\clone ppl\\BojongStore\\vendor\\phpunit\\phpunit\\src\\Framework\\TestSuite.php(369): PHPUnit\\Framework\\TestCase->run()
#64 D:\\SMT 6\\PPL\\clone ppl\\BojongStore\\vendor\\phpunit\\phpunit\\src\\Framework\\TestSuite.php(369): PHPUnit\\Framework\\TestSuite->run()
#65 D:\\SMT 6\\PPL\\clone ppl\\BojongStore\\vendor\\phpunit\\phpunit\\src\\Framework\\TestSuite.php(369): PHPUnit\\Framework\\TestSuite->run()
#66 D:\\SMT 6\\PPL\\clone ppl\\BojongStore\\vendor\\phpunit\\phpunit\\src\\TextUI\\TestRunner.php(64): PHPUnit\\Framework\\TestSuite->run()
#67 D:\\SMT 6\\PPL\\clone ppl\\BojongStore\\vendor\\phpunit\\phpunit\\src\\TextUI\\Application.php(210): PHPUnit\\TextUI\\TestRunner->run(Object(PHPUnit\\TextUI\\Configuration\\Configuration), Object(PHPUnit\\Runner\\ResultCache\\DefaultResultCache), Object(PHPUnit\\Framework\\TestSuite))
#68 D:\\SMT 6\\PPL\\clone ppl\\BojongStore\\vendor\\phpunit\\phpunit\\phpunit(104): PHPUnit\\TextUI\\Application->run(Array)
#69 {main}

[previous exception] [object] (InvalidArgumentException(code: 0): View [layouts.guest] not found. at D:\\SMT 6\\PPL\\clone ppl\\BojongStore\\vendor\\laravel\\framework\\src\\Illuminate\\View\\FileViewFinder.php:138)
[stacktrace]
#0 D:\\SMT 6\\PPL\\clone ppl\\BojongStore\\vendor\\laravel\\framework\\src\\Illuminate\\View\\FileViewFinder.php(78): Illuminate\\View\\FileViewFinder->findInPaths('layouts.guest', Array)
#1 D:\\SMT 6\\PPL\\clone ppl\\BojongStore\\vendor\\laravel\\framework\\src\\Illuminate\\View\\Factory.php(150): Illuminate\\View\\FileViewFinder->find('layouts.guest')
#2 D:\\SMT 6\\PPL\\clone ppl\\BojongStore\\vendor\\laravel\\framework\\src\\Illuminate\\Foundation\\helpers.php(1079): Illuminate\\View\\Factory->make('layouts.guest', Array, Array)
#3 D:\\SMT 6\\PPL\\clone ppl\\BojongStore\\app\\View\\Components\\GuestLayout.php(15): view('layouts.guest')
#4 D:\\SMT 6\\PPL\\clone ppl\\BojongStore\\vendor\\laravel\\framework\\src\\Illuminate\\View\\Component.php(143): App\\View\\Components\\GuestLayout->render()
#5 D:\\SMT 6\\PPL\\clone ppl\\BojongStore\\storage\\framework\\views\\2b2073e7de23bfb88a366268c772da8c.php(6): Illuminate\\View\\Component->resolveView()
#6 D:\\SMT 6\\PPL\\clone ppl\\BojongStore\\vendor\\laravel\\framework\\src\\Illuminate\\Filesystem\\Filesystem.php(123): require('D:\\\\SMT 6\\\\PPL\\\\cl...')
#7 D:\\SMT 6\\PPL\\clone ppl\\BojongStore\\vendor\\laravel\\framework\\src\\Illuminate\\Filesystem\\Filesystem.php(124): Illuminate\\Filesystem\\Filesystem::Illuminate\\Filesystem\\{closure}()
#8 D:\\SMT 6\\PPL\\clone ppl\\BojongStore\\vendor\\laravel\\framework\\src\\Illuminate\\View\\Engines\\PhpEngine.php(57): Illuminate\\Filesystem\\Filesystem->getRequire('D:\\\\SMT 6\\\\PPL\\\\cl...', Array)
#9 D:\\SMT 6\\PPL\\clone ppl\\BojongStore\\vendor\\laravel\\framework\\src\\Illuminate\\View\\Engines\\CompilerEngine.php(74): Illuminate\\View\\Engines\\PhpEngine->evaluatePath('D:\\\\SMT 6\\\\PPL\\\\cl...', Array)
#10 D:\\SMT 6\\PPL\\clone ppl\\BojongStore\\vendor\\laravel\\framework\\src\\Illuminate\\View\\View.php(208): Illuminate\\View\\Engines\\CompilerEngine->get('D:\\\\SMT 6\\\\PPL\\\\cl...', Array)
#11 D:\\SMT 6\\PPL\\clone ppl\\BojongStore\\vendor\\laravel\\framework\\src\\Illuminate\\View\\View.php(191): Illuminate\\View\\View->getContents()
#12 D:\\SMT 6\\PPL\\clone ppl\\BojongStore\\vendor\\laravel\\framework\\src\\Illuminate\\View\\View.php(160): Illuminate\\View\\View->renderContents()
#13 D:\\SMT 6\\PPL\\clone ppl\\BojongStore\\vendor\\laravel\\framework\\src\\Illuminate\\Http\\Response.php(78): Illuminate\\View\\View->render()
#14 D:\\SMT 6\\PPL\\clone ppl\\BojongStore\\vendor\\laravel\\framework\\src\\Illuminate\\Http\\Response.php(34): Illuminate\\Http\\Response->setContent(Object(Illuminate\\View\\View))
#15 D:\\SMT 6\\PPL\\clone ppl\\BojongStore\\vendor\\laravel\\framework\\src\\Illuminate\\Routing\\Router.php(924): Illuminate\\Http\\Response->__construct(Object(Illuminate\\View\\View), 200, Array)
#16 D:\\SMT 6\\PPL\\clone ppl\\BojongStore\\vendor\\laravel\\framework\\src\\Illuminate\\Routing\\Router.php(891): Illuminate\\Routing\\Router::toResponse(Object(Illuminate\\Http\\Request), Object(Illuminate\\View\\View))
#17 D:\\SMT 6\\PPL\\clone ppl\\BojongStore\\vendor\\laravel\\framework\\src\\Illuminate\\Routing\\Router.php(807): Illuminate\\Routing\\Router->prepareResponse(Object(Illuminate\\Http\\Request), Object(Illuminate\\View\\View))
#18 D:\\SMT 6\\PPL\\clone ppl\\BojongStore\\vendor\\laravel\\framework\\src\\Illuminate\\Pipeline\\Pipeline.php(169): Illuminate\\Routing\\Router->Illuminate\\Routing\\{closure}(Object(Illuminate\\Http\\Request))
#19 D:\\SMT 6\\PPL\\clone ppl\\BojongStore\\vendor\\laravel\\framework\\src\\Illuminate\\Auth\\Middleware\\RedirectIfAuthenticated.php(35): Illuminate\\Pipeline\\Pipeline->Illuminate\\Pipeline\\{closure}(Object(Illuminate\\Http\\Request))
#20 D:\\SMT 6\\PPL\\clone ppl\\BojongStore\\vendor\\laravel\\framework\\src\\Illuminate\\Pipeline\\Pipeline.php(208): Illuminate\\Auth\\Middleware\\RedirectIfAuthenticated->handle(Object(Illuminate\\Http\\Request), Object(Closure))
#21 D:\\SMT 6\\PPL\\clone ppl\\BojongStore\\app\\Http\\Middleware\\LogVisitor.php(36): Illuminate\\Pipeline\\Pipeline->Illuminate\\Pipeline\\{closure}(Object(Illuminate\\Http\\Request))
#22 D:\\SMT 6\\PPL\\clone ppl\\BojongStore\\vendor\\laravel\\framework\\src\\Illuminate\\Pipeline\\Pipeline.php(208): App\\Http\\Middleware\\LogVisitor->handle(Object(Illuminate\\Http\\Request), Object(Closure))
#23 D:\\SMT 6\\PPL\\clone ppl\\BojongStore\\vendor\\laravel\\framework\\src\\Illuminate\\Routing\\Middleware\\SubstituteBindings.php(50): Illuminate\\Pipeline\\Pipeline->Illuminate\\Pipeline\\{closure}(Object(Illuminate\\Http\\Request))
#24 D:\\SMT 6\\PPL\\clone ppl\\BojongStore\\vendor\\laravel\\framework\\src\\Illuminate\\Pipeline\\Pipeline.php(208): Illuminate\\Routing\\Middleware\\SubstituteBindings->handle(Object(Illuminate\\Http\\Request), Object(Closure))
#25 D:\\SMT 6\\PPL\\clone ppl\\BojongStore\\vendor\\laravel\\framework\\src\\Illuminate\\Foundation\\Http\\Middleware\\VerifyCsrfToken.php(87): Illuminate\\Pipeline\\Pipeline->Illuminate\\Pipeline\\{closure}(Object(Illuminate\\Http\\Request))
#26 D:\\SMT 6\\PPL\\clone ppl\\BojongStore\\vendor\\laravel\\framework\\src\\Illuminate\\Pipeline\\Pipeline.php(208): Illuminate\\Foundation\\Http\\Middleware\\VerifyCsrfToken->handle(Object(Illuminate\\Http\\Request), Object(Closure))
#27 D:\\SMT 6\\PPL\\clone ppl\\BojongStore\\vendor\\laravel\\framework\\src\\Illuminate\\View\\Middleware\\ShareErrorsFromSession.php(48): Illuminate\\Pipeline\\Pipeline->Illuminate\\Pipeline\\{closure}(Object(Illuminate\\Http\\Request))
#28 D:\\SMT 6\\PPL\\clone ppl\\BojongStore\\vendor\\laravel\\framework\\src\\Illuminate\\Pipeline\\Pipeline.php(208): Illuminate\\View\\Middleware\\ShareErrorsFromSession->handle(Object(Illuminate\\Http\\Request), Object(Closure))
#29 D:\\SMT 6\\PPL\\clone ppl\\BojongStore\\vendor\\laravel\\framework\\src\\Illuminate\\Session\\Middleware\\StartSession.php(120): Illuminate\\Pipeline\\Pipeline->Illuminate\\Pipeline\\{closure}(Object(Illuminate\\Http\\Request))
#30 D:\\SMT 6\\PPL\\clone ppl\\BojongStore\\vendor\\laravel\\framework\\src\\Illuminate\\Session\\Middleware\\StartSession.php(63): Illuminate\\Session\\Middleware\\StartSession->handleStatefulRequest(Object(Illuminate\\Http\\Request), Object(Illuminate\\Session\\Store), Object(Closure))
#31 D:\\SMT 6\\PPL\\clone ppl\\BojongStore\\vendor\\laravel\\framework\\src\\Illuminate\\Pipeline\\Pipeline.php(208): Illuminate\\Session\\Middleware\\StartSession->handle(Object(Illuminate\\Http\\Request), Object(Closure))
#32 D:\\SMT 6\\PPL\\clone ppl\\BojongStore\\vendor\\laravel\\framework\\src\\Illuminate\\Cookie\\Middleware\\AddQueuedCookiesToResponse.php(36): Illuminate\\Pipeline\\Pipeline->Illuminate\\Pipeline\\{closure}(Object(Illuminate\\Http\\Request))
#33 D:\\SMT 6\\PPL\\clone ppl\\BojongStore\\vendor\\laravel\\framework\\src\\Illuminate\\Pipeline\\Pipeline.php(208): Illuminate\\Cookie\\Middleware\\AddQueuedCookiesToResponse->handle(Object(Illuminate\\Http\\Request), Object(Closure))
#34 D:\\SMT 6\\PPL\\clone ppl\\BojongStore\\vendor\\laravel\\framework\\src\\Illuminate\\Cookie\\Middleware\\EncryptCookies.php(74): Illuminate\\Pipeline\\Pipeline->Illuminate\\Pipeline\\{closure}(Object(Illuminate\\Http\\Request))
#35 D:\\SMT 6\\PPL\\clone ppl\\BojongStore\\vendor\\laravel\\framework\\src\\Illuminate\\Pipeline\\Pipeline.php(208): Illuminate\\Cookie\\Middleware\\EncryptCookies->handle(Object(Illuminate\\Http\\Request), Object(Closure))
#36 D:\\SMT 6\\PPL\\clone ppl\\BojongStore\\vendor\\laravel\\framework\\src\\Illuminate\\Pipeline\\Pipeline.php(126): Illuminate\\Pipeline\\Pipeline->Illuminate\\Pipeline\\{closure}(Object(Illuminate\\Http\\Request))
#37 D:\\SMT 6\\PPL\\clone ppl\\BojongStore\\vendor\\laravel\\framework\\src\\Illuminate\\Routing\\Router.php(807): Illuminate\\Pipeline\\Pipeline->then(Object(Closure))
#38 D:\\SMT 6\\PPL\\clone ppl\\BojongStore\\vendor\\laravel\\framework\\src\\Illuminate\\Routing\\Router.php(786): Illuminate\\Routing\\Router->runRouteWithinStack(Object(Illuminate\\Routing\\Route), Object(Illuminate\\Http\\Request))
#39 D:\\SMT 6\\PPL\\clone ppl\\BojongStore\\vendor\\laravel\\framework\\src\\Illuminate\\Routing\\Router.php(750): Illuminate\\Routing\\Router->runRoute(Object(Illuminate\\Http\\Request), Object(Illuminate\\Routing\\Route))
#40 D:\\SMT 6\\PPL\\clone ppl\\BojongStore\\vendor\\laravel\\framework\\src\\Illuminate\\Routing\\Router.php(739): Illuminate\\Routing\\Router->dispatchToRoute(Object(Illuminate\\Http\\Request))
#41 D:\\SMT 6\\PPL\\clone ppl\\BojongStore\\vendor\\laravel\\framework\\src\\Illuminate\\Foundation\\Http\\Kernel.php(200): Illuminate\\Routing\\Router->dispatch(Object(Illuminate\\Http\\Request))
#42 D:\\SMT 6\\PPL\\clone ppl\\BojongStore\\vendor\\laravel\\framework\\src\\Illuminate\\Pipeline\\Pipeline.php(169): Illuminate\\Foundation\\Http\\Kernel->Illuminate\\Foundation\\Http\\{closure}(Object(Illuminate\\Http\\Request))
#43 D:\\SMT 6\\PPL\\clone ppl\\BojongStore\\vendor\\laravel\\framework\\src\\Illuminate\\Foundation\\Http\\Middleware\\TransformsRequest.php(21): Illuminate\\Pipeline\\Pipeline->Illuminate\\Pipeline\\{closure}(Object(Illuminate\\Http\\Request))
#44 D:\\SMT 6\\PPL\\clone ppl\\BojongStore\\vendor\\laravel\\framework\\src\\Illuminate\\Foundation\\Http\\Middleware\\ConvertEmptyStringsToNull.php(31): Illuminate\\Foundation\\Http\\Middleware\\TransformsRequest->handle(Object(Illuminate\\Http\\Request), Object(Closure))
#45 D:\\SMT 6\\PPL\\clone ppl\\BojongStore\\vendor\\laravel\\framework\\src\\Illuminate\\Pipeline\\Pipeline.php(208): Illuminate\\Foundation\\Http\\Middleware\\ConvertEmptyStringsToNull->handle(Object(Illuminate\\Http\\Request), Object(Closure))
#46 D:\\SMT 6\\PPL\\clone ppl\\BojongStore\\vendor\\laravel\\framework\\src\\Illuminate\\Foundation\\Http\\Middleware\\TransformsRequest.php(21): Illuminate\\Pipeline\\Pipeline->Illuminate\\Pipeline\\{closure}(Object(Illuminate\\Http\\Request))
#47 D:\\SMT 6\\PPL\\clone ppl\\BojongStore\\vendor\\laravel\\framework\\src\\Illuminate\\Foundation\\Http\\Middleware\\TrimStrings.php(51): Illuminate\\Foundation\\Http\\Middleware\\TransformsRequest->handle(Object(Illuminate\\Http\\Request), Object(Closure))
#48 D:\\SMT 6\\PPL\\clone ppl\\BojongStore\\vendor\\laravel\\framework\\src\\Illuminate\\Pipeline\\Pipeline.php(208): Illuminate\\Foundation\\Http\\Middleware\\TrimStrings->handle(Object(Illuminate\\Http\\Request), Object(Closure))
#49 D:\\SMT 6\\PPL\\clone ppl\\BojongStore\\vendor\\laravel\\framework\\src\\Illuminate\\Http\\Middleware\\ValidatePostSize.php(27): Illuminate\\Pipeline\\Pipeline->Illuminate\\Pipeline\\{closure}(Object(Illuminate\\Http\\Request))
#50 D:\\SMT 6\\PPL\\clone ppl\\BojongStore\\vendor\\laravel\\framework\\src\\Illuminate\\Pipeline\\Pipeline.php(208): Illuminate\\Http\\Middleware\\ValidatePostSize->handle(Object(Illuminate\\Http\\Request), Object(Closure))
#51 D:\\SMT 6\\PPL\\clone ppl\\BojongStore\\vendor\\laravel\\framework\\src\\Illuminate\\Foundation\\Http\\Middleware\\PreventRequestsDuringMaintenance.php(109): Illuminate\\Pipeline\\Pipeline->Illuminate\\Pipeline\\{closure}(Object(Illuminate\\Http\\Request))
#52 D:\\SMT 6\\PPL\\clone ppl\\BojongStore\\vendor\\laravel\\framework\\src\\Illuminate\\Pipeline\\Pipeline.php(208): Illuminate\\Foundation\\Http\\Middleware\\PreventRequestsDuringMaintenance->handle(Object(Illuminate\\Http\\Request), Object(Closure))
#53 D:\\SMT 6\\PPL\\clone ppl\\BojongStore\\vendor\\laravel\\framework\\src\\Illuminate\\Http\\Middleware\\HandleCors.php(48): Illuminate\\Pipeline\\Pipeline->Illuminate\\Pipeline\\{closure}(Object(Illuminate\\Http\\Request))
#54 D:\\SMT 6\\PPL\\clone ppl\\BojongStore\\vendor\\laravel\\framework\\src\\Illuminate\\Pipeline\\Pipeline.php(208): Illuminate\\Http\\Middleware\\HandleCors->handle(Object(Illuminate\\Http\\Request), Object(Closure))
#55 D:\\SMT 6\\PPL\\clone ppl\\BojongStore\\vendor\\laravel\\framework\\src\\Illuminate\\Http\\Middleware\\TrustProxies.php(58): Illuminate\\Pipeline\\Pipeline->Illuminate\\Pipeline\\{closure}(Object(Illuminate\\Http\\Request))
#56 D:\\SMT 6\\PPL\\clone ppl\\BojongStore\\vendor\\laravel\\framework\\src\\Illuminate\\Pipeline\\Pipeline.php(208): Illuminate\\Http\\Middleware\\TrustProxies->handle(Object(Illuminate\\Http\\Request), Object(Closure))
#57 D:\\SMT 6\\PPL\\clone ppl\\BojongStore\\vendor\\laravel\\framework\\src\\Illuminate\\Foundation\\Http\\Middleware\\InvokeDeferredCallbacks.php(22): Illuminate\\Pipeline\\Pipeline->Illuminate\\Pipeline\\{closure}(Object(Illuminate\\Http\\Request))
#58 D:\\SMT 6\\PPL\\clone ppl\\BojongStore\\vendor\\laravel\\framework\\src\\Illuminate\\Pipeline\\Pipeline.php(208): Illuminate\\Foundation\\Http\\Middleware\\InvokeDeferredCallbacks->handle(Object(Illuminate\\Http\\Request), Object(Closure))
#59 D:\\SMT 6\\PPL\\clone ppl\\BojongStore\\vendor\\laravel\\framework\\src\\Illuminate\\Http\\Middleware\\ValidatePathEncoding.php(26): Illuminate\\Pipeline\\Pipeline->Illuminate\\Pipeline\\{closure}(Object(Illuminate\\Http\\Request))
#60 D:\\SMT 6\\PPL\\clone ppl\\BojongStore\\vendor\\laravel\\framework\\src\\Illuminate\\Pipeline\\Pipeline.php(208): Illuminate\\Http\\Middleware\\ValidatePathEncoding->handle(Object(Illuminate\\Http\\Request), Object(Closure))
#61 D:\\SMT 6\\PPL\\clone ppl\\BojongStore\\vendor\\laravel\\framework\\src\\Illuminate\\Pipeline\\Pipeline.php(126): Illuminate\\Pipeline\\Pipeline->Illuminate\\Pipeline\\{closure}(Object(Illuminate\\Http\\Request))
#62 D:\\SMT 6\\PPL\\clone ppl\\BojongStore\\vendor\\laravel\\framework\\src\\Illuminate\\Foundation\\Http\\Kernel.php(175): Illuminate\\Pipeline\\Pipeline->then(Object(Closure))
#63 D:\\SMT 6\\PPL\\clone ppl\\BojongStore\\vendor\\laravel\\framework\\src\\Illuminate\\Foundation\\Http\\Kernel.php(144): Illuminate\\Foundation\\Http\\Kernel->sendRequestThroughRouter(Object(Illuminate\\Http\\Request))
#64 D:\\SMT 6\\PPL\\clone ppl\\BojongStore\\vendor\\laravel\\framework\\src\\Illuminate\\Foundation\\Testing\\Concerns\\MakesHttpRequests.php(607): Illuminate\\Foundation\\Http\\Kernel->handle(Object(Illuminate\\Http\\Request))
#65 D:\\SMT 6\\PPL\\clone ppl\\BojongStore\\vendor\\laravel\\framework\\src\\Illuminate\\Foundation\\Testing\\Concerns\\MakesHttpRequests.php(368): Illuminate\\Foundation\\Testing\\TestCase->call('GET', '/forgot-passwor...', Array, Array, Array, Array)
#66 D:\\SMT 6\\PPL\\clone ppl\\BojongStore\\tests\\Feature\\Auth\\PasswordResetTest.php(17): Illuminate\\Foundation\\Testing\\TestCase->get('/forgot-passwor...')
#67 D:\\SMT 6\\PPL\\clone ppl\\BojongStore\\vendor\\phpunit\\phpunit\\src\\Framework\\TestCase.php(1656): Tests\\Feature\\Auth\\PasswordResetTest->test_reset_password_link_screen_can_be_rendered()
#68 D:\\SMT 6\\PPL\\clone ppl\\BojongStore\\vendor\\phpunit\\phpunit\\src\\Framework\\TestCase.php(514): PHPUnit\\Framework\\TestCase->runTest()
#69 D:\\SMT 6\\PPL\\clone ppl\\BojongStore\\vendor\\phpunit\\phpunit\\src\\Framework\\TestRunner\\TestRunner.php(87): PHPUnit\\Framework\\TestCase->runBare()
#70 D:\\SMT 6\\PPL\\clone ppl\\BojongStore\\vendor\\phpunit\\phpunit\\src\\Framework\\TestCase.php(361): PHPUnit\\Framework\\TestRunner->run(Object(Tests\\Feature\\Auth\\PasswordResetTest))
#71 D:\\SMT 6\\PPL\\clone ppl\\BojongStore\\vendor\\phpunit\\phpunit\\src\\Framework\\TestSuite.php(369): PHPUnit\\Framework\\TestCase->run()
#72 D:\\SMT 6\\PPL\\clone ppl\\BojongStore\\vendor\\phpunit\\phpunit\\src\\Framework\\TestSuite.php(369): PHPUnit\\Framework\\TestSuite->run()
#73 D:\\SMT 6\\PPL\\clone ppl\\BojongStore\\vendor\\phpunit\\phpunit\\src\\Framework\\TestSuite.php(369): PHPUnit\\Framework\\TestSuite->run()
#74 D:\\SMT 6\\PPL\\clone ppl\\BojongStore\\vendor\\phpunit\\phpunit\\src\\TextUI\\TestRunner.php(64): PHPUnit\\Framework\\TestSuite->run()
#75 D:\\SMT 6\\PPL\\clone ppl\\BojongStore\\vendor\\phpunit\\phpunit\\src\\TextUI\\Application.php(210): PHPUnit\\TextUI\\TestRunner->run(Object(PHPUnit\\TextUI\\Configuration\\Configuration), Object(PHPUnit\\Runner\\ResultCache\\DefaultResultCache), Object(PHPUnit\\Framework\\TestSuite))
#76 D:\\SMT 6\\PPL\\clone ppl\\BojongStore\\vendor\\phpunit\\phpunit\\phpunit(104): PHPUnit\\TextUI\\Application->run(Array)
#77 {main}
"} 
[2026-06-03 10:48:47] testing.ERROR: View [layouts.guest] not found. (View: D:\SMT 6\PPL\clone ppl\BojongStore\resources\views\auth\reset-password.blade.php) {"exception":"[object] (Illuminate\\View\\ViewException(code: 0): View [layouts.guest] not found. (View: D:\\SMT 6\\PPL\\clone ppl\\BojongStore\\resources\\views\\auth\\reset-password.blade.php) at D:\\SMT 6\\PPL\\clone ppl\\BojongStore\\vendor\\laravel\\framework\\src\\Illuminate\\View\\FileViewFinder.php:138)
[stacktrace]
#0 D:\\SMT 6\\PPL\\clone ppl\\BojongStore\\vendor\\laravel\\framework\\src\\Illuminate\\View\\Engines\\PhpEngine.php(59): Illuminate\\View\\Engines\\CompilerEngine->handleViewException(Object(InvalidArgumentException), 1)
#1 D:\\SMT 6\\PPL\\clone ppl\\BojongStore\\vendor\\laravel\\framework\\src\\Illuminate\\View\\Engines\\CompilerEngine.php(74): Illuminate\\View\\Engines\\PhpEngine->evaluatePath('D:\\\\SMT 6\\\\PPL\\\\cl...', Array)
#2 D:\\SMT 6\\PPL\\clone ppl\\BojongStore\\vendor\\laravel\\framework\\src\\Illuminate\\View\\View.php(208): Illuminate\\View\\Engines\\CompilerEngine->get('D:\\\\SMT 6\\\\PPL\\\\cl...', Array)
#3 D:\\SMT 6\\PPL\\clone ppl\\BojongStore\\vendor\\laravel\\framework\\src\\Illuminate\\View\\View.php(191): Illuminate\\View\\View->getContents()
#4 D:\\SMT 6\\PPL\\clone ppl\\BojongStore\\vendor\\laravel\\framework\\src\\Illuminate\\View\\View.php(160): Illuminate\\View\\View->renderContents()
#5 D:\\SMT 6\\PPL\\clone ppl\\BojongStore\\vendor\\laravel\\framework\\src\\Illuminate\\Http\\Response.php(78): Illuminate\\View\\View->render()
#6 D:\\SMT 6\\PPL\\clone ppl\\BojongStore\\vendor\\laravel\\framework\\src\\Illuminate\\Http\\Response.php(34): Illuminate\\Http\\Response->setContent(Object(Illuminate\\View\\View))
#7 D:\\SMT 6\\PPL\\clone ppl\\BojongStore\\vendor\\laravel\\framework\\src\\Illuminate\\Routing\\Router.php(924): Illuminate\\Http\\Response->__construct(Object(Illuminate\\View\\View), 200, Array)
#8 D:\\SMT 6\\PPL\\clone ppl\\BojongStore\\vendor\\laravel\\framework\\src\\Illuminate\\Routing\\Router.php(891): Illuminate\\Routing\\Router::toResponse(Object(Illuminate\\Http\\Request), Object(Illuminate\\View\\View))
#9 D:\\SMT 6\\PPL\\clone ppl\\BojongStore\\vendor\\laravel\\framework\\src\\Illuminate\\Routing\\Router.php(807): Illuminate\\Routing\\Router->prepareResponse(Object(Illuminate\\Http\\Request), Object(Illuminate\\View\\View))
#10 D:\\SMT 6\\PPL\\clone ppl\\BojongStore\\vendor\\laravel\\framework\\src\\Illuminate\\Pipeline\\Pipeline.php(169): Illuminate\\Routing\\Router->Illuminate\\Routing\\{closure}(Object(Illuminate\\Http\\Request))
#11 D:\\SMT 6\\PPL\\clone ppl\\BojongStore\\vendor\\laravel\\framework\\src\\Illuminate\\Auth\\Middleware\\RedirectIfAuthenticated.php(35): Illuminate\\Pipeline\\Pipeline->Illuminate\\Pipeline\\{closure}(Object(Illuminate\\Http\\Request))
#12 D:\\SMT 6\\PPL\\clone ppl\\BojongStore\\vendor\\laravel\\framework\\src\\Illuminate\\Pipeline\\Pipeline.php(208): Illuminate\\Auth\\Middleware\\RedirectIfAuthenticated->handle(Object(Illuminate\\Http\\Request), Object(Closure))
#13 D:\\SMT 6\\PPL\\clone ppl\\BojongStore\\app\\Http\\Middleware\\LogVisitor.php(36): Illuminate\\Pipeline\\Pipeline->Illuminate\\Pipeline\\{closure}(Object(Illuminate\\Http\\Request))
#14 D:\\SMT 6\\PPL\\clone ppl\\BojongStore\\vendor\\laravel\\framework\\src\\Illuminate\\Pipeline\\Pipeline.php(208): App\\Http\\Middleware\\LogVisitor->handle(Object(Illuminate\\Http\\Request), Object(Closure))
#15 D:\\SMT 6\\PPL\\clone ppl\\BojongStore\\vendor\\laravel\\framework\\src\\Illuminate\\Routing\\Middleware\\SubstituteBindings.php(50): Illuminate\\Pipeline\\Pipeline->Illuminate\\Pipeline\\{closure}(Object(Illuminate\\Http\\Request))
#16 D:\\SMT 6\\PPL\\clone ppl\\BojongStore\\vendor\\laravel\\framework\\src\\Illuminate\\Pipeline\\Pipeline.php(208): Illuminate\\Routing\\Middleware\\SubstituteBindings->handle(Object(Illuminate\\Http\\Request), Object(Closure))
#17 D:\\SMT 6\\PPL\\clone ppl\\BojongStore\\vendor\\laravel\\framework\\src\\Illuminate\\Foundation\\Http\\Middleware\\VerifyCsrfToken.php(87): Illuminate\\Pipeline\\Pipeline->Illuminate\\Pipeline\\{closure}(Object(Illuminate\\Http\\Request))
#18 D:\\SMT 6\\PPL\\clone ppl\\BojongStore\\vendor\\laravel\\framework\\src\\Illuminate\\Pipeline\\Pipeline.php(208): Illuminate\\Foundation\\Http\\Middleware\\VerifyCsrfToken->handle(Object(Illuminate\\Http\\Request), Object(Closure))
#19 D:\\SMT 6\\PPL\\clone ppl\\BojongStore\\vendor\\laravel\\framework\\src\\Illuminate\\View\\Middleware\\ShareErrorsFromSession.php(48): Illuminate\\Pipeline\\Pipeline->Illuminate\\Pipeline\\{closure}(Object(Illuminate\\Http\\Request))
#20 D:\\SMT 6\\PPL\\clone ppl\\BojongStore\\vendor\\laravel\\framework\\src\\Illuminate\\Pipeline\\Pipeline.php(208): Illuminate\\View\\Middleware\\ShareErrorsFromSession->handle(Object(Illuminate\\Http\\Request), Object(Closure))
#21 D:\\SMT 6\\PPL\\clone ppl\\BojongStore\\vendor\\laravel\\framework\\src\\Illuminate\\Session\\Middleware\\StartSession.php(120): Illuminate\\Pipeline\\Pipeline->Illuminate\\Pipeline\\{closure}(Object(Illuminate\\Http\\Request))
#22 D:\\SMT 6\\PPL\\clone ppl\\BojongStore\\vendor\\laravel\\framework\\src\\Illuminate\\Session\\Middleware\\StartSession.php(63): Illuminate\\Session\\Middleware\\StartSession->handleStatefulRequest(Object(Illuminate\\Http\\Request), Object(Illuminate\\Session\\Store), Object(Closure))
#23 D:\\SMT 6\\PPL\\clone ppl\\BojongStore\\vendor\\laravel\\framework\\src\\Illuminate\\Pipeline\\Pipeline.php(208): Illuminate\\Session\\Middleware\\StartSession->handle(Object(Illuminate\\Http\\Request), Object(Closure))
#24 D:\\SMT 6\\PPL\\clone ppl\\BojongStore\\vendor\\laravel\\framework\\src\\Illuminate\\Cookie\\Middleware\\AddQueuedCookiesToResponse.php(36): Illuminate\\Pipeline\\Pipeline->Illuminate\\Pipeline\\{closure}(Object(Illuminate\\Http\\Request))
#25 D:\\SMT 6\\PPL\\clone ppl\\BojongStore\\vendor\\laravel\\framework\\src\\Illuminate\\Pipeline\\Pipeline.php(208): Illuminate\\Cookie\\Middleware\\AddQueuedCookiesToResponse->handle(Object(Illuminate\\Http\\Request), Object(Closure))
#26 D:\\SMT 6\\PPL\\clone ppl\\BojongStore\\vendor\\laravel\\framework\\src\\Illuminate\\Cookie\\Middleware\\EncryptCookies.php(74): Illuminate\\Pipeline\\Pipeline->Illuminate\\Pipeline\\{closure}(Object(Illuminate\\Http\\Request))
#27 D:\\SMT 6\\PPL\\clone ppl\\BojongStore\\vendor\\laravel\\framework\\src\\Illuminate\\Pipeline\\Pipeline.php(208): Illuminate\\Cookie\\Middleware\\EncryptCookies->handle(Object(Illuminate\\Http\\Request), Object(Closure))
#28 D:\\SMT 6\\PPL\\clone ppl\\BojongStore\\vendor\\laravel\\framework\\src\\Illuminate\\Pipeline\\Pipeline.php(126): Illuminate\\Pipeline\\Pipeline->Illuminate\\Pipeline\\{closure}(Object(Illuminate\\Http\\Request))
#29 D:\\SMT 6\\PPL\\clone ppl\\BojongStore\\vendor\\laravel\\framework\\src\\Illuminate\\Routing\\Router.php(807): Illuminate\\Pipeline\\Pipeline->then(Object(Closure))
#30 D:\\SMT 6\\PPL\\clone ppl\\BojongStore\\vendor\\laravel\\framework\\src\\Illuminate\\Routing\\Router.php(786): Illuminate\\Routing\\Router->runRouteWithinStack(Object(Illuminate\\Routing\\Route), Object(Illuminate\\Http\\Request))
#31 D:\\SMT 6\\PPL\\clone ppl\\BojongStore\\vendor\\laravel\\framework\\src\\Illuminate\\Routing\\Router.php(750): Illuminate\\Routing\\Router->runRoute(Object(Illuminate\\Http\\Request), Object(Illuminate\\Routing\\Route))
#32 D:\\SMT 6\\PPL\\clone ppl\\BojongStore\\vendor\\laravel\\framework\\src\\Illuminate\\Routing\\Router.php(739): Illuminate\\Routing\\Router->dispatchToRoute(Object(Illuminate\\Http\\Request))
#33 D:\\SMT 6\\PPL\\clone ppl\\BojongStore\\vendor\\laravel\\framework\\src\\Illuminate\\Foundation\\Http\\Kernel.php(200): Illuminate\\Routing\\Router->dispatch(Object(Illuminate\\Http\\Request))
#34 D:\\SMT 6\\PPL\\clone ppl\\BojongStore\\vendor\\laravel\\framework\\src\\Illuminate\\Pipeline\\Pipeline.php(169): Illuminate\\Foundation\\Http\\Kernel->Illuminate\\Foundation\\Http\\{closure}(Object(Illuminate\\Http\\Request))
#35 D:\\SMT 6\\PPL\\clone ppl\\BojongStore\\vendor\\laravel\\framework\\src\\Illuminate\\Foundation\\Http\\Middleware\\TransformsRequest.php(21): Illuminate\\Pipeline\\Pipeline->Illuminate\\Pipeline\\{closure}(Object(Illuminate\\Http\\Request))
#36 D:\\SMT 6\\PPL\\clone ppl\\BojongStore\\vendor\\laravel\\framework\\src\\Illuminate\\Foundation\\Http\\Middleware\\ConvertEmptyStringsToNull.php(31): Illuminate\\Foundation\\Http\\Middleware\\TransformsRequest->handle(Object(Illuminate\\Http\\Request), Object(Closure))
#37 D:\\SMT 6\\PPL\\clone ppl\\BojongStore\\vendor\\laravel\\framework\\src\\Illuminate\\Pipeline\\Pipeline.php(208): Illuminate\\Foundation\\Http\\Middleware\\ConvertEmptyStringsToNull->handle(Object(Illuminate\\Http\\Request), Object(Closure))
#38 D:\\SMT 6\\PPL\\clone ppl\\BojongStore\\vendor\\laravel\\framework\\src\\Illuminate\\Foundation\\Http\\Middleware\\TransformsRequest.php(21): Illuminate\\Pipeline\\Pipeline->Illuminate\\Pipeline\\{closure}(Object(Illuminate\\Http\\Request))
#39 D:\\SMT 6\\PPL\\clone ppl\\BojongStore\\vendor\\laravel\\framework\\src\\Illuminate\\Foundation\\Http\\Middleware\\TrimStrings.php(51): Illuminate\\Foundation\\Http\\Middleware\\TransformsRequest->handle(Object(Illuminate\\Http\\Request), Object(Closure))
#40 D:\\SMT 6\\PPL\\clone ppl\\BojongStore\\vendor\\laravel\\framework\\src\\Illuminate\\Pipeline\\Pipeline.php(208): Illuminate\\Foundation\\Http\\Middleware\\TrimStrings->handle(Object(Illuminate\\Http\\Request), Object(Closure))
#41 D:\\SMT 6\\PPL\\clone ppl\\BojongStore\\vendor\\laravel\\framework\\src\\Illuminate\\Http\\Middleware\\ValidatePostSize.php(27): Illuminate\\Pipeline\\Pipeline->Illuminate\\Pipeline\\{closure}(Object(Illuminate\\Http\\Request))
#42 D:\\SMT 6\\PPL\\clone ppl\\BojongStore\\vendor\\laravel\\framework\\src\\Illuminate\\Pipeline\\Pipeline.php(208): Illuminate\\Http\\Middleware\\ValidatePostSize->handle(Object(Illuminate\\Http\\Request), Object(Closure))
#43 D:\\SMT 6\\PPL\\clone ppl\\BojongStore\\vendor\\laravel\\framework\\src\\Illuminate\\Foundation\\Http\\Middleware\\PreventRequestsDuringMaintenance.php(109): Illuminate\\Pipeline\\Pipeline->Illuminate\\Pipeline\\{closure}(Object(Illuminate\\Http\\Request))
#44 D:\\SMT 6\\PPL\\clone ppl\\BojongStore\\vendor\\laravel\\framework\\src\\Illuminate\\Pipeline\\Pipeline.php(208): Illuminate\\Foundation\\Http\\Middleware\\PreventRequestsDuringMaintenance->handle(Object(Illuminate\\Http\\Request), Object(Closure))
#45 D:\\SMT 6\\PPL\\clone ppl\\BojongStore\\vendor\\laravel\\framework\\src\\Illuminate\\Http\\Middleware\\HandleCors.php(48): Illuminate\\Pipeline\\Pipeline->Illuminate\\Pipeline\\{closure}(Object(Illuminate\\Http\\Request))
#46 D:\\SMT 6\\PPL\\clone ppl\\BojongStore\\vendor\\laravel\\framework\\src\\Illuminate\\Pipeline\\Pipeline.php(208): Illuminate\\Http\\Middleware\\HandleCors->handle(Object(Illuminate\\Http\\Request), Object(Closure))
#47 D:\\SMT 6\\PPL\\clone ppl\\BojongStore\\vendor\\laravel\\framework\\src\\Illuminate\\Http\\Middleware\\TrustProxies.php(58): Illuminate\\Pipeline\\Pipeline->Illuminate\\Pipeline\\{closure}(Object(Illuminate\\Http\\Request))
#48 D:\\SMT 6\\PPL\\clone ppl\\BojongStore\\vendor\\laravel\\framework\\src\\Illuminate\\Pipeline\\Pipeline.php(208): Illuminate\\Http\\Middleware\\TrustProxies->handle(Object(Illuminate\\Http\\Request), Object(Closure))
#49 D:\\SMT 6\\PPL\\clone ppl\\BojongStore\\vendor\\laravel\\framework\\src\\Illuminate\\Foundation\\Http\\Middleware\\InvokeDeferredCallbacks.php(22): Illuminate\\Pipeline\\Pipeline->Illuminate\\Pipeline\\{closure}(Object(Illuminate\\Http\\Request))
#50 D:\\SMT 6\\PPL\\clone ppl\\BojongStore\\vendor\\laravel\\framework\\src\\Illuminate\\Pipeline\\Pipeline.php(208): Illuminate\\Foundation\\Http\\Middleware\\InvokeDeferredCallbacks->handle(Object(Illuminate\\Http\\Request), Object(Closure))
#51 D:\\SMT 6\\PPL\\clone ppl\\BojongStore\\vendor\\laravel\\framework\\src\\Illuminate\\Http\\Middleware\\ValidatePathEncoding.php(26): Illuminate\\Pipeline\\Pipeline->Illuminate\\Pipeline\\{closure}(Object(Illuminate\\Http\\Request))
#52 D:\\SMT 6\\PPL\\clone ppl\\BojongStore\\vendor\\laravel\\framework\\src\\Illuminate\\Pipeline\\Pipeline.php(208): Illuminate\\Http\\Middleware\\ValidatePathEncoding->handle(Object(Illuminate\\Http\\Request), Object(Closure))
#53 D:\\SMT 6\\PPL\\clone ppl\\BojongStore\\vendor\\laravel\\framework\\src\\Illuminate\\Pipeline\\Pipeline.php(126): Illuminate\\Pipeline\\Pipeline->Illuminate\\Pipeline\\{closure}(Object(Illuminate\\Http\\Request))
#54 D:\\SMT 6\\PPL\\clone ppl\\BojongStore\\vendor\\laravel\\framework\\src\\Illuminate\\Foundation\\Http\\Kernel.php(175): Illuminate\\Pipeline\\Pipeline->then(Object(Closure))
#55 D:\\SMT 6\\PPL\\clone ppl\\BojongStore\\vendor\\laravel\\framework\\src\\Illuminate\\Foundation\\Http\\Kernel.php(144): Illuminate\\Foundation\\Http\\Kernel->sendRequestThroughRouter(Object(Illuminate\\Http\\Request))
#56 D:\\SMT 6\\PPL\\clone ppl\\BojongStore\\vendor\\laravel\\framework\\src\\Illuminate\\Foundation\\Testing\\Concerns\\MakesHttpRequests.php(607): Illuminate\\Foundation\\Http\\Kernel->handle(Object(Illuminate\\Http\\Request))
#57 D:\\SMT 6\\PPL\\clone ppl\\BojongStore\\vendor\\laravel\\framework\\src\\Illuminate\\Foundation\\Testing\\Concerns\\MakesHttpRequests.php(368): Illuminate\\Foundation\\Testing\\TestCase->call('GET', '/reset-password...', Array, Array, Array, Array)
#58 D:\\SMT 6\\PPL\\clone ppl\\BojongStore\\tests\\Feature\\Auth\\PasswordResetTest.php(42): Illuminate\\Foundation\\Testing\\TestCase->get('/reset-password...')
#59 D:\\SMT 6\\PPL\\clone ppl\\BojongStore\\vendor\\laravel\\framework\\src\\Illuminate\\Support\\Testing\\Fakes\\NotificationFake.php(257): Tests\\Feature\\Auth\\PasswordResetTest->Tests\\Feature\\Auth\\{closure}(Object(Illuminate\\Auth\\Notifications\\ResetPassword), Array, Object(App\\Models\\User), NULL)
#60 [internal function]: Illuminate\\Support\\Testing\\Fakes\\NotificationFake->Illuminate\\Support\\Testing\\Fakes\\{closure}(Array, 0)
#61 D:\\SMT 6\\PPL\\clone ppl\\BojongStore\\vendor\\laravel\\framework\\src\\Illuminate\\Collections\\Arr.php(1114): array_filter(Array, Object(Closure), 1)
#62 D:\\SMT 6\\PPL\\clone ppl\\BojongStore\\vendor\\laravel\\framework\\src\\Illuminate\\Collections\\Collection.php(400): Illuminate\\Support\\Arr::where(Array, Object(Closure))
#63 D:\\SMT 6\\PPL\\clone ppl\\BojongStore\\vendor\\laravel\\framework\\src\\Illuminate\\Support\\Testing\\Fakes\\NotificationFake.php(256): Illuminate\\Support\\Collection->filter(Object(Closure))
#64 D:\\SMT 6\\PPL\\clone ppl\\BojongStore\\vendor\\laravel\\framework\\src\\Illuminate\\Support\\Testing\\Fakes\\NotificationFake.php(90): Illuminate\\Support\\Testing\\Fakes\\NotificationFake->sent(Object(App\\Models\\User), 'Illuminate\\\\Auth...', Object(Closure))
#65 D:\\SMT 6\\PPL\\clone ppl\\BojongStore\\vendor\\laravel\\framework\\src\\Illuminate\\Support\\Facades\\Facade.php(361): Illuminate\\Support\\Testing\\Fakes\\NotificationFake->assertSentTo(Object(App\\Models\\User), 'Illuminate\\\\Auth...', Object(Closure))
#66 D:\\SMT 6\\PPL\\clone ppl\\BojongStore\\tests\\Feature\\Auth\\PasswordResetTest.php(41): Illuminate\\Support\\Facades\\Facade::__callStatic('assertSentTo', Array)
#67 D:\\SMT 6\\PPL\\clone ppl\\BojongStore\\vendor\\phpunit\\phpunit\\src\\Framework\\TestCase.php(1656): Tests\\Feature\\Auth\\PasswordResetTest->test_reset_password_screen_can_be_rendered()
#68 D:\\SMT 6\\PPL\\clone ppl\\BojongStore\\vendor\\phpunit\\phpunit\\src\\Framework\\TestCase.php(514): PHPUnit\\Framework\\TestCase->runTest()
#69 D:\\SMT 6\\PPL\\clone ppl\\BojongStore\\vendor\\phpunit\\phpunit\\src\\Framework\\TestRunner\\TestRunner.php(87): PHPUnit\\Framework\\TestCase->runBare()
#70 D:\\SMT 6\\PPL\\clone ppl\\BojongStore\\vendor\\phpunit\\phpunit\\src\\Framework\\TestCase.php(361): PHPUnit\\Framework\\TestRunner->run(Object(Tests\\Feature\\Auth\\PasswordResetTest))
#71 D:\\SMT 6\\PPL\\clone ppl\\BojongStore\\vendor\\phpunit\\phpunit\\src\\Framework\\TestSuite.php(369): PHPUnit\\Framework\\TestCase->run()
#72 D:\\SMT 6\\PPL\\clone ppl\\BojongStore\\vendor\\phpunit\\phpunit\\src\\Framework\\TestSuite.php(369): PHPUnit\\Framework\\TestSuite->run()
#73 D:\\SMT 6\\PPL\\clone ppl\\BojongStore\\vendor\\phpunit\\phpunit\\src\\Framework\\TestSuite.php(369): PHPUnit\\Framework\\TestSuite->run()
#74 D:\\SMT 6\\PPL\\clone ppl\\BojongStore\\vendor\\phpunit\\phpunit\\src\\TextUI\\TestRunner.php(64): PHPUnit\\Framework\\TestSuite->run()
#75 D:\\SMT 6\\PPL\\clone ppl\\BojongStore\\vendor\\phpunit\\phpunit\\src\\TextUI\\Application.php(210): PHPUnit\\TextUI\\TestRunner->run(Object(PHPUnit\\TextUI\\Configuration\\Configuration), Object(PHPUnit\\Runner\\ResultCache\\DefaultResultCache), Object(PHPUnit\\Framework\\TestSuite))
#76 D:\\SMT 6\\PPL\\clone ppl\\BojongStore\\vendor\\phpunit\\phpunit\\phpunit(104): PHPUnit\\TextUI\\Application->run(Array)
#77 {main}

[previous exception] [object] (InvalidArgumentException(code: 0): View [layouts.guest] not found. at D:\\SMT 6\\PPL\\clone ppl\\BojongStore\\vendor\\laravel\\framework\\src\\Illuminate\\View\\FileViewFinder.php:138)
[stacktrace]
#0 D:\\SMT 6\\PPL\\clone ppl\\BojongStore\\vendor\\laravel\\framework\\src\\Illuminate\\View\\FileViewFinder.php(78): Illuminate\\View\\FileViewFinder->findInPaths('layouts.guest', Array)
#1 D:\\SMT 6\\PPL\\clone ppl\\BojongStore\\vendor\\laravel\\framework\\src\\Illuminate\\View\\Factory.php(150): Illuminate\\View\\FileViewFinder->find('layouts.guest')
#2 D:\\SMT 6\\PPL\\clone ppl\\BojongStore\\vendor\\laravel\\framework\\src\\Illuminate\\Foundation\\helpers.php(1079): Illuminate\\View\\Factory->make('layouts.guest', Array, Array)
#3 D:\\SMT 6\\PPL\\clone ppl\\BojongStore\\app\\View\\Components\\GuestLayout.php(15): view('layouts.guest')
#4 D:\\SMT 6\\PPL\\clone ppl\\BojongStore\\vendor\\laravel\\framework\\src\\Illuminate\\View\\Component.php(143): App\\View\\Components\\GuestLayout->render()
#5 D:\\SMT 6\\PPL\\clone ppl\\BojongStore\\storage\\framework\\views\\20bb65f2daa54cad4a4ee34656a2b5b5.php(6): Illuminate\\View\\Component->resolveView()
#6 D:\\SMT 6\\PPL\\clone ppl\\BojongStore\\vendor\\laravel\\framework\\src\\Illuminate\\Filesystem\\Filesystem.php(123): require('D:\\\\SMT 6\\\\PPL\\\\cl...')
#7 D:\\SMT 6\\PPL\\clone ppl\\BojongStore\\vendor\\laravel\\framework\\src\\Illuminate\\Filesystem\\Filesystem.php(124): Illuminate\\Filesystem\\Filesystem::Illuminate\\Filesystem\\{closure}()
#8 D:\\SMT 6\\PPL\\clone ppl\\BojongStore\\vendor\\laravel\\framework\\src\\Illuminate\\View\\Engines\\PhpEngine.php(57): Illuminate\\Filesystem\\Filesystem->getRequire('D:\\\\SMT 6\\\\PPL\\\\cl...', Array)
#9 D:\\SMT 6\\PPL\\clone ppl\\BojongStore\\vendor\\laravel\\framework\\src\\Illuminate\\View\\Engines\\CompilerEngine.php(74): Illuminate\\View\\Engines\\PhpEngine->evaluatePath('D:\\\\SMT 6\\\\PPL\\\\cl...', Array)
#10 D:\\SMT 6\\PPL\\clone ppl\\BojongStore\\vendor\\laravel\\framework\\src\\Illuminate\\View\\View.php(208): Illuminate\\View\\Engines\\CompilerEngine->get('D:\\\\SMT 6\\\\PPL\\\\cl...', Array)
#11 D:\\SMT 6\\PPL\\clone ppl\\BojongStore\\vendor\\laravel\\framework\\src\\Illuminate\\View\\View.php(191): Illuminate\\View\\View->getContents()
#12 D:\\SMT 6\\PPL\\clone ppl\\BojongStore\\vendor\\laravel\\framework\\src\\Illuminate\\View\\View.php(160): Illuminate\\View\\View->renderContents()
#13 D:\\SMT 6\\PPL\\clone ppl\\BojongStore\\vendor\\laravel\\framework\\src\\Illuminate\\Http\\Response.php(78): Illuminate\\View\\View->render()
#14 D:\\SMT 6\\PPL\\clone ppl\\BojongStore\\vendor\\laravel\\framework\\src\\Illuminate\\Http\\Response.php(34): Illuminate\\Http\\Response->setContent(Object(Illuminate\\View\\View))
#15 D:\\SMT 6\\PPL\\clone ppl\\BojongStore\\vendor\\laravel\\framework\\src\\Illuminate\\Routing\\Router.php(924): Illuminate\\Http\\Response->__construct(Object(Illuminate\\View\\View), 200, Array)
#16 D:\\SMT 6\\PPL\\clone ppl\\BojongStore\\vendor\\laravel\\framework\\src\\Illuminate\\Routing\\Router.php(891): Illuminate\\Routing\\Router::toResponse(Object(Illuminate\\Http\\Request), Object(Illuminate\\View\\View))
#17 D:\\SMT 6\\PPL\\clone ppl\\BojongStore\\vendor\\laravel\\framework\\src\\Illuminate\\Routing\\Router.php(807): Illuminate\\Routing\\Router->prepareResponse(Object(Illuminate\\Http\\Request), Object(Illuminate\\View\\View))
#18 D:\\SMT 6\\PPL\\clone ppl\\BojongStore\\vendor\\laravel\\framework\\src\\Illuminate\\Pipeline\\Pipeline.php(169): Illuminate\\Routing\\Router->Illuminate\\Routing\\{closure}(Object(Illuminate\\Http\\Request))
#19 D:\\SMT 6\\PPL\\clone ppl\\BojongStore\\vendor\\laravel\\framework\\src\\Illuminate\\Auth\\Middleware\\RedirectIfAuthenticated.php(35): Illuminate\\Pipeline\\Pipeline->Illuminate\\Pipeline\\{closure}(Object(Illuminate\\Http\\Request))
#20 D:\\SMT 6\\PPL\\clone ppl\\BojongStore\\vendor\\laravel\\framework\\src\\Illuminate\\Pipeline\\Pipeline.php(208): Illuminate\\Auth\\Middleware\\RedirectIfAuthenticated->handle(Object(Illuminate\\Http\\Request), Object(Closure))
#21 D:\\SMT 6\\PPL\\clone ppl\\BojongStore\\app\\Http\\Middleware\\LogVisitor.php(36): Illuminate\\Pipeline\\Pipeline->Illuminate\\Pipeline\\{closure}(Object(Illuminate\\Http\\Request))
#22 D:\\SMT 6\\PPL\\clone ppl\\BojongStore\\vendor\\laravel\\framework\\src\\Illuminate\\Pipeline\\Pipeline.php(208): App\\Http\\Middleware\\LogVisitor->handle(Object(Illuminate\\Http\\Request), Object(Closure))
#23 D:\\SMT 6\\PPL\\clone ppl\\BojongStore\\vendor\\laravel\\framework\\src\\Illuminate\\Routing\\Middleware\\SubstituteBindings.php(50): Illuminate\\Pipeline\\Pipeline->Illuminate\\Pipeline\\{closure}(Object(Illuminate\\Http\\Request))
#24 D:\\SMT 6\\PPL\\clone ppl\\BojongStore\\vendor\\laravel\\framework\\src\\Illuminate\\Pipeline\\Pipeline.php(208): Illuminate\\Routing\\Middleware\\SubstituteBindings->handle(Object(Illuminate\\Http\\Request), Object(Closure))
#25 D:\\SMT 6\\PPL\\clone ppl\\BojongStore\\vendor\\laravel\\framework\\src\\Illuminate\\Foundation\\Http\\Middleware\\VerifyCsrfToken.php(87): Illuminate\\Pipeline\\Pipeline->Illuminate\\Pipeline\\{closure}(Object(Illuminate\\Http\\Request))
#26 D:\\SMT 6\\PPL\\clone ppl\\BojongStore\\vendor\\laravel\\framework\\src\\Illuminate\\Pipeline\\Pipeline.php(208): Illuminate\\Foundation\\Http\\Middleware\\VerifyCsrfToken->handle(Object(Illuminate\\Http\\Request), Object(Closure))
#27 D:\\SMT 6\\PPL\\clone ppl\\BojongStore\\vendor\\laravel\\framework\\src\\Illuminate\\View\\Middleware\\ShareErrorsFromSession.php(48): Illuminate\\Pipeline\\Pipeline->Illuminate\\Pipeline\\{closure}(Object(Illuminate\\Http\\Request))
#28 D:\\SMT 6\\PPL\\clone ppl\\BojongStore\\vendor\\laravel\\framework\\src\\Illuminate\\Pipeline\\Pipeline.php(208): Illuminate\\View\\Middleware\\ShareErrorsFromSession->handle(Object(Illuminate\\Http\\Request), Object(Closure))
#29 D:\\SMT 6\\PPL\\clone ppl\\BojongStore\\vendor\\laravel\\framework\\src\\Illuminate\\Session\\Middleware\\StartSession.php(120): Illuminate\\Pipeline\\Pipeline->Illuminate\\Pipeline\\{closure}(Object(Illuminate\\Http\\Request))
#30 D:\\SMT 6\\PPL\\clone ppl\\BojongStore\\vendor\\laravel\\framework\\src\\Illuminate\\Session\\Middleware\\StartSession.php(63): Illuminate\\Session\\Middleware\\StartSession->handleStatefulRequest(Object(Illuminate\\Http\\Request), Object(Illuminate\\Session\\Store), Object(Closure))
#31 D:\\SMT 6\\PPL\\clone ppl\\BojongStore\\vendor\\laravel\\framework\\src\\Illuminate\\Pipeline\\Pipeline.php(208): Illuminate\\Session\\Middleware\\StartSession->handle(Object(Illuminate\\Http\\Request), Object(Closure))
#32 D:\\SMT 6\\PPL\\clone ppl\\BojongStore\\vendor\\laravel\\framework\\src\\Illuminate\\Cookie\\Middleware\\AddQueuedCookiesToResponse.php(36): Illuminate\\Pipeline\\Pipeline->Illuminate\\Pipeline\\{closure}(Object(Illuminate\\Http\\Request))
#33 D:\\SMT 6\\PPL\\clone ppl\\BojongStore\\vendor\\laravel\\framework\\src\\Illuminate\\Pipeline\\Pipeline.php(208): Illuminate\\Cookie\\Middleware\\AddQueuedCookiesToResponse->handle(Object(Illuminate\\Http\\Request), Object(Closure))
#34 D:\\SMT 6\\PPL\\clone ppl\\BojongStore\\vendor\\laravel\\framework\\src\\Illuminate\\Cookie\\Middleware\\EncryptCookies.php(74): Illuminate\\Pipeline\\Pipeline->Illuminate\\Pipeline\\{closure}(Object(Illuminate\\Http\\Request))
#35 D:\\SMT 6\\PPL\\clone ppl\\BojongStore\\vendor\\laravel\\framework\\src\\Illuminate\\Pipeline\\Pipeline.php(208): Illuminate\\Cookie\\Middleware\\EncryptCookies->handle(Object(Illuminate\\Http\\Request), Object(Closure))
#36 D:\\SMT 6\\PPL\\clone ppl\\BojongStore\\vendor\\laravel\\framework\\src\\Illuminate\\Pipeline\\Pipeline.php(126): Illuminate\\Pipeline\\Pipeline->Illuminate\\Pipeline\\{closure}(Object(Illuminate\\Http\\Request))
#37 D:\\SMT 6\\PPL\\clone ppl\\BojongStore\\vendor\\laravel\\framework\\src\\Illuminate\\Routing\\Router.php(807): Illuminate\\Pipeline\\Pipeline->then(Object(Closure))
#38 D:\\SMT 6\\PPL\\clone ppl\\BojongStore\\vendor\\laravel\\framework\\src\\Illuminate\\Routing\\Router.php(786): Illuminate\\Routing\\Router->runRouteWithinStack(Object(Illuminate\\Routing\\Route), Object(Illuminate\\Http\\Request))
#39 D:\\SMT 6\\PPL\\clone ppl\\BojongStore\\vendor\\laravel\\framework\\src\\Illuminate\\Routing\\Router.php(750): Illuminate\\Routing\\Router->runRoute(Object(Illuminate\\Http\\Request), Object(Illuminate\\Routing\\Route))
#40 D:\\SMT 6\\PPL\\clone ppl\\BojongStore\\vendor\\laravel\\framework\\src\\Illuminate\\Routing\\Router.php(739): Illuminate\\Routing\\Router->dispatchToRoute(Object(Illuminate\\Http\\Request))
#41 D:\\SMT 6\\PPL\\clone ppl\\BojongStore\\vendor\\laravel\\framework\\src\\Illuminate\\Foundation\\Http\\Kernel.php(200): Illuminate\\Routing\\Router->dispatch(Object(Illuminate\\Http\\Request))
#42 D:\\SMT 6\\PPL\\clone ppl\\BojongStore\\vendor\\laravel\\framework\\src\\Illuminate\\Pipeline\\Pipeline.php(169): Illuminate\\Foundation\\Http\\Kernel->Illuminate\\Foundation\\Http\\{closure}(Object(Illuminate\\Http\\Request))
#43 D:\\SMT 6\\PPL\\clone ppl\\BojongStore\\vendor\\laravel\\framework\\src\\Illuminate\\Foundation\\Http\\Middleware\\TransformsRequest.php(21): Illuminate\\Pipeline\\Pipeline->Illuminate\\Pipeline\\{closure}(Object(Illuminate\\Http\\Request))
#44 D:\\SMT 6\\PPL\\clone ppl\\BojongStore\\vendor\\laravel\\framework\\src\\Illuminate\\Foundation\\Http\\Middleware\\ConvertEmptyStringsToNull.php(31): Illuminate\\Foundation\\Http\\Middleware\\TransformsRequest->handle(Object(Illuminate\\Http\\Request), Object(Closure))
#45 D:\\SMT 6\\PPL\\clone ppl\\BojongStore\\vendor\\laravel\\framework\\src\\Illuminate\\Pipeline\\Pipeline.php(208): Illuminate\\Foundation\\Http\\Middleware\\ConvertEmptyStringsToNull->handle(Object(Illuminate\\Http\\Request), Object(Closure))
#46 D:\\SMT 6\\PPL\\clone ppl\\BojongStore\\vendor\\laravel\\framework\\src\\Illuminate\\Foundation\\Http\\Middleware\\TransformsRequest.php(21): Illuminate\\Pipeline\\Pipeline->Illuminate\\Pipeline\\{closure}(Object(Illuminate\\Http\\Request))
#47 D:\\SMT 6\\PPL\\clone ppl\\BojongStore\\vendor\\laravel\\framework\\src\\Illuminate\\Foundation\\Http\\Middleware\\TrimStrings.php(51): Illuminate\\Foundation\\Http\\Middleware\\TransformsRequest->handle(Object(Illuminate\\Http\\Request), Object(Closure))
#48 D:\\SMT 6\\PPL\\clone ppl\\BojongStore\\vendor\\laravel\\framework\\src\\Illuminate\\Pipeline\\Pipeline.php(208): Illuminate\\Foundation\\Http\\Middleware\\TrimStrings->handle(Object(Illuminate\\Http\\Request), Object(Closure))
#49 D:\\SMT 6\\PPL\\clone ppl\\BojongStore\\vendor\\laravel\\framework\\src\\Illuminate\\Http\\Middleware\\ValidatePostSize.php(27): Illuminate\\Pipeline\\Pipeline->Illuminate\\Pipeline\\{closure}(Object(Illuminate\\Http\\Request))
#50 D:\\SMT 6\\PPL\\clone ppl\\BojongStore\\vendor\\laravel\\framework\\src\\Illuminate\\Pipeline\\Pipeline.php(208): Illuminate\\Http\\Middleware\\ValidatePostSize->handle(Object(Illuminate\\Http\\Request), Object(Closure))
#51 D:\\SMT 6\\PPL\\clone ppl\\BojongStore\\vendor\\laravel\\framework\\src\\Illuminate\\Foundation\\Http\\Middleware\\PreventRequestsDuringMaintenance.php(109): Illuminate\\Pipeline\\Pipeline->Illuminate\\Pipeline\\{closure}(Object(Illuminate\\Http\\Request))
#52 D:\\SMT 6\\PPL\\clone ppl\\BojongStore\\vendor\\laravel\\framework\\src\\Illuminate\\Pipeline\\Pipeline.php(208): Illuminate\\Foundation\\Http\\Middleware\\PreventRequestsDuringMaintenance->handle(Object(Illuminate\\Http\\Request), Object(Closure))
#53 D:\\SMT 6\\PPL\\clone ppl\\BojongStore\\vendor\\laravel\\framework\\src\\Illuminate\\Http\\Middleware\\HandleCors.php(48): Illuminate\\Pipeline\\Pipeline->Illuminate\\Pipeline\\{closure}(Object(Illuminate\\Http\\Request))
#54 D:\\SMT 6\\PPL\\clone ppl\\BojongStore\\vendor\\laravel\\framework\\src\\Illuminate\\Pipeline\\Pipeline.php(208): Illuminate\\Http\\Middleware\\HandleCors->handle(Object(Illuminate\\Http\\Request), Object(Closure))
#55 D:\\SMT 6\\PPL\\clone ppl\\BojongStore\\vendor\\laravel\\framework\\src\\Illuminate\\Http\\Middleware\\TrustProxies.php(58): Illuminate\\Pipeline\\Pipeline->Illuminate\\Pipeline\\{closure}(Object(Illuminate\\Http\\Request))
#56 D:\\SMT 6\\PPL\\clone ppl\\BojongStore\\vendor\\laravel\\framework\\src\\Illuminate\\Pipeline\\Pipeline.php(208): Illuminate\\Http\\Middleware\\TrustProxies->handle(Object(Illuminate\\Http\\Request), Object(Closure))
#57 D:\\SMT 6\\PPL\\clone ppl\\BojongStore\\vendor\\laravel\\framework\\src\\Illuminate\\Foundation\\Http\\Middleware\\InvokeDeferredCallbacks.php(22): Illuminate\\Pipeline\\Pipeline->Illuminate\\Pipeline\\{closure}(Object(Illuminate\\Http\\Request))
#58 D:\\SMT 6\\PPL\\clone ppl\\BojongStore\\vendor\\laravel\\framework\\src\\Illuminate\\Pipeline\\Pipeline.php(208): Illuminate\\Foundation\\Http\\Middleware\\InvokeDeferredCallbacks->handle(Object(Illuminate\\Http\\Request), Object(Closure))
#59 D:\\SMT 6\\PPL\\clone ppl\\BojongStore\\vendor\\laravel\\framework\\src\\Illuminate\\Http\\Middleware\\ValidatePathEncoding.php(26): Illuminate\\Pipeline\\Pipeline->Illuminate\\Pipeline\\{closure}(Object(Illuminate\\Http\\Request))
#60 D:\\SMT 6\\PPL\\clone ppl\\BojongStore\\vendor\\laravel\\framework\\src\\Illuminate\\Pipeline\\Pipeline.php(208): Illuminate\\Http\\Middleware\\ValidatePathEncoding->handle(Object(Illuminate\\Http\\Request), Object(Closure))
#61 D:\\SMT 6\\PPL\\clone ppl\\BojongStore\\vendor\\laravel\\framework\\src\\Illuminate\\Pipeline\\Pipeline.php(126): Illuminate\\Pipeline\\Pipeline->Illuminate\\Pipeline\\{closure}(Object(Illuminate\\Http\\Request))
#62 D:\\SMT 6\\PPL\\clone ppl\\BojongStore\\vendor\\laravel\\framework\\src\\Illuminate\\Foundation\\Http\\Kernel.php(175): Illuminate\\Pipeline\\Pipeline->then(Object(Closure))
#63 D:\\SMT 6\\PPL\\clone ppl\\BojongStore\\vendor\\laravel\\framework\\src\\Illuminate\\Foundation\\Http\\Kernel.php(144): Illuminate\\Foundation\\Http\\Kernel->sendRequestThroughRouter(Object(Illuminate\\Http\\Request))
#64 D:\\SMT 6\\PPL\\clone ppl\\BojongStore\\vendor\\laravel\\framework\\src\\Illuminate\\Foundation\\Testing\\Concerns\\MakesHttpRequests.php(607): Illuminate\\Foundation\\Http\\Kernel->handle(Object(Illuminate\\Http\\Request))
#65 D:\\SMT 6\\PPL\\clone ppl\\BojongStore\\vendor\\laravel\\framework\\src\\Illuminate\\Foundation\\Testing\\Concerns\\MakesHttpRequests.php(368): Illuminate\\Foundation\\Testing\\TestCase->call('GET', '/reset-password...', Array, Array, Array, Array)
#66 D:\\SMT 6\\PPL\\clone ppl\\BojongStore\\tests\\Feature\\Auth\\PasswordResetTest.php(42): Illuminate\\Foundation\\Testing\\TestCase->get('/reset-password...')
#67 D:\\SMT 6\\PPL\\clone ppl\\BojongStore\\vendor\\laravel\\framework\\src\\Illuminate\\Support\\Testing\\Fakes\\NotificationFake.php(257): Tests\\Feature\\Auth\\PasswordResetTest->Tests\\Feature\\Auth\\{closure}(Object(Illuminate\\Auth\\Notifications\\ResetPassword), Array, Object(App\\Models\\User), NULL)
#68 [internal function]: Illuminate\\Support\\Testing\\Fakes\\NotificationFake->Illuminate\\Support\\Testing\\Fakes\\{closure}(Array, 0)
#69 D:\\SMT 6\\PPL\\clone ppl\\BojongStore\\vendor\\laravel\\framework\\src\\Illuminate\\Collections\\Arr.php(1114): array_filter(Array, Object(Closure), 1)
#70 D:\\SMT 6\\PPL\\clone ppl\\BojongStore\\vendor\\laravel\\framework\\src\\Illuminate\\Collections\\Collection.php(400): Illuminate\\Support\\Arr::where(Array, Object(Closure))
#71 D:\\SMT 6\\PPL\\clone ppl\\BojongStore\\vendor\\laravel\\framework\\src\\Illuminate\\Support\\Testing\\Fakes\\NotificationFake.php(256): Illuminate\\Support\\Collection->filter(Object(Closure))
#72 D:\\SMT 6\\PPL\\clone ppl\\BojongStore\\vendor\\laravel\\framework\\src\\Illuminate\\Support\\Testing\\Fakes\\NotificationFake.php(90): Illuminate\\Support\\Testing\\Fakes\\NotificationFake->sent(Object(App\\Models\\User), 'Illuminate\\\\Auth...', Object(Closure))
#73 D:\\SMT 6\\PPL\\clone ppl\\BojongStore\\vendor\\laravel\\framework\\src\\Illuminate\\Support\\Facades\\Facade.php(361): Illuminate\\Support\\Testing\\Fakes\\NotificationFake->assertSentTo(Object(App\\Models\\User), 'Illuminate\\\\Auth...', Object(Closure))
#74 D:\\SMT 6\\PPL\\clone ppl\\BojongStore\\tests\\Feature\\Auth\\PasswordResetTest.php(41): Illuminate\\Support\\Facades\\Facade::__callStatic('assertSentTo', Array)
#75 D:\\SMT 6\\PPL\\clone ppl\\BojongStore\\vendor\\phpunit\\phpunit\\src\\Framework\\TestCase.php(1656): Tests\\Feature\\Auth\\PasswordResetTest->test_reset_password_screen_can_be_rendered()
#76 D:\\SMT 6\\PPL\\clone ppl\\BojongStore\\vendor\\phpunit\\phpunit\\src\\Framework\\TestCase.php(514): PHPUnit\\Framework\\TestCase->runTest()
#77 D:\\SMT 6\\PPL\\clone ppl\\BojongStore\\vendor\\phpunit\\phpunit\\src\\Framework\\TestRunner\\TestRunner.php(87): PHPUnit\\Framework\\TestCase->runBare()
#78 D:\\SMT 6\\PPL\\clone ppl\\BojongStore\\vendor\\phpunit\\phpunit\\src\\Framework\\TestCase.php(361): PHPUnit\\Framework\\TestRunner->run(Object(Tests\\Feature\\Auth\\PasswordResetTest))
#79 D:\\SMT 6\\PPL\\clone ppl\\BojongStore\\vendor\\phpunit\\phpunit\\src\\Framework\\TestSuite.php(369): PHPUnit\\Framework\\TestCase->run()
#80 D:\\SMT 6\\PPL\\clone ppl\\BojongStore\\vendor\\phpunit\\phpunit\\src\\Framework\\TestSuite.php(369): PHPUnit\\Framework\\TestSuite->run()
#81 D:\\SMT 6\\PPL\\clone ppl\\BojongStore\\vendor\\phpunit\\phpunit\\src\\Framework\\TestSuite.php(369): PHPUnit\\Framework\\TestSuite->run()
#82 D:\\SMT 6\\PPL\\clone ppl\\BojongStore\\vendor\\phpunit\\phpunit\\src\\TextUI\\TestRunner.php(64): PHPUnit\\Framework\\TestSuite->run()
#83 D:\\SMT 6\\PPL\\clone ppl\\BojongStore\\vendor\\phpunit\\phpunit\\src\\TextUI\\Application.php(210): PHPUnit\\TextUI\\TestRunner->run(Object(PHPUnit\\TextUI\\Configuration\\Configuration), Object(PHPUnit\\Runner\\ResultCache\\DefaultResultCache), Object(PHPUnit\\Framework\\TestSuite))
#84 D:\\SMT 6\\PPL\\clone ppl\\BojongStore\\vendor\\phpunit\\phpunit\\phpunit(104): PHPUnit\\TextUI\\Application->run(Array)
#85 {main}
"} 
[2026-06-03 10:48:48] testing.ERROR: SQLSTATE[HY000]: General error: 1 no such table: products (Connection: sqlite, SQL: select * from "products" order by "views" desc limit 1) {"exception":"[object] (Illuminate\\Database\\QueryException(code: HY000): SQLSTATE[HY000]: General error: 1 no such table: products (Connection: sqlite, SQL: select * from \"products\" order by \"views\" desc limit 1) at D:\\SMT 6\\PPL\\clone ppl\\BojongStore\\vendor\\laravel\\framework\\src\\Illuminate\\Database\\Connection.php:822)
[stacktrace]
#0 D:\\SMT 6\\PPL\\clone ppl\\BojongStore\\vendor\\laravel\\framework\\src\\Illuminate\\Database\\Connection.php(776): Illuminate\\Database\\Connection->runQueryCallback('select * from \"...', Array, Object(Closure))
#1 D:\\SMT 6\\PPL\\clone ppl\\BojongStore\\vendor\\laravel\\framework\\src\\Illuminate\\Database\\Connection.php(395): Illuminate\\Database\\Connection->run('select * from \"...', Array, Object(Closure))
#2 D:\\SMT 6\\PPL\\clone ppl\\BojongStore\\vendor\\laravel\\framework\\src\\Illuminate\\Database\\Query\\Builder.php(3131): Illuminate\\Database\\Connection->select('select * from \"...', Array, true)
#3 D:\\SMT 6\\PPL\\clone ppl\\BojongStore\\vendor\\laravel\\framework\\src\\Illuminate\\Database\\Query\\Builder.php(3116): Illuminate\\Database\\Query\\Builder->runSelect()
#4 D:\\SMT 6\\PPL\\clone ppl\\BojongStore\\vendor\\laravel\\framework\\src\\Illuminate\\Database\\Query\\Builder.php(3706): Illuminate\\Database\\Query\\Builder->Illuminate\\Database\\Query\\{closure}()
#5 D:\\SMT 6\\PPL\\clone ppl\\BojongStore\\vendor\\laravel\\framework\\src\\Illuminate\\Database\\Query\\Builder.php(3115): Illuminate\\Database\\Query\\Builder->onceWithColumns(Array, Object(Closure))
#6 D:\\SMT 6\\PPL\\clone ppl\\BojongStore\\vendor\\laravel\\framework\\src\\Illuminate\\Database\\Eloquent\\Builder.php(872): Illuminate\\Database\\Query\\Builder->get(Array)
#7 D:\\SMT 6\\PPL\\clone ppl\\BojongStore\\vendor\\laravel\\framework\\src\\Illuminate\\Database\\Eloquent\\Builder.php(854): Illuminate\\Database\\Eloquent\\Builder->getModels(Array)
#8 D:\\SMT 6\\PPL\\clone ppl\\BojongStore\\vendor\\laravel\\framework\\src\\Illuminate\\Database\\Concerns\\BuildsQueries.php(366): Illuminate\\Database\\Eloquent\\Builder->get(Array)
#9 D:\\SMT 6\\PPL\\clone ppl\\BojongStore\\routes\\web.php(18): Illuminate\\Database\\Eloquent\\Builder->first()
#10 D:\\SMT 6\\PPL\\clone ppl\\BojongStore\\vendor\\laravel\\framework\\src\\Illuminate\\Routing\\CallableDispatcher.php(39): Illuminate\\Routing\\RouteFileRegistrar->{closure}()
#11 D:\\SMT 6\\PPL\\clone ppl\\BojongStore\\vendor\\laravel\\framework\\src\\Illuminate\\Routing\\Route.php(243): Illuminate\\Routing\\CallableDispatcher->dispatch(Object(Illuminate\\Routing\\Route), Object(Closure))
#12 D:\\SMT 6\\PPL\\clone ppl\\BojongStore\\vendor\\laravel\\framework\\src\\Illuminate\\Routing\\Route.php(214): Illuminate\\Routing\\Route->runCallable()
#13 D:\\SMT 6\\PPL\\clone ppl\\BojongStore\\vendor\\laravel\\framework\\src\\Illuminate\\Routing\\Router.php(808): Illuminate\\Routing\\Route->run()
#14 D:\\SMT 6\\PPL\\clone ppl\\BojongStore\\vendor\\laravel\\framework\\src\\Illuminate\\Pipeline\\Pipeline.php(169): Illuminate\\Routing\\Router->Illuminate\\Routing\\{closure}(Object(Illuminate\\Http\\Request))
#15 D:\\SMT 6\\PPL\\clone ppl\\BojongStore\\app\\Http\\Middleware\\LogVisitor.php(36): Illuminate\\Pipeline\\Pipeline->Illuminate\\Pipeline\\{closure}(Object(Illuminate\\Http\\Request))
#16 D:\\SMT 6\\PPL\\clone ppl\\BojongStore\\vendor\\laravel\\framework\\src\\Illuminate\\Pipeline\\Pipeline.php(208): App\\Http\\Middleware\\LogVisitor->handle(Object(Illuminate\\Http\\Request), Object(Closure))
#17 D:\\SMT 6\\PPL\\clone ppl\\BojongStore\\vendor\\laravel\\framework\\src\\Illuminate\\Routing\\Middleware\\SubstituteBindings.php(50): Illuminate\\Pipeline\\Pipeline->Illuminate\\Pipeline\\{closure}(Object(Illuminate\\Http\\Request))
#18 D:\\SMT 6\\PPL\\clone ppl\\BojongStore\\vendor\\laravel\\framework\\src\\Illuminate\\Pipeline\\Pipeline.php(208): Illuminate\\Routing\\Middleware\\SubstituteBindings->handle(Object(Illuminate\\Http\\Request), Object(Closure))
#19 D:\\SMT 6\\PPL\\clone ppl\\BojongStore\\vendor\\laravel\\framework\\src\\Illuminate\\Foundation\\Http\\Middleware\\VerifyCsrfToken.php(87): Illuminate\\Pipeline\\Pipeline->Illuminate\\Pipeline\\{closure}(Object(Illuminate\\Http\\Request))
#20 D:\\SMT 6\\PPL\\clone ppl\\BojongStore\\vendor\\laravel\\framework\\src\\Illuminate\\Pipeline\\Pipeline.php(208): Illuminate\\Foundation\\Http\\Middleware\\VerifyCsrfToken->handle(Object(Illuminate\\Http\\Request), Object(Closure))
#21 D:\\SMT 6\\PPL\\clone ppl\\BojongStore\\vendor\\laravel\\framework\\src\\Illuminate\\View\\Middleware\\ShareErrorsFromSession.php(48): Illuminate\\Pipeline\\Pipeline->Illuminate\\Pipeline\\{closure}(Object(Illuminate\\Http\\Request))
#22 D:\\SMT 6\\PPL\\clone ppl\\BojongStore\\vendor\\laravel\\framework\\src\\Illuminate\\Pipeline\\Pipeline.php(208): Illuminate\\View\\Middleware\\ShareErrorsFromSession->handle(Object(Illuminate\\Http\\Request), Object(Closure))
#23 D:\\SMT 6\\PPL\\clone ppl\\BojongStore\\vendor\\laravel\\framework\\src\\Illuminate\\Session\\Middleware\\StartSession.php(120): Illuminate\\Pipeline\\Pipeline->Illuminate\\Pipeline\\{closure}(Object(Illuminate\\Http\\Request))
#24 D:\\SMT 6\\PPL\\clone ppl\\BojongStore\\vendor\\laravel\\framework\\src\\Illuminate\\Session\\Middleware\\StartSession.php(63): Illuminate\\Session\\Middleware\\StartSession->handleStatefulRequest(Object(Illuminate\\Http\\Request), Object(Illuminate\\Session\\Store), Object(Closure))
#25 D:\\SMT 6\\PPL\\clone ppl\\BojongStore\\vendor\\laravel\\framework\\src\\Illuminate\\Pipeline\\Pipeline.php(208): Illuminate\\Session\\Middleware\\StartSession->handle(Object(Illuminate\\Http\\Request), Object(Closure))
#26 D:\\SMT 6\\PPL\\clone ppl\\BojongStore\\vendor\\laravel\\framework\\src\\Illuminate\\Cookie\\Middleware\\AddQueuedCookiesToResponse.php(36): Illuminate\\Pipeline\\Pipeline->Illuminate\\Pipeline\\{closure}(Object(Illuminate\\Http\\Request))
#27 D:\\SMT 6\\PPL\\clone ppl\\BojongStore\\vendor\\laravel\\framework\\src\\Illuminate\\Pipeline\\Pipeline.php(208): Illuminate\\Cookie\\Middleware\\AddQueuedCookiesToResponse->handle(Object(Illuminate\\Http\\Request), Object(Closure))
#28 D:\\SMT 6\\PPL\\clone ppl\\BojongStore\\vendor\\laravel\\framework\\src\\Illuminate\\Cookie\\Middleware\\EncryptCookies.php(74): Illuminate\\Pipeline\\Pipeline->Illuminate\\Pipeline\\{closure}(Object(Illuminate\\Http\\Request))
#29 D:\\SMT 6\\PPL\\clone ppl\\BojongStore\\vendor\\laravel\\framework\\src\\Illuminate\\Pipeline\\Pipeline.php(208): Illuminate\\Cookie\\Middleware\\EncryptCookies->handle(Object(Illuminate\\Http\\Request), Object(Closure))
#30 D:\\SMT 6\\PPL\\clone ppl\\BojongStore\\vendor\\laravel\\framework\\src\\Illuminate\\Pipeline\\Pipeline.php(126): Illuminate\\Pipeline\\Pipeline->Illuminate\\Pipeline\\{closure}(Object(Illuminate\\Http\\Request))
#31 D:\\SMT 6\\PPL\\clone ppl\\BojongStore\\vendor\\laravel\\framework\\src\\Illuminate\\Routing\\Router.php(807): Illuminate\\Pipeline\\Pipeline->then(Object(Closure))
#32 D:\\SMT 6\\PPL\\clone ppl\\BojongStore\\vendor\\laravel\\framework\\src\\Illuminate\\Routing\\Router.php(786): Illuminate\\Routing\\Router->runRouteWithinStack(Object(Illuminate\\Routing\\Route), Object(Illuminate\\Http\\Request))
#33 D:\\SMT 6\\PPL\\clone ppl\\BojongStore\\vendor\\laravel\\framework\\src\\Illuminate\\Routing\\Router.php(750): Illuminate\\Routing\\Router->runRoute(Object(Illuminate\\Http\\Request), Object(Illuminate\\Routing\\Route))
#34 D:\\SMT 6\\PPL\\clone ppl\\BojongStore\\vendor\\laravel\\framework\\src\\Illuminate\\Routing\\Router.php(739): Illuminate\\Routing\\Router->dispatchToRoute(Object(Illuminate\\Http\\Request))
#35 D:\\SMT 6\\PPL\\clone ppl\\BojongStore\\vendor\\laravel\\framework\\src\\Illuminate\\Foundation\\Http\\Kernel.php(200): Illuminate\\Routing\\Router->dispatch(Object(Illuminate\\Http\\Request))
#36 D:\\SMT 6\\PPL\\clone ppl\\BojongStore\\vendor\\laravel\\framework\\src\\Illuminate\\Pipeline\\Pipeline.php(169): Illuminate\\Foundation\\Http\\Kernel->Illuminate\\Foundation\\Http\\{closure}(Object(Illuminate\\Http\\Request))
#37 D:\\SMT 6\\PPL\\clone ppl\\BojongStore\\vendor\\laravel\\framework\\src\\Illuminate\\Foundation\\Http\\Middleware\\TransformsRequest.php(21): Illuminate\\Pipeline\\Pipeline->Illuminate\\Pipeline\\{closure}(Object(Illuminate\\Http\\Request))
#38 D:\\SMT 6\\PPL\\clone ppl\\BojongStore\\vendor\\laravel\\framework\\src\\Illuminate\\Foundation\\Http\\Middleware\\ConvertEmptyStringsToNull.php(31): Illuminate\\Foundation\\Http\\Middleware\\TransformsRequest->handle(Object(Illuminate\\Http\\Request), Object(Closure))
#39 D:\\SMT 6\\PPL\\clone ppl\\BojongStore\\vendor\\laravel\\framework\\src\\Illuminate\\Pipeline\\Pipeline.php(208): Illuminate\\Foundation\\Http\\Middleware\\ConvertEmptyStringsToNull->handle(Object(Illuminate\\Http\\Request), Object(Closure))
#40 D:\\SMT 6\\PPL\\clone ppl\\BojongStore\\vendor\\laravel\\framework\\src\\Illuminate\\Foundation\\Http\\Middleware\\TransformsRequest.php(21): Illuminate\\Pipeline\\Pipeline->Illuminate\\Pipeline\\{closure}(Object(Illuminate\\Http\\Request))
#41 D:\\SMT 6\\PPL\\clone ppl\\BojongStore\\vendor\\laravel\\framework\\src\\Illuminate\\Foundation\\Http\\Middleware\\TrimStrings.php(51): Illuminate\\Foundation\\Http\\Middleware\\TransformsRequest->handle(Object(Illuminate\\Http\\Request), Object(Closure))
#42 D:\\SMT 6\\PPL\\clone ppl\\BojongStore\\vendor\\laravel\\framework\\src\\Illuminate\\Pipeline\\Pipeline.php(208): Illuminate\\Foundation\\Http\\Middleware\\TrimStrings->handle(Object(Illuminate\\Http\\Request), Object(Closure))
#43 D:\\SMT 6\\PPL\\clone ppl\\BojongStore\\vendor\\laravel\\framework\\src\\Illuminate\\Http\\Middleware\\ValidatePostSize.php(27): Illuminate\\Pipeline\\Pipeline->Illuminate\\Pipeline\\{closure}(Object(Illuminate\\Http\\Request))
#44 D:\\SMT 6\\PPL\\clone ppl\\BojongStore\\vendor\\laravel\\framework\\src\\Illuminate\\Pipeline\\Pipeline.php(208): Illuminate\\Http\\Middleware\\ValidatePostSize->handle(Object(Illuminate\\Http\\Request), Object(Closure))
#45 D:\\SMT 6\\PPL\\clone ppl\\BojongStore\\vendor\\laravel\\framework\\src\\Illuminate\\Foundation\\Http\\Middleware\\PreventRequestsDuringMaintenance.php(109): Illuminate\\Pipeline\\Pipeline->Illuminate\\Pipeline\\{closure}(Object(Illuminate\\Http\\Request))
#46 D:\\SMT 6\\PPL\\clone ppl\\BojongStore\\vendor\\laravel\\framework\\src\\Illuminate\\Pipeline\\Pipeline.php(208): Illuminate\\Foundation\\Http\\Middleware\\PreventRequestsDuringMaintenance->handle(Object(Illuminate\\Http\\Request), Object(Closure))
#47 D:\\SMT 6\\PPL\\clone ppl\\BojongStore\\vendor\\laravel\\framework\\src\\Illuminate\\Http\\Middleware\\HandleCors.php(48): Illuminate\\Pipeline\\Pipeline->Illuminate\\Pipeline\\{closure}(Object(Illuminate\\Http\\Request))
#48 D:\\SMT 6\\PPL\\clone ppl\\BojongStore\\vendor\\laravel\\framework\\src\\Illuminate\\Pipeline\\Pipeline.php(208): Illuminate\\Http\\Middleware\\HandleCors->handle(Object(Illuminate\\Http\\Request), Object(Closure))
#49 D:\\SMT 6\\PPL\\clone ppl\\BojongStore\\vendor\\laravel\\framework\\src\\Illuminate\\Http\\Middleware\\TrustProxies.php(58): Illuminate\\Pipeline\\Pipeline->Illuminate\\Pipeline\\{closure}(Object(Illuminate\\Http\\Request))
#50 D:\\SMT 6\\PPL\\clone ppl\\BojongStore\\vendor\\laravel\\framework\\src\\Illuminate\\Pipeline\\Pipeline.php(208): Illuminate\\Http\\Middleware\\TrustProxies->handle(Object(Illuminate\\Http\\Request), Object(Closure))
#51 D:\\SMT 6\\PPL\\clone ppl\\BojongStore\\vendor\\laravel\\framework\\src\\Illuminate\\Foundation\\Http\\Middleware\\InvokeDeferredCallbacks.php(22): Illuminate\\Pipeline\\Pipeline->Illuminate\\Pipeline\\{closure}(Object(Illuminate\\Http\\Request))
#52 D:\\SMT 6\\PPL\\clone ppl\\BojongStore\\vendor\\laravel\\framework\\src\\Illuminate\\Pipeline\\Pipeline.php(208): Illuminate\\Foundation\\Http\\Middleware\\InvokeDeferredCallbacks->handle(Object(Illuminate\\Http\\Request), Object(Closure))
#53 D:\\SMT 6\\PPL\\clone ppl\\BojongStore\\vendor\\laravel\\framework\\src\\Illuminate\\Http\\Middleware\\ValidatePathEncoding.php(26): Illuminate\\Pipeline\\Pipeline->Illuminate\\Pipeline\\{closure}(Object(Illuminate\\Http\\Request))
#54 D:\\SMT 6\\PPL\\clone ppl\\BojongStore\\vendor\\laravel\\framework\\src\\Illuminate\\Pipeline\\Pipeline.php(208): Illuminate\\Http\\Middleware\\ValidatePathEncoding->handle(Object(Illuminate\\Http\\Request), Object(Closure))
#55 D:\\SMT 6\\PPL\\clone ppl\\BojongStore\\vendor\\laravel\\framework\\src\\Illuminate\\Pipeline\\Pipeline.php(126): Illuminate\\Pipeline\\Pipeline->Illuminate\\Pipeline\\{closure}(Object(Illuminate\\Http\\Request))
#56 D:\\SMT 6\\PPL\\clone ppl\\BojongStore\\vendor\\laravel\\framework\\src\\Illuminate\\Foundation\\Http\\Kernel.php(175): Illuminate\\Pipeline\\Pipeline->then(Object(Closure))
#57 D:\\SMT 6\\PPL\\clone ppl\\BojongStore\\vendor\\laravel\\framework\\src\\Illuminate\\Foundation\\Http\\Kernel.php(144): Illuminate\\Foundation\\Http\\Kernel->sendRequestThroughRouter(Object(Illuminate\\Http\\Request))
#58 D:\\SMT 6\\PPL\\clone ppl\\BojongStore\\vendor\\laravel\\framework\\src\\Illuminate\\Foundation\\Testing\\Concerns\\MakesHttpRequests.php(607): Illuminate\\Foundation\\Http\\Kernel->handle(Object(Illuminate\\Http\\Request))
#59 D:\\SMT 6\\PPL\\clone ppl\\BojongStore\\vendor\\laravel\\framework\\src\\Illuminate\\Foundation\\Testing\\Concerns\\MakesHttpRequests.php(368): Illuminate\\Foundation\\Testing\\TestCase->call('GET', '/', Array, Array, Array, Array)
#60 D:\\SMT 6\\PPL\\clone ppl\\BojongStore\\tests\\Feature\\ExampleTest.php(15): Illuminate\\Foundation\\Testing\\TestCase->get('/')
#61 D:\\SMT 6\\PPL\\clone ppl\\BojongStore\\vendor\\phpunit\\phpunit\\src\\Framework\\TestCase.php(1656): Tests\\Feature\\ExampleTest->test_the_application_returns_a_successful_response()
#62 D:\\SMT 6\\PPL\\clone ppl\\BojongStore\\vendor\\phpunit\\phpunit\\src\\Framework\\TestCase.php(514): PHPUnit\\Framework\\TestCase->runTest()
#63 D:\\SMT 6\\PPL\\clone ppl\\BojongStore\\vendor\\phpunit\\phpunit\\src\\Framework\\TestRunner\\TestRunner.php(87): PHPUnit\\Framework\\TestCase->runBare()
#64 D:\\SMT 6\\PPL\\clone ppl\\BojongStore\\vendor\\phpunit\\phpunit\\src\\Framework\\TestCase.php(361): PHPUnit\\Framework\\TestRunner->run(Object(Tests\\Feature\\ExampleTest))
#65 D:\\SMT 6\\PPL\\clone ppl\\BojongStore\\vendor\\phpunit\\phpunit\\src\\Framework\\TestSuite.php(369): PHPUnit\\Framework\\TestCase->run()
#66 D:\\SMT 6\\PPL\\clone ppl\\BojongStore\\vendor\\phpunit\\phpunit\\src\\Framework\\TestSuite.php(369): PHPUnit\\Framework\\TestSuite->run()
#67 D:\\SMT 6\\PPL\\clone ppl\\BojongStore\\vendor\\phpunit\\phpunit\\src\\Framework\\TestSuite.php(369): PHPUnit\\Framework\\TestSuite->run()
#68 D:\\SMT 6\\PPL\\clone ppl\\BojongStore\\vendor\\phpunit\\phpunit\\src\\TextUI\\TestRunner.php(64): PHPUnit\\Framework\\TestSuite->run()
#69 D:\\SMT 6\\PPL\\clone ppl\\BojongStore\\vendor\\phpunit\\phpunit\\src\\TextUI\\Application.php(210): PHPUnit\\TextUI\\TestRunner->run(Object(PHPUnit\\TextUI\\Configuration\\Configuration), Object(PHPUnit\\Runner\\ResultCache\\DefaultResultCache), Object(PHPUnit\\Framework\\TestSuite))
#70 D:\\SMT 6\\PPL\\clone ppl\\BojongStore\\vendor\\phpunit\\phpunit\\phpunit(104): PHPUnit\\TextUI\\Application->run(Array)
#71 {main}

[previous exception] [object] (PDOException(code: HY000): SQLSTATE[HY000]: General error: 1 no such table: products at D:\\SMT 6\\PPL\\clone ppl\\BojongStore\\vendor\\laravel\\framework\\src\\Illuminate\\Database\\Connection.php:404)
[stacktrace]
#0 D:\\SMT 6\\PPL\\clone ppl\\BojongStore\\vendor\\laravel\\framework\\src\\Illuminate\\Database\\Connection.php(404): PDO->prepare('select * from \"...')
#1 D:\\SMT 6\\PPL\\clone ppl\\BojongStore\\vendor\\laravel\\framework\\src\\Illuminate\\Database\\Connection.php(809): Illuminate\\Database\\Connection->Illuminate\\Database\\{closure}('select * from \"...', Array)
#2 D:\\SMT 6\\PPL\\clone ppl\\BojongStore\\vendor\\laravel\\framework\\src\\Illuminate\\Database\\Connection.php(776): Illuminate\\Database\\Connection->runQueryCallback('select * from \"...', Array, Object(Closure))
#3 D:\\SMT 6\\PPL\\clone ppl\\BojongStore\\vendor\\laravel\\framework\\src\\Illuminate\\Database\\Connection.php(395): Illuminate\\Database\\Connection->run('select * from \"...', Array, Object(Closure))
#4 D:\\SMT 6\\PPL\\clone ppl\\BojongStore\\vendor\\laravel\\framework\\src\\Illuminate\\Database\\Query\\Builder.php(3131): Illuminate\\Database\\Connection->select('select * from \"...', Array, true)
#5 D:\\SMT 6\\PPL\\clone ppl\\BojongStore\\vendor\\laravel\\framework\\src\\Illuminate\\Database\\Query\\Builder.php(3116): Illuminate\\Database\\Query\\Builder->runSelect()
#6 D:\\SMT 6\\PPL\\clone ppl\\BojongStore\\vendor\\laravel\\framework\\src\\Illuminate\\Database\\Query\\Builder.php(3706): Illuminate\\Database\\Query\\Builder->Illuminate\\Database\\Query\\{closure}()
#7 D:\\SMT 6\\PPL\\clone ppl\\BojongStore\\vendor\\laravel\\framework\\src\\Illuminate\\Database\\Query\\Builder.php(3115): Illuminate\\Database\\Query\\Builder->onceWithColumns(Array, Object(Closure))
#8 D:\\SMT 6\\PPL\\clone ppl\\BojongStore\\vendor\\laravel\\framework\\src\\Illuminate\\Database\\Eloquent\\Builder.php(872): Illuminate\\Database\\Query\\Builder->get(Array)
#9 D:\\SMT 6\\PPL\\clone ppl\\BojongStore\\vendor\\laravel\\framework\\src\\Illuminate\\Database\\Eloquent\\Builder.php(854): Illuminate\\Database\\Eloquent\\Builder->getModels(Array)
#10 D:\\SMT 6\\PPL\\clone ppl\\BojongStore\\vendor\\laravel\\framework\\src\\Illuminate\\Database\\Concerns\\BuildsQueries.php(366): Illuminate\\Database\\Eloquent\\Builder->get(Array)
#11 D:\\SMT 6\\PPL\\clone ppl\\BojongStore\\routes\\web.php(18): Illuminate\\Database\\Eloquent\\Builder->first()
#12 D:\\SMT 6\\PPL\\clone ppl\\BojongStore\\vendor\\laravel\\framework\\src\\Illuminate\\Routing\\CallableDispatcher.php(39): Illuminate\\Routing\\RouteFileRegistrar->{closure}()
#13 D:\\SMT 6\\PPL\\clone ppl\\BojongStore\\vendor\\laravel\\framework\\src\\Illuminate\\Routing\\Route.php(243): Illuminate\\Routing\\CallableDispatcher->dispatch(Object(Illuminate\\Routing\\Route), Object(Closure))
#14 D:\\SMT 6\\PPL\\clone ppl\\BojongStore\\vendor\\laravel\\framework\\src\\Illuminate\\Routing\\Route.php(214): Illuminate\\Routing\\Route->runCallable()
#15 D:\\SMT 6\\PPL\\clone ppl\\BojongStore\\vendor\\laravel\\framework\\src\\Illuminate\\Routing\\Router.php(808): Illuminate\\Routing\\Route->run()
#16 D:\\SMT 6\\PPL\\clone ppl\\BojongStore\\vendor\\laravel\\framework\\src\\Illuminate\\Pipeline\\Pipeline.php(169): Illuminate\\Routing\\Router->Illuminate\\Routing\\{closure}(Object(Illuminate\\Http\\Request))
#17 D:\\SMT 6\\PPL\\clone ppl\\BojongStore\\app\\Http\\Middleware\\LogVisitor.php(36): Illuminate\\Pipeline\\Pipeline->Illuminate\\Pipeline\\{closure}(Object(Illuminate\\Http\\Request))
#18 D:\\SMT 6\\PPL\\clone ppl\\BojongStore\\vendor\\laravel\\framework\\src\\Illuminate\\Pipeline\\Pipeline.php(208): App\\Http\\Middleware\\LogVisitor->handle(Object(Illuminate\\Http\\Request), Object(Closure))
#19 D:\\SMT 6\\PPL\\clone ppl\\BojongStore\\vendor\\laravel\\framework\\src\\Illuminate\\Routing\\Middleware\\SubstituteBindings.php(50): Illuminate\\Pipeline\\Pipeline->Illuminate\\Pipeline\\{closure}(Object(Illuminate\\Http\\Request))
#20 D:\\SMT 6\\PPL\\clone ppl\\BojongStore\\vendor\\laravel\\framework\\src\\Illuminate\\Pipeline\\Pipeline.php(208): Illuminate\\Routing\\Middleware\\SubstituteBindings->handle(Object(Illuminate\\Http\\Request), Object(Closure))
#21 D:\\SMT 6\\PPL\\clone ppl\\BojongStore\\vendor\\laravel\\framework\\src\\Illuminate\\Foundation\\Http\\Middleware\\VerifyCsrfToken.php(87): Illuminate\\Pipeline\\Pipeline->Illuminate\\Pipeline\\{closure}(Object(Illuminate\\Http\\Request))
#22 D:\\SMT 6\\PPL\\clone ppl\\BojongStore\\vendor\\laravel\\framework\\src\\Illuminate\\Pipeline\\Pipeline.php(208): Illuminate\\Foundation\\Http\\Middleware\\VerifyCsrfToken->handle(Object(Illuminate\\Http\\Request), Object(Closure))
#23 D:\\SMT 6\\PPL\\clone ppl\\BojongStore\\vendor\\laravel\\framework\\src\\Illuminate\\View\\Middleware\\ShareErrorsFromSession.php(48): Illuminate\\Pipeline\\Pipeline->Illuminate\\Pipeline\\{closure}(Object(Illuminate\\Http\\Request))
#24 D:\\SMT 6\\PPL\\clone ppl\\BojongStore\\vendor\\laravel\\framework\\src\\Illuminate\\Pipeline\\Pipeline.php(208): Illuminate\\View\\Middleware\\ShareErrorsFromSession->handle(Object(Illuminate\\Http\\Request), Object(Closure))
#25 D:\\SMT 6\\PPL\\clone ppl\\BojongStore\\vendor\\laravel\\framework\\src\\Illuminate\\Session\\Middleware\\StartSession.php(120): Illuminate\\Pipeline\\Pipeline->Illuminate\\Pipeline\\{closure}(Object(Illuminate\\Http\\Request))
#26 D:\\SMT 6\\PPL\\clone ppl\\BojongStore\\vendor\\laravel\\framework\\src\\Illuminate\\Session\\Middleware\\StartSession.php(63): Illuminate\\Session\\Middleware\\StartSession->handleStatefulRequest(Object(Illuminate\\Http\\Request), Object(Illuminate\\Session\\Store), Object(Closure))
#27 D:\\SMT 6\\PPL\\clone ppl\\BojongStore\\vendor\\laravel\\framework\\src\\Illuminate\\Pipeline\\Pipeline.php(208): Illuminate\\Session\\Middleware\\StartSession->handle(Object(Illuminate\\Http\\Request), Object(Closure))
#28 D:\\SMT 6\\PPL\\clone ppl\\BojongStore\\vendor\\laravel\\framework\\src\\Illuminate\\Cookie\\Middleware\\AddQueuedCookiesToResponse.php(36): Illuminate\\Pipeline\\Pipeline->Illuminate\\Pipeline\\{closure}(Object(Illuminate\\Http\\Request))
#29 D:\\SMT 6\\PPL\\clone ppl\\BojongStore\\vendor\\laravel\\framework\\src\\Illuminate\\Pipeline\\Pipeline.php(208): Illuminate\\Cookie\\Middleware\\AddQueuedCookiesToResponse->handle(Object(Illuminate\\Http\\Request), Object(Closure))
#30 D:\\SMT 6\\PPL\\clone ppl\\BojongStore\\vendor\\laravel\\framework\\src\\Illuminate\\Cookie\\Middleware\\EncryptCookies.php(74): Illuminate\\Pipeline\\Pipeline->Illuminate\\Pipeline\\{closure}(Object(Illuminate\\Http\\Request))
#31 D:\\SMT 6\\PPL\\clone ppl\\BojongStore\\vendor\\laravel\\framework\\src\\Illuminate\\Pipeline\\Pipeline.php(208): Illuminate\\Cookie\\Middleware\\EncryptCookies->handle(Object(Illuminate\\Http\\Request), Object(Closure))
#32 D:\\SMT 6\\PPL\\clone ppl\\BojongStore\\vendor\\laravel\\framework\\src\\Illuminate\\Pipeline\\Pipeline.php(126): Illuminate\\Pipeline\\Pipeline->Illuminate\\Pipeline\\{closure}(Object(Illuminate\\Http\\Request))
#33 D:\\SMT 6\\PPL\\clone ppl\\BojongStore\\vendor\\laravel\\framework\\src\\Illuminate\\Routing\\Router.php(807): Illuminate\\Pipeline\\Pipeline->then(Object(Closure))
#34 D:\\SMT 6\\PPL\\clone ppl\\BojongStore\\vendor\\laravel\\framework\\src\\Illuminate\\Routing\\Router.php(786): Illuminate\\Routing\\Router->runRouteWithinStack(Object(Illuminate\\Routing\\Route), Object(Illuminate\\Http\\Request))
#35 D:\\SMT 6\\PPL\\clone ppl\\BojongStore\\vendor\\laravel\\framework\\src\\Illuminate\\Routing\\Router.php(750): Illuminate\\Routing\\Router->runRoute(Object(Illuminate\\Http\\Request), Object(Illuminate\\Routing\\Route))
#36 D:\\SMT 6\\PPL\\clone ppl\\BojongStore\\vendor\\laravel\\framework\\src\\Illuminate\\Routing\\Router.php(739): Illuminate\\Routing\\Router->dispatchToRoute(Object(Illuminate\\Http\\Request))
#37 D:\\SMT 6\\PPL\\clone ppl\\BojongStore\\vendor\\laravel\\framework\\src\\Illuminate\\Foundation\\Http\\Kernel.php(200): Illuminate\\Routing\\Router->dispatch(Object(Illuminate\\Http\\Request))
#38 D:\\SMT 6\\PPL\\clone ppl\\BojongStore\\vendor\\laravel\\framework\\src\\Illuminate\\Pipeline\\Pipeline.php(169): Illuminate\\Foundation\\Http\\Kernel->Illuminate\\Foundation\\Http\\{closure}(Object(Illuminate\\Http\\Request))
#39 D:\\SMT 6\\PPL\\clone ppl\\BojongStore\\vendor\\laravel\\framework\\src\\Illuminate\\Foundation\\Http\\Middleware\\TransformsRequest.php(21): Illuminate\\Pipeline\\Pipeline->Illuminate\\Pipeline\\{closure}(Object(Illuminate\\Http\\Request))
#40 D:\\SMT 6\\PPL\\clone ppl\\BojongStore\\vendor\\laravel\\framework\\src\\Illuminate\\Foundation\\Http\\Middleware\\ConvertEmptyStringsToNull.php(31): Illuminate\\Foundation\\Http\\Middleware\\TransformsRequest->handle(Object(Illuminate\\Http\\Request), Object(Closure))
#41 D:\\SMT 6\\PPL\\clone ppl\\BojongStore\\vendor\\laravel\\framework\\src\\Illuminate\\Pipeline\\Pipeline.php(208): Illuminate\\Foundation\\Http\\Middleware\\ConvertEmptyStringsToNull->handle(Object(Illuminate\\Http\\Request), Object(Closure))
#42 D:\\SMT 6\\PPL\\clone ppl\\BojongStore\\vendor\\laravel\\framework\\src\\Illuminate\\Foundation\\Http\\Middleware\\TransformsRequest.php(21): Illuminate\\Pipeline\\Pipeline->Illuminate\\Pipeline\\{closure}(Object(Illuminate\\Http\\Request))
#43 D:\\SMT 6\\PPL\\clone ppl\\BojongStore\\vendor\\laravel\\framework\\src\\Illuminate\\Foundation\\Http\\Middleware\\TrimStrings.php(51): Illuminate\\Foundation\\Http\\Middleware\\TransformsRequest->handle(Object(Illuminate\\Http\\Request), Object(Closure))
#44 D:\\SMT 6\\PPL\\clone ppl\\BojongStore\\vendor\\laravel\\framework\\src\\Illuminate\\Pipeline\\Pipeline.php(208): Illuminate\\Foundation\\Http\\Middleware\\TrimStrings->handle(Object(Illuminate\\Http\\Request), Object(Closure))
#45 D:\\SMT 6\\PPL\\clone ppl\\BojongStore\\vendor\\laravel\\framework\\src\\Illuminate\\Http\\Middleware\\ValidatePostSize.php(27): Illuminate\\Pipeline\\Pipeline->Illuminate\\Pipeline\\{closure}(Object(Illuminate\\Http\\Request))
#46 D:\\SMT 6\\PPL\\clone ppl\\BojongStore\\vendor\\laravel\\framework\\src\\Illuminate\\Pipeline\\Pipeline.php(208): Illuminate\\Http\\Middleware\\ValidatePostSize->handle(Object(Illuminate\\Http\\Request), Object(Closure))
#47 D:\\SMT 6\\PPL\\clone ppl\\BojongStore\\vendor\\laravel\\framework\\src\\Illuminate\\Foundation\\Http\\Middleware\\PreventRequestsDuringMaintenance.php(109): Illuminate\\Pipeline\\Pipeline->Illuminate\\Pipeline\\{closure}(Object(Illuminate\\Http\\Request))
#48 D:\\SMT 6\\PPL\\clone ppl\\BojongStore\\vendor\\laravel\\framework\\src\\Illuminate\\Pipeline\\Pipeline.php(208): Illuminate\\Foundation\\Http\\Middleware\\PreventRequestsDuringMaintenance->handle(Object(Illuminate\\Http\\Request), Object(Closure))
#49 D:\\SMT 6\\PPL\\clone ppl\\BojongStore\\vendor\\laravel\\framework\\src\\Illuminate\\Http\\Middleware\\HandleCors.php(48): Illuminate\\Pipeline\\Pipeline->Illuminate\\Pipeline\\{closure}(Object(Illuminate\\Http\\Request))
#50 D:\\SMT 6\\PPL\\clone ppl\\BojongStore\\vendor\\laravel\\framework\\src\\Illuminate\\Pipeline\\Pipeline.php(208): Illuminate\\Http\\Middleware\\HandleCors->handle(Object(Illuminate\\Http\\Request), Object(Closure))
#51 D:\\SMT 6\\PPL\\clone ppl\\BojongStore\\vendor\\laravel\\framework\\src\\Illuminate\\Http\\Middleware\\TrustProxies.php(58): Illuminate\\Pipeline\\Pipeline->Illuminate\\Pipeline\\{closure}(Object(Illuminate\\Http\\Request))
#52 D:\\SMT 6\\PPL\\clone ppl\\BojongStore\\vendor\\laravel\\framework\\src\\Illuminate\\Pipeline\\Pipeline.php(208): Illuminate\\Http\\Middleware\\TrustProxies->handle(Object(Illuminate\\Http\\Request), Object(Closure))
#53 D:\\SMT 6\\PPL\\clone ppl\\BojongStore\\vendor\\laravel\\framework\\src\\Illuminate\\Foundation\\Http\\Middleware\\InvokeDeferredCallbacks.php(22): Illuminate\\Pipeline\\Pipeline->Illuminate\\Pipeline\\{closure}(Object(Illuminate\\Http\\Request))
#54 D:\\SMT 6\\PPL\\clone ppl\\BojongStore\\vendor\\laravel\\framework\\src\\Illuminate\\Pipeline\\Pipeline.php(208): Illuminate\\Foundation\\Http\\Middleware\\InvokeDeferredCallbacks->handle(Object(Illuminate\\Http\\Request), Object(Closure))
#55 D:\\SMT 6\\PPL\\clone ppl\\BojongStore\\vendor\\laravel\\framework\\src\\Illuminate\\Http\\Middleware\\ValidatePathEncoding.php(26): Illuminate\\Pipeline\\Pipeline->Illuminate\\Pipeline\\{closure}(Object(Illuminate\\Http\\Request))
#56 D:\\SMT 6\\PPL\\clone ppl\\BojongStore\\vendor\\laravel\\framework\\src\\Illuminate\\Pipeline\\Pipeline.php(208): Illuminate\\Http\\Middleware\\ValidatePathEncoding->handle(Object(Illuminate\\Http\\Request), Object(Closure))
#57 D:\\SMT 6\\PPL\\clone ppl\\BojongStore\\vendor\\laravel\\framework\\src\\Illuminate\\Pipeline\\Pipeline.php(126): Illuminate\\Pipeline\\Pipeline->Illuminate\\Pipeline\\{closure}(Object(Illuminate\\Http\\Request))
#58 D:\\SMT 6\\PPL\\clone ppl\\BojongStore\\vendor\\laravel\\framework\\src\\Illuminate\\Foundation\\Http\\Kernel.php(175): Illuminate\\Pipeline\\Pipeline->then(Object(Closure))
#59 D:\\SMT 6\\PPL\\clone ppl\\BojongStore\\vendor\\laravel\\framework\\src\\Illuminate\\Foundation\\Http\\Kernel.php(144): Illuminate\\Foundation\\Http\\Kernel->sendRequestThroughRouter(Object(Illuminate\\Http\\Request))
#60 D:\\SMT 6\\PPL\\clone ppl\\BojongStore\\vendor\\laravel\\framework\\src\\Illuminate\\Foundation\\Testing\\Concerns\\MakesHttpRequests.php(607): Illuminate\\Foundation\\Http\\Kernel->handle(Object(Illuminate\\Http\\Request))
#61 D:\\SMT 6\\PPL\\clone ppl\\BojongStore\\vendor\\laravel\\framework\\src\\Illuminate\\Foundation\\Testing\\Concerns\\MakesHttpRequests.php(368): Illuminate\\Foundation\\Testing\\TestCase->call('GET', '/', Array, Array, Array, Array)
#62 D:\\SMT 6\\PPL\\clone ppl\\BojongStore\\tests\\Feature\\ExampleTest.php(15): Illuminate\\Foundation\\Testing\\TestCase->get('/')
#63 D:\\SMT 6\\PPL\\clone ppl\\BojongStore\\vendor\\phpunit\\phpunit\\src\\Framework\\TestCase.php(1656): Tests\\Feature\\ExampleTest->test_the_application_returns_a_successful_response()
#64 D:\\SMT 6\\PPL\\clone ppl\\BojongStore\\vendor\\phpunit\\phpunit\\src\\Framework\\TestCase.php(514): PHPUnit\\Framework\\TestCase->runTest()
#65 D:\\SMT 6\\PPL\\clone ppl\\BojongStore\\vendor\\phpunit\\phpunit\\src\\Framework\\TestRunner\\TestRunner.php(87): PHPUnit\\Framework\\TestCase->runBare()
#66 D:\\SMT 6\\PPL\\clone ppl\\BojongStore\\vendor\\phpunit\\phpunit\\src\\Framework\\TestCase.php(361): PHPUnit\\Framework\\TestRunner->run(Object(Tests\\Feature\\ExampleTest))
#67 D:\\SMT 6\\PPL\\clone ppl\\BojongStore\\vendor\\phpunit\\phpunit\\src\\Framework\\TestSuite.php(369): PHPUnit\\Framework\\TestCase->run()
#68 D:\\SMT 6\\PPL\\clone ppl\\BojongStore\\vendor\\phpunit\\phpunit\\src\\Framework\\TestSuite.php(369): PHPUnit\\Framework\\TestSuite->run()
#69 D:\\SMT 6\\PPL\\clone ppl\\BojongStore\\vendor\\phpunit\\phpunit\\src\\Framework\\TestSuite.php(369): PHPUnit\\Framework\\TestSuite->run()
#70 D:\\SMT 6\\PPL\\clone ppl\\BojongStore\\vendor\\phpunit\\phpunit\\src\\TextUI\\TestRunner.php(64): PHPUnit\\Framework\\TestSuite->run()
#71 D:\\SMT 6\\PPL\\clone ppl\\BojongStore\\vendor\\phpunit\\phpunit\\src\\TextUI\\Application.php(210): PHPUnit\\TextUI\\TestRunner->run(Object(PHPUnit\\TextUI\\Configuration\\Configuration), Object(PHPUnit\\Runner\\ResultCache\\DefaultResultCache), Object(PHPUnit\\Framework\\TestSuite))
#72 D:\\SMT 6\\PPL\\clone ppl\\BojongStore\\vendor\\phpunit\\phpunit\\phpunit(104): PHPUnit\\TextUI\\Application->run(Array)
#73 {main}
"} 
[2026-06-03 10:49:40] testing.ERROR: View [layouts.guest] not found. (View: D:\SMT 6\PPL\clone ppl\BojongStore\resources\views\auth\verify-email.blade.php) {"userId":1,"exception":"[object] (Illuminate\\View\\ViewException(code: 0): View [layouts.guest] not found. (View: D:\\SMT 6\\PPL\\clone ppl\\BojongStore\\resources\\views\\auth\\verify-email.blade.php) at D:\\SMT 6\\PPL\\clone ppl\\BojongStore\\vendor\\laravel\\framework\\src\\Illuminate\\View\\FileViewFinder.php:138)
[stacktrace]
#0 D:\\SMT 6\\PPL\\clone ppl\\BojongStore\\vendor\\laravel\\framework\\src\\Illuminate\\View\\Engines\\PhpEngine.php(59): Illuminate\\View\\Engines\\CompilerEngine->handleViewException(Object(InvalidArgumentException), 1)
#1 D:\\SMT 6\\PPL\\clone ppl\\BojongStore\\vendor\\laravel\\framework\\src\\Illuminate\\View\\Engines\\CompilerEngine.php(74): Illuminate\\View\\Engines\\PhpEngine->evaluatePath('D:\\\\SMT 6\\\\PPL\\\\cl...', Array)
#2 D:\\SMT 6\\PPL\\clone ppl\\BojongStore\\vendor\\laravel\\framework\\src\\Illuminate\\View\\View.php(208): Illuminate\\View\\Engines\\CompilerEngine->get('D:\\\\SMT 6\\\\PPL\\\\cl...', Array)
#3 D:\\SMT 6\\PPL\\clone ppl\\BojongStore\\vendor\\laravel\\framework\\src\\Illuminate\\View\\View.php(191): Illuminate\\View\\View->getContents()
#4 D:\\SMT 6\\PPL\\clone ppl\\BojongStore\\vendor\\laravel\\framework\\src\\Illuminate\\View\\View.php(160): Illuminate\\View\\View->renderContents()
#5 D:\\SMT 6\\PPL\\clone ppl\\BojongStore\\vendor\\laravel\\framework\\src\\Illuminate\\Http\\Response.php(78): Illuminate\\View\\View->render()
#6 D:\\SMT 6\\PPL\\clone ppl\\BojongStore\\vendor\\laravel\\framework\\src\\Illuminate\\Http\\Response.php(34): Illuminate\\Http\\Response->setContent(Object(Illuminate\\View\\View))
#7 D:\\SMT 6\\PPL\\clone ppl\\BojongStore\\vendor\\laravel\\framework\\src\\Illuminate\\Routing\\Router.php(924): Illuminate\\Http\\Response->__construct(Object(Illuminate\\View\\View), 200, Array)
#8 D:\\SMT 6\\PPL\\clone ppl\\BojongStore\\vendor\\laravel\\framework\\src\\Illuminate\\Routing\\Router.php(891): Illuminate\\Routing\\Router::toResponse(Object(Illuminate\\Http\\Request), Object(Illuminate\\View\\View))
#9 D:\\SMT 6\\PPL\\clone ppl\\BojongStore\\vendor\\laravel\\framework\\src\\Illuminate\\Routing\\Router.php(807): Illuminate\\Routing\\Router->prepareResponse(Object(Illuminate\\Http\\Request), Object(Illuminate\\View\\View))
#10 D:\\SMT 6\\PPL\\clone ppl\\BojongStore\\vendor\\laravel\\framework\\src\\Illuminate\\Pipeline\\Pipeline.php(169): Illuminate\\Routing\\Router->Illuminate\\Routing\\{closure}(Object(Illuminate\\Http\\Request))
#11 D:\\SMT 6\\PPL\\clone ppl\\BojongStore\\app\\Http\\Middleware\\LogVisitor.php(36): Illuminate\\Pipeline\\Pipeline->Illuminate\\Pipeline\\{closure}(Object(Illuminate\\Http\\Request))
#12 D:\\SMT 6\\PPL\\clone ppl\\BojongStore\\vendor\\laravel\\framework\\src\\Illuminate\\Pipeline\\Pipeline.php(208): App\\Http\\Middleware\\LogVisitor->handle(Object(Illuminate\\Http\\Request), Object(Closure))
#13 D:\\SMT 6\\PPL\\clone ppl\\BojongStore\\vendor\\laravel\\framework\\src\\Illuminate\\Routing\\Middleware\\SubstituteBindings.php(50): Illuminate\\Pipeline\\Pipeline->Illuminate\\Pipeline\\{closure}(Object(Illuminate\\Http\\Request))
#14 D:\\SMT 6\\PPL\\clone ppl\\BojongStore\\vendor\\laravel\\framework\\src\\Illuminate\\Pipeline\\Pipeline.php(208): Illuminate\\Routing\\Middleware\\SubstituteBindings->handle(Object(Illuminate\\Http\\Request), Object(Closure))
#15 D:\\SMT 6\\PPL\\clone ppl\\BojongStore\\vendor\\laravel\\framework\\src\\Illuminate\\Auth\\Middleware\\Authenticate.php(63): Illuminate\\Pipeline\\Pipeline->Illuminate\\Pipeline\\{closure}(Object(Illuminate\\Http\\Request))
#16 D:\\SMT 6\\PPL\\clone ppl\\BojongStore\\vendor\\laravel\\framework\\src\\Illuminate\\Pipeline\\Pipeline.php(208): Illuminate\\Auth\\Middleware\\Authenticate->handle(Object(Illuminate\\Http\\Request), Object(Closure))
#17 D:\\SMT 6\\PPL\\clone ppl\\BojongStore\\vendor\\laravel\\framework\\src\\Illuminate\\Foundation\\Http\\Middleware\\VerifyCsrfToken.php(87): Illuminate\\Pipeline\\Pipeline->Illuminate\\Pipeline\\{closure}(Object(Illuminate\\Http\\Request))
#18 D:\\SMT 6\\PPL\\clone ppl\\BojongStore\\vendor\\laravel\\framework\\src\\Illuminate\\Pipeline\\Pipeline.php(208): Illuminate\\Foundation\\Http\\Middleware\\VerifyCsrfToken->handle(Object(Illuminate\\Http\\Request), Object(Closure))
#19 D:\\SMT 6\\PPL\\clone ppl\\BojongStore\\vendor\\laravel\\framework\\src\\Illuminate\\View\\Middleware\\ShareErrorsFromSession.php(48): Illuminate\\Pipeline\\Pipeline->Illuminate\\Pipeline\\{closure}(Object(Illuminate\\Http\\Request))
#20 D:\\SMT 6\\PPL\\clone ppl\\BojongStore\\vendor\\laravel\\framework\\src\\Illuminate\\Pipeline\\Pipeline.php(208): Illuminate\\View\\Middleware\\ShareErrorsFromSession->handle(Object(Illuminate\\Http\\Request), Object(Closure))
#21 D:\\SMT 6\\PPL\\clone ppl\\BojongStore\\vendor\\laravel\\framework\\src\\Illuminate\\Session\\Middleware\\StartSession.php(120): Illuminate\\Pipeline\\Pipeline->Illuminate\\Pipeline\\{closure}(Object(Illuminate\\Http\\Request))
#22 D:\\SMT 6\\PPL\\clone ppl\\BojongStore\\vendor\\laravel\\framework\\src\\Illuminate\\Session\\Middleware\\StartSession.php(63): Illuminate\\Session\\Middleware\\StartSession->handleStatefulRequest(Object(Illuminate\\Http\\Request), Object(Illuminate\\Session\\Store), Object(Closure))
#23 D:\\SMT 6\\PPL\\clone ppl\\BojongStore\\vendor\\laravel\\framework\\src\\Illuminate\\Pipeline\\Pipeline.php(208): Illuminate\\Session\\Middleware\\StartSession->handle(Object(Illuminate\\Http\\Request), Object(Closure))
#24 D:\\SMT 6\\PPL\\clone ppl\\BojongStore\\vendor\\laravel\\framework\\src\\Illuminate\\Cookie\\Middleware\\AddQueuedCookiesToResponse.php(36): Illuminate\\Pipeline\\Pipeline->Illuminate\\Pipeline\\{closure}(Object(Illuminate\\Http\\Request))
#25 D:\\SMT 6\\PPL\\clone ppl\\BojongStore\\vendor\\laravel\\framework\\src\\Illuminate\\Pipeline\\Pipeline.php(208): Illuminate\\Cookie\\Middleware\\AddQueuedCookiesToResponse->handle(Object(Illuminate\\Http\\Request), Object(Closure))
#26 D:\\SMT 6\\PPL\\clone ppl\\BojongStore\\vendor\\laravel\\framework\\src\\Illuminate\\Cookie\\Middleware\\EncryptCookies.php(74): Illuminate\\Pipeline\\Pipeline->Illuminate\\Pipeline\\{closure}(Object(Illuminate\\Http\\Request))
#27 D:\\SMT 6\\PPL\\clone ppl\\BojongStore\\vendor\\laravel\\framework\\src\\Illuminate\\Pipeline\\Pipeline.php(208): Illuminate\\Cookie\\Middleware\\EncryptCookies->handle(Object(Illuminate\\Http\\Request), Object(Closure))
#28 D:\\SMT 6\\PPL\\clone ppl\\BojongStore\\vendor\\laravel\\framework\\src\\Illuminate\\Pipeline\\Pipeline.php(126): Illuminate\\Pipeline\\Pipeline->Illuminate\\Pipeline\\{closure}(Object(Illuminate\\Http\\Request))
#29 D:\\SMT 6\\PPL\\clone ppl\\BojongStore\\vendor\\laravel\\framework\\src\\Illuminate\\Routing\\Router.php(807): Illuminate\\Pipeline\\Pipeline->then(Object(Closure))
#30 D:\\SMT 6\\PPL\\clone ppl\\BojongStore\\vendor\\laravel\\framework\\src\\Illuminate\\Routing\\Router.php(786): Illuminate\\Routing\\Router->runRouteWithinStack(Object(Illuminate\\Routing\\Route), Object(Illuminate\\Http\\Request))
#31 D:\\SMT 6\\PPL\\clone ppl\\BojongStore\\vendor\\laravel\\framework\\src\\Illuminate\\Routing\\Router.php(750): Illuminate\\Routing\\Router->runRoute(Object(Illuminate\\Http\\Request), Object(Illuminate\\Routing\\Route))
#32 D:\\SMT 6\\PPL\\clone ppl\\BojongStore\\vendor\\laravel\\framework\\src\\Illuminate\\Routing\\Router.php(739): Illuminate\\Routing\\Router->dispatchToRoute(Object(Illuminate\\Http\\Request))
#33 D:\\SMT 6\\PPL\\clone ppl\\BojongStore\\vendor\\laravel\\framework\\src\\Illuminate\\Foundation\\Http\\Kernel.php(200): Illuminate\\Routing\\Router->dispatch(Object(Illuminate\\Http\\Request))
#34 D:\\SMT 6\\PPL\\clone ppl\\BojongStore\\vendor\\laravel\\framework\\src\\Illuminate\\Pipeline\\Pipeline.php(169): Illuminate\\Foundation\\Http\\Kernel->Illuminate\\Foundation\\Http\\{closure}(Object(Illuminate\\Http\\Request))
#35 D:\\SMT 6\\PPL\\clone ppl\\BojongStore\\vendor\\laravel\\framework\\src\\Illuminate\\Foundation\\Http\\Middleware\\TransformsRequest.php(21): Illuminate\\Pipeline\\Pipeline->Illuminate\\Pipeline\\{closure}(Object(Illuminate\\Http\\Request))
#36 D:\\SMT 6\\PPL\\clone ppl\\BojongStore\\vendor\\laravel\\framework\\src\\Illuminate\\Foundation\\Http\\Middleware\\ConvertEmptyStringsToNull.php(31): Illuminate\\Foundation\\Http\\Middleware\\TransformsRequest->handle(Object(Illuminate\\Http\\Request), Object(Closure))
#37 D:\\SMT 6\\PPL\\clone ppl\\BojongStore\\vendor\\laravel\\framework\\src\\Illuminate\\Pipeline\\Pipeline.php(208): Illuminate\\Foundation\\Http\\Middleware\\ConvertEmptyStringsToNull->handle(Object(Illuminate\\Http\\Request), Object(Closure))
#38 D:\\SMT 6\\PPL\\clone ppl\\BojongStore\\vendor\\laravel\\framework\\src\\Illuminate\\Foundation\\Http\\Middleware\\TransformsRequest.php(21): Illuminate\\Pipeline\\Pipeline->Illuminate\\Pipeline\\{closure}(Object(Illuminate\\Http\\Request))
#39 D:\\SMT 6\\PPL\\clone ppl\\BojongStore\\vendor\\laravel\\framework\\src\\Illuminate\\Foundation\\Http\\Middleware\\TrimStrings.php(51): Illuminate\\Foundation\\Http\\Middleware\\TransformsRequest->handle(Object(Illuminate\\Http\\Request), Object(Closure))
#40 D:\\SMT 6\\PPL\\clone ppl\\BojongStore\\vendor\\laravel\\framework\\src\\Illuminate\\Pipeline\\Pipeline.php(208): Illuminate\\Foundation\\Http\\Middleware\\TrimStrings->handle(Object(Illuminate\\Http\\Request), Object(Closure))
#41 D:\\SMT 6\\PPL\\clone ppl\\BojongStore\\vendor\\laravel\\framework\\src\\Illuminate\\Http\\Middleware\\ValidatePostSize.php(27): Illuminate\\Pipeline\\Pipeline->Illuminate\\Pipeline\\{closure}(Object(Illuminate\\Http\\Request))
#42 D:\\SMT 6\\PPL\\clone ppl\\BojongStore\\vendor\\laravel\\framework\\src\\Illuminate\\Pipeline\\Pipeline.php(208): Illuminate\\Http\\Middleware\\ValidatePostSize->handle(Object(Illuminate\\Http\\Request), Object(Closure))
#43 D:\\SMT 6\\PPL\\clone ppl\\BojongStore\\vendor\\laravel\\framework\\src\\Illuminate\\Foundation\\Http\\Middleware\\PreventRequestsDuringMaintenance.php(109): Illuminate\\Pipeline\\Pipeline->Illuminate\\Pipeline\\{closure}(Object(Illuminate\\Http\\Request))
#44 D:\\SMT 6\\PPL\\clone ppl\\BojongStore\\vendor\\laravel\\framework\\src\\Illuminate\\Pipeline\\Pipeline.php(208): Illuminate\\Foundation\\Http\\Middleware\\PreventRequestsDuringMaintenance->handle(Object(Illuminate\\Http\\Request), Object(Closure))
#45 D:\\SMT 6\\PPL\\clone ppl\\BojongStore\\vendor\\laravel\\framework\\src\\Illuminate\\Http\\Middleware\\HandleCors.php(48): Illuminate\\Pipeline\\Pipeline->Illuminate\\Pipeline\\{closure}(Object(Illuminate\\Http\\Request))
#46 D:\\SMT 6\\PPL\\clone ppl\\BojongStore\\vendor\\laravel\\framework\\src\\Illuminate\\Pipeline\\Pipeline.php(208): Illuminate\\Http\\Middleware\\HandleCors->handle(Object(Illuminate\\Http\\Request), Object(Closure))
#47 D:\\SMT 6\\PPL\\clone ppl\\BojongStore\\vendor\\laravel\\framework\\src\\Illuminate\\Http\\Middleware\\TrustProxies.php(58): Illuminate\\Pipeline\\Pipeline->Illuminate\\Pipeline\\{closure}(Object(Illuminate\\Http\\Request))
#48 D:\\SMT 6\\PPL\\clone ppl\\BojongStore\\vendor\\laravel\\framework\\src\\Illuminate\\Pipeline\\Pipeline.php(208): Illuminate\\Http\\Middleware\\TrustProxies->handle(Object(Illuminate\\Http\\Request), Object(Closure))
#49 D:\\SMT 6\\PPL\\clone ppl\\BojongStore\\vendor\\laravel\\framework\\src\\Illuminate\\Foundation\\Http\\Middleware\\InvokeDeferredCallbacks.php(22): Illuminate\\Pipeline\\Pipeline->Illuminate\\Pipeline\\{closure}(Object(Illuminate\\Http\\Request))
#50 D:\\SMT 6\\PPL\\clone ppl\\BojongStore\\vendor\\laravel\\framework\\src\\Illuminate\\Pipeline\\Pipeline.php(208): Illuminate\\Foundation\\Http\\Middleware\\InvokeDeferredCallbacks->handle(Object(Illuminate\\Http\\Request), Object(Closure))
#51 D:\\SMT 6\\PPL\\clone ppl\\BojongStore\\vendor\\laravel\\framework\\src\\Illuminate\\Http\\Middleware\\ValidatePathEncoding.php(26): Illuminate\\Pipeline\\Pipeline->Illuminate\\Pipeline\\{closure}(Object(Illuminate\\Http\\Request))
#52 D:\\SMT 6\\PPL\\clone ppl\\BojongStore\\vendor\\laravel\\framework\\src\\Illuminate\\Pipeline\\Pipeline.php(208): Illuminate\\Http\\Middleware\\ValidatePathEncoding->handle(Object(Illuminate\\Http\\Request), Object(Closure))
#53 D:\\SMT 6\\PPL\\clone ppl\\BojongStore\\vendor\\laravel\\framework\\src\\Illuminate\\Pipeline\\Pipeline.php(126): Illuminate\\Pipeline\\Pipeline->Illuminate\\Pipeline\\{closure}(Object(Illuminate\\Http\\Request))
#54 D:\\SMT 6\\PPL\\clone ppl\\BojongStore\\vendor\\laravel\\framework\\src\\Illuminate\\Foundation\\Http\\Kernel.php(175): Illuminate\\Pipeline\\Pipeline->then(Object(Closure))
#55 D:\\SMT 6\\PPL\\clone ppl\\BojongStore\\vendor\\laravel\\framework\\src\\Illuminate\\Foundation\\Http\\Kernel.php(144): Illuminate\\Foundation\\Http\\Kernel->sendRequestThroughRouter(Object(Illuminate\\Http\\Request))
#56 D:\\SMT 6\\PPL\\clone ppl\\BojongStore\\vendor\\laravel\\framework\\src\\Illuminate\\Foundation\\Testing\\Concerns\\MakesHttpRequests.php(607): Illuminate\\Foundation\\Http\\Kernel->handle(Object(Illuminate\\Http\\Request))
#57 D:\\SMT 6\\PPL\\clone ppl\\BojongStore\\vendor\\laravel\\framework\\src\\Illuminate\\Foundation\\Testing\\Concerns\\MakesHttpRequests.php(368): Illuminate\\Foundation\\Testing\\TestCase->call('GET', '/verify-email', Array, Array, Array, Array)
#58 D:\\SMT 6\\PPL\\clone ppl\\BojongStore\\tests\\Feature\\Auth\\EmailVerificationTest.php(20): Illuminate\\Foundation\\Testing\\TestCase->get('/verify-email')
#59 D:\\SMT 6\\PPL\\clone ppl\\BojongStore\\vendor\\phpunit\\phpunit\\src\\Framework\\TestCase.php(1656): Tests\\Feature\\Auth\\EmailVerificationTest->test_email_verification_screen_can_be_rendered()
#60 D:\\SMT 6\\PPL\\clone ppl\\BojongStore\\vendor\\phpunit\\phpunit\\src\\Framework\\TestCase.php(514): PHPUnit\\Framework\\TestCase->runTest()
#61 D:\\SMT 6\\PPL\\clone ppl\\BojongStore\\vendor\\phpunit\\phpunit\\src\\Framework\\TestRunner\\TestRunner.php(87): PHPUnit\\Framework\\TestCase->runBare()
#62 D:\\SMT 6\\PPL\\clone ppl\\BojongStore\\vendor\\phpunit\\phpunit\\src\\Framework\\TestCase.php(361): PHPUnit\\Framework\\TestRunner->run(Object(Tests\\Feature\\Auth\\EmailVerificationTest))
#63 D:\\SMT 6\\PPL\\clone ppl\\BojongStore\\vendor\\phpunit\\phpunit\\src\\Framework\\TestSuite.php(369): PHPUnit\\Framework\\TestCase->run()
#64 D:\\SMT 6\\PPL\\clone ppl\\BojongStore\\vendor\\phpunit\\phpunit\\src\\Framework\\TestSuite.php(369): PHPUnit\\Framework\\TestSuite->run()
#65 D:\\SMT 6\\PPL\\clone ppl\\BojongStore\\vendor\\phpunit\\phpunit\\src\\Framework\\TestSuite.php(369): PHPUnit\\Framework\\TestSuite->run()
#66 D:\\SMT 6\\PPL\\clone ppl\\BojongStore\\vendor\\phpunit\\phpunit\\src\\TextUI\\TestRunner.php(64): PHPUnit\\Framework\\TestSuite->run()
#67 D:\\SMT 6\\PPL\\clone ppl\\BojongStore\\vendor\\phpunit\\phpunit\\src\\TextUI\\Application.php(210): PHPUnit\\TextUI\\TestRunner->run(Object(PHPUnit\\TextUI\\Configuration\\Configuration), Object(PHPUnit\\Runner\\ResultCache\\DefaultResultCache), Object(PHPUnit\\Framework\\TestSuite))
#68 D:\\SMT 6\\PPL\\clone ppl\\BojongStore\\vendor\\phpunit\\phpunit\\phpunit(104): PHPUnit\\TextUI\\Application->run(Array)
#69 {main}

[previous exception] [object] (InvalidArgumentException(code: 0): View [layouts.guest] not found. at D:\\SMT 6\\PPL\\clone ppl\\BojongStore\\vendor\\laravel\\framework\\src\\Illuminate\\View\\FileViewFinder.php:138)
[stacktrace]
#0 D:\\SMT 6\\PPL\\clone ppl\\BojongStore\\vendor\\laravel\\framework\\src\\Illuminate\\View\\FileViewFinder.php(78): Illuminate\\View\\FileViewFinder->findInPaths('layouts.guest', Array)
#1 D:\\SMT 6\\PPL\\clone ppl\\BojongStore\\vendor\\laravel\\framework\\src\\Illuminate\\View\\Factory.php(150): Illuminate\\View\\FileViewFinder->find('layouts.guest')
#2 D:\\SMT 6\\PPL\\clone ppl\\BojongStore\\vendor\\laravel\\framework\\src\\Illuminate\\Foundation\\helpers.php(1079): Illuminate\\View\\Factory->make('layouts.guest', Array, Array)
#3 D:\\SMT 6\\PPL\\clone ppl\\BojongStore\\app\\View\\Components\\GuestLayout.php(15): view('layouts.guest')
#4 D:\\SMT 6\\PPL\\clone ppl\\BojongStore\\vendor\\laravel\\framework\\src\\Illuminate\\View\\Component.php(143): App\\View\\Components\\GuestLayout->render()
#5 D:\\SMT 6\\PPL\\clone ppl\\BojongStore\\storage\\framework\\views\\e85f33f744501de5e6b4ea86f4dfb195.php(6): Illuminate\\View\\Component->resolveView()
#6 D:\\SMT 6\\PPL\\clone ppl\\BojongStore\\vendor\\laravel\\framework\\src\\Illuminate\\Filesystem\\Filesystem.php(123): require('D:\\\\SMT 6\\\\PPL\\\\cl...')
#7 D:\\SMT 6\\PPL\\clone ppl\\BojongStore\\vendor\\laravel\\framework\\src\\Illuminate\\Filesystem\\Filesystem.php(124): Illuminate\\Filesystem\\Filesystem::Illuminate\\Filesystem\\{closure}()
#8 D:\\SMT 6\\PPL\\clone ppl\\BojongStore\\vendor\\laravel\\framework\\src\\Illuminate\\View\\Engines\\PhpEngine.php(57): Illuminate\\Filesystem\\Filesystem->getRequire('D:\\\\SMT 6\\\\PPL\\\\cl...', Array)
#9 D:\\SMT 6\\PPL\\clone ppl\\BojongStore\\vendor\\laravel\\framework\\src\\Illuminate\\View\\Engines\\CompilerEngine.php(74): Illuminate\\View\\Engines\\PhpEngine->evaluatePath('D:\\\\SMT 6\\\\PPL\\\\cl...', Array)
#10 D:\\SMT 6\\PPL\\clone ppl\\BojongStore\\vendor\\laravel\\framework\\src\\Illuminate\\View\\View.php(208): Illuminate\\View\\Engines\\CompilerEngine->get('D:\\\\SMT 6\\\\PPL\\\\cl...', Array)
#11 D:\\SMT 6\\PPL\\clone ppl\\BojongStore\\vendor\\laravel\\framework\\src\\Illuminate\\View\\View.php(191): Illuminate\\View\\View->getContents()
#12 D:\\SMT 6\\PPL\\clone ppl\\BojongStore\\vendor\\laravel\\framework\\src\\Illuminate\\View\\View.php(160): Illuminate\\View\\View->renderContents()
#13 D:\\SMT 6\\PPL\\clone ppl\\BojongStore\\vendor\\laravel\\framework\\src\\Illuminate\\Http\\Response.php(78): Illuminate\\View\\View->render()
#14 D:\\SMT 6\\PPL\\clone ppl\\BojongStore\\vendor\\laravel\\framework\\src\\Illuminate\\Http\\Response.php(34): Illuminate\\Http\\Response->setContent(Object(Illuminate\\View\\View))
#15 D:\\SMT 6\\PPL\\clone ppl\\BojongStore\\vendor\\laravel\\framework\\src\\Illuminate\\Routing\\Router.php(924): Illuminate\\Http\\Response->__construct(Object(Illuminate\\View\\View), 200, Array)
#16 D:\\SMT 6\\PPL\\clone ppl\\BojongStore\\vendor\\laravel\\framework\\src\\Illuminate\\Routing\\Router.php(891): Illuminate\\Routing\\Router::toResponse(Object(Illuminate\\Http\\Request), Object(Illuminate\\View\\View))
#17 D:\\SMT 6\\PPL\\clone ppl\\BojongStore\\vendor\\laravel\\framework\\src\\Illuminate\\Routing\\Router.php(807): Illuminate\\Routing\\Router->prepareResponse(Object(Illuminate\\Http\\Request), Object(Illuminate\\View\\View))
#18 D:\\SMT 6\\PPL\\clone ppl\\BojongStore\\vendor\\laravel\\framework\\src\\Illuminate\\Pipeline\\Pipeline.php(169): Illuminate\\Routing\\Router->Illuminate\\Routing\\{closure}(Object(Illuminate\\Http\\Request))
#19 D:\\SMT 6\\PPL\\clone ppl\\BojongStore\\app\\Http\\Middleware\\LogVisitor.php(36): Illuminate\\Pipeline\\Pipeline->Illuminate\\Pipeline\\{closure}(Object(Illuminate\\Http\\Request))
#20 D:\\SMT 6\\PPL\\clone ppl\\BojongStore\\vendor\\laravel\\framework\\src\\Illuminate\\Pipeline\\Pipeline.php(208): App\\Http\\Middleware\\LogVisitor->handle(Object(Illuminate\\Http\\Request), Object(Closure))
#21 D:\\SMT 6\\PPL\\clone ppl\\BojongStore\\vendor\\laravel\\framework\\src\\Illuminate\\Routing\\Middleware\\SubstituteBindings.php(50): Illuminate\\Pipeline\\Pipeline->Illuminate\\Pipeline\\{closure}(Object(Illuminate\\Http\\Request))
#22 D:\\SMT 6\\PPL\\clone ppl\\BojongStore\\vendor\\laravel\\framework\\src\\Illuminate\\Pipeline\\Pipeline.php(208): Illuminate\\Routing\\Middleware\\SubstituteBindings->handle(Object(Illuminate\\Http\\Request), Object(Closure))
#23 D:\\SMT 6\\PPL\\clone ppl\\BojongStore\\vendor\\laravel\\framework\\src\\Illuminate\\Auth\\Middleware\\Authenticate.php(63): Illuminate\\Pipeline\\Pipeline->Illuminate\\Pipeline\\{closure}(Object(Illuminate\\Http\\Request))
#24 D:\\SMT 6\\PPL\\clone ppl\\BojongStore\\vendor\\laravel\\framework\\src\\Illuminate\\Pipeline\\Pipeline.php(208): Illuminate\\Auth\\Middleware\\Authenticate->handle(Object(Illuminate\\Http\\Request), Object(Closure))
#25 D:\\SMT 6\\PPL\\clone ppl\\BojongStore\\vendor\\laravel\\framework\\src\\Illuminate\\Foundation\\Http\\Middleware\\VerifyCsrfToken.php(87): Illuminate\\Pipeline\\Pipeline->Illuminate\\Pipeline\\{closure}(Object(Illuminate\\Http\\Request))
#26 D:\\SMT 6\\PPL\\clone ppl\\BojongStore\\vendor\\laravel\\framework\\src\\Illuminate\\Pipeline\\Pipeline.php(208): Illuminate\\Foundation\\Http\\Middleware\\VerifyCsrfToken->handle(Object(Illuminate\\Http\\Request), Object(Closure))
#27 D:\\SMT 6\\PPL\\clone ppl\\BojongStore\\vendor\\laravel\\framework\\src\\Illuminate\\View\\Middleware\\ShareErrorsFromSession.php(48): Illuminate\\Pipeline\\Pipeline->Illuminate\\Pipeline\\{closure}(Object(Illuminate\\Http\\Request))
#28 D:\\SMT 6\\PPL\\clone ppl\\BojongStore\\vendor\\laravel\\framework\\src\\Illuminate\\Pipeline\\Pipeline.php(208): Illuminate\\View\\Middleware\\ShareErrorsFromSession->handle(Object(Illuminate\\Http\\Request), Object(Closure))
#29 D:\\SMT 6\\PPL\\clone ppl\\BojongStore\\vendor\\laravel\\framework\\src\\Illuminate\\Session\\Middleware\\StartSession.php(120): Illuminate\\Pipeline\\Pipeline->Illuminate\\Pipeline\\{closure}(Object(Illuminate\\Http\\Request))
#30 D:\\SMT 6\\PPL\\clone ppl\\BojongStore\\vendor\\laravel\\framework\\src\\Illuminate\\Session\\Middleware\\StartSession.php(63): Illuminate\\Session\\Middleware\\StartSession->handleStatefulRequest(Object(Illuminate\\Http\\Request), Object(Illuminate\\Session\\Store), Object(Closure))
#31 D:\\SMT 6\\PPL\\clone ppl\\BojongStore\\vendor\\laravel\\framework\\src\\Illuminate\\Pipeline\\Pipeline.php(208): Illuminate\\Session\\Middleware\\StartSession->handle(Object(Illuminate\\Http\\Request), Object(Closure))
#32 D:\\SMT 6\\PPL\\clone ppl\\BojongStore\\vendor\\laravel\\framework\\src\\Illuminate\\Cookie\\Middleware\\AddQueuedCookiesToResponse.php(36): Illuminate\\Pipeline\\Pipeline->Illuminate\\Pipeline\\{closure}(Object(Illuminate\\Http\\Request))
#33 D:\\SMT 6\\PPL\\clone ppl\\BojongStore\\vendor\\laravel\\framework\\src\\Illuminate\\Pipeline\\Pipeline.php(208): Illuminate\\Cookie\\Middleware\\AddQueuedCookiesToResponse->handle(Object(Illuminate\\Http\\Request), Object(Closure))
#34 D:\\SMT 6\\PPL\\clone ppl\\BojongStore\\vendor\\laravel\\framework\\src\\Illuminate\\Cookie\\Middleware\\EncryptCookies.php(74): Illuminate\\Pipeline\\Pipeline->Illuminate\\Pipeline\\{closure}(Object(Illuminate\\Http\\Request))
#35 D:\\SMT 6\\PPL\\clone ppl\\BojongStore\\vendor\\laravel\\framework\\src\\Illuminate\\Pipeline\\Pipeline.php(208): Illuminate\\Cookie\\Middleware\\EncryptCookies->handle(Object(Illuminate\\Http\\Request), Object(Closure))
#36 D:\\SMT 6\\PPL\\clone ppl\\BojongStore\\vendor\\laravel\\framework\\src\\Illuminate\\Pipeline\\Pipeline.php(126): Illuminate\\Pipeline\\Pipeline->Illuminate\\Pipeline\\{closure}(Object(Illuminate\\Http\\Request))
#37 D:\\SMT 6\\PPL\\clone ppl\\BojongStore\\vendor\\laravel\\framework\\src\\Illuminate\\Routing\\Router.php(807): Illuminate\\Pipeline\\Pipeline->then(Object(Closure))
#38 D:\\SMT 6\\PPL\\clone ppl\\BojongStore\\vendor\\laravel\\framework\\src\\Illuminate\\Routing\\Router.php(786): Illuminate\\Routing\\Router->runRouteWithinStack(Object(Illuminate\\Routing\\Route), Object(Illuminate\\Http\\Request))
#39 D:\\SMT 6\\PPL\\clone ppl\\BojongStore\\vendor\\laravel\\framework\\src\\Illuminate\\Routing\\Router.php(750): Illuminate\\Routing\\Router->runRoute(Object(Illuminate\\Http\\Request), Object(Illuminate\\Routing\\Route))
#40 D:\\SMT 6\\PPL\\clone ppl\\BojongStore\\vendor\\laravel\\framework\\src\\Illuminate\\Routing\\Router.php(739): Illuminate\\Routing\\Router->dispatchToRoute(Object(Illuminate\\Http\\Request))
#41 D:\\SMT 6\\PPL\\clone ppl\\BojongStore\\vendor\\laravel\\framework\\src\\Illuminate\\Foundation\\Http\\Kernel.php(200): Illuminate\\Routing\\Router->dispatch(Object(Illuminate\\Http\\Request))
#42 D:\\SMT 6\\PPL\\clone ppl\\BojongStore\\vendor\\laravel\\framework\\src\\Illuminate\\Pipeline\\Pipeline.php(169): Illuminate\\Foundation\\Http\\Kernel->Illuminate\\Foundation\\Http\\{closure}(Object(Illuminate\\Http\\Request))
#43 D:\\SMT 6\\PPL\\clone ppl\\BojongStore\\vendor\\laravel\\framework\\src\\Illuminate\\Foundation\\Http\\Middleware\\TransformsRequest.php(21): Illuminate\\Pipeline\\Pipeline->Illuminate\\Pipeline\\{closure}(Object(Illuminate\\Http\\Request))
#44 D:\\SMT 6\\PPL\\clone ppl\\BojongStore\\vendor\\laravel\\framework\\src\\Illuminate\\Foundation\\Http\\Middleware\\ConvertEmptyStringsToNull.php(31): Illuminate\\Foundation\\Http\\Middleware\\TransformsRequest->handle(Object(Illuminate\\Http\\Request), Object(Closure))
#45 D:\\SMT 6\\PPL\\clone ppl\\BojongStore\\vendor\\laravel\\framework\\src\\Illuminate\\Pipeline\\Pipeline.php(208): Illuminate\\Foundation\\Http\\Middleware\\ConvertEmptyStringsToNull->handle(Object(Illuminate\\Http\\Request), Object(Closure))
#46 D:\\SMT 6\\PPL\\clone ppl\\BojongStore\\vendor\\laravel\\framework\\src\\Illuminate\\Foundation\\Http\\Middleware\\TransformsRequest.php(21): Illuminate\\Pipeline\\Pipeline->Illuminate\\Pipeline\\{closure}(Object(Illuminate\\Http\\Request))
#47 D:\\SMT 6\\PPL\\clone ppl\\BojongStore\\vendor\\laravel\\framework\\src\\Illuminate\\Foundation\\Http\\Middleware\\TrimStrings.php(51): Illuminate\\Foundation\\Http\\Middleware\\TransformsRequest->handle(Object(Illuminate\\Http\\Request), Object(Closure))
#48 D:\\SMT 6\\PPL\\clone ppl\\BojongStore\\vendor\\laravel\\framework\\src\\Illuminate\\Pipeline\\Pipeline.php(208): Illuminate\\Foundation\\Http\\Middleware\\TrimStrings->handle(Object(Illuminate\\Http\\Request), Object(Closure))
#49 D:\\SMT 6\\PPL\\clone ppl\\BojongStore\\vendor\\laravel\\framework\\src\\Illuminate\\Http\\Middleware\\ValidatePostSize.php(27): Illuminate\\Pipeline\\Pipeline->Illuminate\\Pipeline\\{closure}(Object(Illuminate\\Http\\Request))
#50 D:\\SMT 6\\PPL\\clone ppl\\BojongStore\\vendor\\laravel\\framework\\src\\Illuminate\\Pipeline\\Pipeline.php(208): Illuminate\\Http\\Middleware\\ValidatePostSize->handle(Object(Illuminate\\Http\\Request), Object(Closure))
#51 D:\\SMT 6\\PPL\\clone ppl\\BojongStore\\vendor\\laravel\\framework\\src\\Illuminate\\Foundation\\Http\\Middleware\\PreventRequestsDuringMaintenance.php(109): Illuminate\\Pipeline\\Pipeline->Illuminate\\Pipeline\\{closure}(Object(Illuminate\\Http\\Request))
#52 D:\\SMT 6\\PPL\\clone ppl\\BojongStore\\vendor\\laravel\\framework\\src\\Illuminate\\Pipeline\\Pipeline.php(208): Illuminate\\Foundation\\Http\\Middleware\\PreventRequestsDuringMaintenance->handle(Object(Illuminate\\Http\\Request), Object(Closure))
#53 D:\\SMT 6\\PPL\\clone ppl\\BojongStore\\vendor\\laravel\\framework\\src\\Illuminate\\Http\\Middleware\\HandleCors.php(48): Illuminate\\Pipeline\\Pipeline->Illuminate\\Pipeline\\{closure}(Object(Illuminate\\Http\\Request))
#54 D:\\SMT 6\\PPL\\clone ppl\\BojongStore\\vendor\\laravel\\framework\\src\\Illuminate\\Pipeline\\Pipeline.php(208): Illuminate\\Http\\Middleware\\HandleCors->handle(Object(Illuminate\\Http\\Request), Object(Closure))
#55 D:\\SMT 6\\PPL\\clone ppl\\BojongStore\\vendor\\laravel\\framework\\src\\Illuminate\\Http\\Middleware\\TrustProxies.php(58): Illuminate\\Pipeline\\Pipeline->Illuminate\\Pipeline\\{closure}(Object(Illuminate\\Http\\Request))
#56 D:\\SMT 6\\PPL\\clone ppl\\BojongStore\\vendor\\laravel\\framework\\src\\Illuminate\\Pipeline\\Pipeline.php(208): Illuminate\\Http\\Middleware\\TrustProxies->handle(Object(Illuminate\\Http\\Request), Object(Closure))
#57 D:\\SMT 6\\PPL\\clone ppl\\BojongStore\\vendor\\laravel\\framework\\src\\Illuminate\\Foundation\\Http\\Middleware\\InvokeDeferredCallbacks.php(22): Illuminate\\Pipeline\\Pipeline->Illuminate\\Pipeline\\{closure}(Object(Illuminate\\Http\\Request))
#58 D:\\SMT 6\\PPL\\clone ppl\\BojongStore\\vendor\\laravel\\framework\\src\\Illuminate\\Pipeline\\Pipeline.php(208): Illuminate\\Foundation\\Http\\Middleware\\InvokeDeferredCallbacks->handle(Object(Illuminate\\Http\\Request), Object(Closure))
#59 D:\\SMT 6\\PPL\\clone ppl\\BojongStore\\vendor\\laravel\\framework\\src\\Illuminate\\Http\\Middleware\\ValidatePathEncoding.php(26): Illuminate\\Pipeline\\Pipeline->Illuminate\\Pipeline\\{closure}(Object(Illuminate\\Http\\Request))
#60 D:\\SMT 6\\PPL\\clone ppl\\BojongStore\\vendor\\laravel\\framework\\src\\Illuminate\\Pipeline\\Pipeline.php(208): Illuminate\\Http\\Middleware\\ValidatePathEncoding->handle(Object(Illuminate\\Http\\Request), Object(Closure))
#61 D:\\SMT 6\\PPL\\clone ppl\\BojongStore\\vendor\\laravel\\framework\\src\\Illuminate\\Pipeline\\Pipeline.php(126): Illuminate\\Pipeline\\Pipeline->Illuminate\\Pipeline\\{closure}(Object(Illuminate\\Http\\Request))
#62 D:\\SMT 6\\PPL\\clone ppl\\BojongStore\\vendor\\laravel\\framework\\src\\Illuminate\\Foundation\\Http\\Kernel.php(175): Illuminate\\Pipeline\\Pipeline->then(Object(Closure))
#63 D:\\SMT 6\\PPL\\clone ppl\\BojongStore\\vendor\\laravel\\framework\\src\\Illuminate\\Foundation\\Http\\Kernel.php(144): Illuminate\\Foundation\\Http\\Kernel->sendRequestThroughRouter(Object(Illuminate\\Http\\Request))
#64 D:\\SMT 6\\PPL\\clone ppl\\BojongStore\\vendor\\laravel\\framework\\src\\Illuminate\\Foundation\\Testing\\Concerns\\MakesHttpRequests.php(607): Illuminate\\Foundation\\Http\\Kernel->handle(Object(Illuminate\\Http\\Request))
#65 D:\\SMT 6\\PPL\\clone ppl\\BojongStore\\vendor\\laravel\\framework\\src\\Illuminate\\Foundation\\Testing\\Concerns\\MakesHttpRequests.php(368): Illuminate\\Foundation\\Testing\\TestCase->call('GET', '/verify-email', Array, Array, Array, Array)
#66 D:\\SMT 6\\PPL\\clone ppl\\BojongStore\\tests\\Feature\\Auth\\EmailVerificationTest.php(20): Illuminate\\Foundation\\Testing\\TestCase->get('/verify-email')
#67 D:\\SMT 6\\PPL\\clone ppl\\BojongStore\\vendor\\phpunit\\phpunit\\src\\Framework\\TestCase.php(1656): Tests\\Feature\\Auth\\EmailVerificationTest->test_email_verification_screen_can_be_rendered()
#68 D:\\SMT 6\\PPL\\clone ppl\\BojongStore\\vendor\\phpunit\\phpunit\\src\\Framework\\TestCase.php(514): PHPUnit\\Framework\\TestCase->runTest()
#69 D:\\SMT 6\\PPL\\clone ppl\\BojongStore\\vendor\\phpunit\\phpunit\\src\\Framework\\TestRunner\\TestRunner.php(87): PHPUnit\\Framework\\TestCase->runBare()
#70 D:\\SMT 6\\PPL\\clone ppl\\BojongStore\\vendor\\phpunit\\phpunit\\src\\Framework\\TestCase.php(361): PHPUnit\\Framework\\TestRunner->run(Object(Tests\\Feature\\Auth\\EmailVerificationTest))
#71 D:\\SMT 6\\PPL\\clone ppl\\BojongStore\\vendor\\phpunit\\phpunit\\src\\Framework\\TestSuite.php(369): PHPUnit\\Framework\\TestCase->run()
#72 D:\\SMT 6\\PPL\\clone ppl\\BojongStore\\vendor\\phpunit\\phpunit\\src\\Framework\\TestSuite.php(369): PHPUnit\\Framework\\TestSuite->run()
#73 D:\\SMT 6\\PPL\\clone ppl\\BojongStore\\vendor\\phpunit\\phpunit\\src\\Framework\\TestSuite.php(369): PHPUnit\\Framework\\TestSuite->run()
#74 D:\\SMT 6\\PPL\\clone ppl\\BojongStore\\vendor\\phpunit\\phpunit\\src\\TextUI\\TestRunner.php(64): PHPUnit\\Framework\\TestSuite->run()
#75 D:\\SMT 6\\PPL\\clone ppl\\BojongStore\\vendor\\phpunit\\phpunit\\src\\TextUI\\Application.php(210): PHPUnit\\TextUI\\TestRunner->run(Object(PHPUnit\\TextUI\\Configuration\\Configuration), Object(PHPUnit\\Runner\\ResultCache\\DefaultResultCache), Object(PHPUnit\\Framework\\TestSuite))
#76 D:\\SMT 6\\PPL\\clone ppl\\BojongStore\\vendor\\phpunit\\phpunit\\phpunit(104): PHPUnit\\TextUI\\Application->run(Array)
#77 {main}
"} 
[2026-06-03 10:49:41] testing.ERROR: Route [dashboard] not defined. {"userId":1,"exception":"[object] (Symfony\\Component\\Routing\\Exception\\RouteNotFoundException(code: 0): Route [dashboard] not defined. at D:\\SMT 6\\PPL\\clone ppl\\BojongStore\\vendor\\laravel\\framework\\src\\Illuminate\\Routing\\UrlGenerator.php:526)
[stacktrace]
#0 D:\\SMT 6\\PPL\\clone ppl\\BojongStore\\vendor\\laravel\\framework\\src\\Illuminate\\Foundation\\helpers.php(856): Illuminate\\Routing\\UrlGenerator->route('dashboard', Array, false)
#1 D:\\SMT 6\\PPL\\clone ppl\\BojongStore\\app\\Http\\Controllers\\Auth\\VerifyEmailController.php(25): route('dashboard', Array, false)
#2 D:\\SMT 6\\PPL\\clone ppl\\BojongStore\\vendor\\laravel\\framework\\src\\Illuminate\\Routing\\ControllerDispatcher.php(46): App\\Http\\Controllers\\Auth\\VerifyEmailController->__invoke(Object(Illuminate\\Foundation\\Auth\\EmailVerificationRequest), '1', '46472bf544b1a72...')
#3 D:\\SMT 6\\PPL\\clone ppl\\BojongStore\\vendor\\laravel\\framework\\src\\Illuminate\\Routing\\Route.php(265): Illuminate\\Routing\\ControllerDispatcher->dispatch(Object(Illuminate\\Routing\\Route), Object(App\\Http\\Controllers\\Auth\\VerifyEmailController), '__invoke')
#4 D:\\SMT 6\\PPL\\clone ppl\\BojongStore\\vendor\\laravel\\framework\\src\\Illuminate\\Routing\\Route.php(211): Illuminate\\Routing\\Route->runController()
#5 D:\\SMT 6\\PPL\\clone ppl\\BojongStore\\vendor\\laravel\\framework\\src\\Illuminate\\Routing\\Router.php(808): Illuminate\\Routing\\Route->run()
#6 D:\\SMT 6\\PPL\\clone ppl\\BojongStore\\vendor\\laravel\\framework\\src\\Illuminate\\Pipeline\\Pipeline.php(169): Illuminate\\Routing\\Router->Illuminate\\Routing\\{closure}(Object(Illuminate\\Http\\Request))
#7 D:\\SMT 6\\PPL\\clone ppl\\BojongStore\\vendor\\laravel\\framework\\src\\Illuminate\\Routing\\Middleware\\ValidateSignature.php(70): Illuminate\\Pipeline\\Pipeline->Illuminate\\Pipeline\\{closure}(Object(Illuminate\\Http\\Request))
#8 D:\\SMT 6\\PPL\\clone ppl\\BojongStore\\vendor\\laravel\\framework\\src\\Illuminate\\Pipeline\\Pipeline.php(208): Illuminate\\Routing\\Middleware\\ValidateSignature->handle(Object(Illuminate\\Http\\Request), Object(Closure))
#9 D:\\SMT 6\\PPL\\clone ppl\\BojongStore\\app\\Http\\Middleware\\LogVisitor.php(36): Illuminate\\Pipeline\\Pipeline->Illuminate\\Pipeline\\{closure}(Object(Illuminate\\Http\\Request))
#10 D:\\SMT 6\\PPL\\clone ppl\\BojongStore\\vendor\\laravel\\framework\\src\\Illuminate\\Pipeline\\Pipeline.php(208): App\\Http\\Middleware\\LogVisitor->handle(Object(Illuminate\\Http\\Request), Object(Closure))
#11 D:\\SMT 6\\PPL\\clone ppl\\BojongStore\\vendor\\laravel\\framework\\src\\Illuminate\\Routing\\Middleware\\SubstituteBindings.php(50): Illuminate\\Pipeline\\Pipeline->Illuminate\\Pipeline\\{closure}(Object(Illuminate\\Http\\Request))
#12 D:\\SMT 6\\PPL\\clone ppl\\BojongStore\\vendor\\laravel\\framework\\src\\Illuminate\\Pipeline\\Pipeline.php(208): Illuminate\\Routing\\Middleware\\SubstituteBindings->handle(Object(Illuminate\\Http\\Request), Object(Closure))
#13 D:\\SMT 6\\PPL\\clone ppl\\BojongStore\\vendor\\laravel\\framework\\src\\Illuminate\\Routing\\Middleware\\ThrottleRequests.php(160): Illuminate\\Pipeline\\Pipeline->Illuminate\\Pipeline\\{closure}(Object(Illuminate\\Http\\Request))
#14 D:\\SMT 6\\PPL\\clone ppl\\BojongStore\\vendor\\laravel\\framework\\src\\Illuminate\\Routing\\Middleware\\ThrottleRequests.php(91): Illuminate\\Routing\\Middleware\\ThrottleRequests->handleRequest(Object(Illuminate\\Http\\Request), Object(Closure), Array)
#15 D:\\SMT 6\\PPL\\clone ppl\\BojongStore\\vendor\\laravel\\framework\\src\\Illuminate\\Pipeline\\Pipeline.php(208): Illuminate\\Routing\\Middleware\\ThrottleRequests->handle(Object(Illuminate\\Http\\Request), Object(Closure), '6', '1')
#16 D:\\SMT 6\\PPL\\clone ppl\\BojongStore\\vendor\\laravel\\framework\\src\\Illuminate\\Auth\\Middleware\\Authenticate.php(63): Illuminate\\Pipeline\\Pipeline->Illuminate\\Pipeline\\{closure}(Object(Illuminate\\Http\\Request))
#17 D:\\SMT 6\\PPL\\clone ppl\\BojongStore\\vendor\\laravel\\framework\\src\\Illuminate\\Pipeline\\Pipeline.php(208): Illuminate\\Auth\\Middleware\\Authenticate->handle(Object(Illuminate\\Http\\Request), Object(Closure))
#18 D:\\SMT 6\\PPL\\clone ppl\\BojongStore\\vendor\\laravel\\framework\\src\\Illuminate\\Foundation\\Http\\Middleware\\VerifyCsrfToken.php(87): Illuminate\\Pipeline\\Pipeline->Illuminate\\Pipeline\\{closure}(Object(Illuminate\\Http\\Request))
#19 D:\\SMT 6\\PPL\\clone ppl\\BojongStore\\vendor\\laravel\\framework\\src\\Illuminate\\Pipeline\\Pipeline.php(208): Illuminate\\Foundation\\Http\\Middleware\\VerifyCsrfToken->handle(Object(Illuminate\\Http\\Request), Object(Closure))
#20 D:\\SMT 6\\PPL\\clone ppl\\BojongStore\\vendor\\laravel\\framework\\src\\Illuminate\\View\\Middleware\\ShareErrorsFromSession.php(48): Illuminate\\Pipeline\\Pipeline->Illuminate\\Pipeline\\{closure}(Object(Illuminate\\Http\\Request))
#21 D:\\SMT 6\\PPL\\clone ppl\\BojongStore\\vendor\\laravel\\framework\\src\\Illuminate\\Pipeline\\Pipeline.php(208): Illuminate\\View\\Middleware\\ShareErrorsFromSession->handle(Object(Illuminate\\Http\\Request), Object(Closure))
#22 D:\\SMT 6\\PPL\\clone ppl\\BojongStore\\vendor\\laravel\\framework\\src\\Illuminate\\Session\\Middleware\\StartSession.php(120): Illuminate\\Pipeline\\Pipeline->Illuminate\\Pipeline\\{closure}(Object(Illuminate\\Http\\Request))
#23 D:\\SMT 6\\PPL\\clone ppl\\BojongStore\\vendor\\laravel\\framework\\src\\Illuminate\\Session\\Middleware\\StartSession.php(63): Illuminate\\Session\\Middleware\\StartSession->handleStatefulRequest(Object(Illuminate\\Http\\Request), Object(Illuminate\\Session\\Store), Object(Closure))
#24 D:\\SMT 6\\PPL\\clone ppl\\BojongStore\\vendor\\laravel\\framework\\src\\Illuminate\\Pipeline\\Pipeline.php(208): Illuminate\\Session\\Middleware\\StartSession->handle(Object(Illuminate\\Http\\Request), Object(Closure))
#25 D:\\SMT 6\\PPL\\clone ppl\\BojongStore\\vendor\\laravel\\framework\\src\\Illuminate\\Cookie\\Middleware\\AddQueuedCookiesToResponse.php(36): Illuminate\\Pipeline\\Pipeline->Illuminate\\Pipeline\\{closure}(Object(Illuminate\\Http\\Request))
#26 D:\\SMT 6\\PPL\\clone ppl\\BojongStore\\vendor\\laravel\\framework\\src\\Illuminate\\Pipeline\\Pipeline.php(208): Illuminate\\Cookie\\Middleware\\AddQueuedCookiesToResponse->handle(Object(Illuminate\\Http\\Request), Object(Closure))
#27 D:\\SMT 6\\PPL\\clone ppl\\BojongStore\\vendor\\laravel\\framework\\src\\Illuminate\\Cookie\\Middleware\\EncryptCookies.php(74): Illuminate\\Pipeline\\Pipeline->Illuminate\\Pipeline\\{closure}(Object(Illuminate\\Http\\Request))
#28 D:\\SMT 6\\PPL\\clone ppl\\BojongStore\\vendor\\laravel\\framework\\src\\Illuminate\\Pipeline\\Pipeline.php(208): Illuminate\\Cookie\\Middleware\\EncryptCookies->handle(Object(Illuminate\\Http\\Request), Object(Closure))
#29 D:\\SMT 6\\PPL\\clone ppl\\BojongStore\\vendor\\laravel\\framework\\src\\Illuminate\\Pipeline\\Pipeline.php(126): Illuminate\\Pipeline\\Pipeline->Illuminate\\Pipeline\\{closure}(Object(Illuminate\\Http\\Request))
#30 D:\\SMT 6\\PPL\\clone ppl\\BojongStore\\vendor\\laravel\\framework\\src\\Illuminate\\Routing\\Router.php(807): Illuminate\\Pipeline\\Pipeline->then(Object(Closure))
#31 D:\\SMT 6\\PPL\\clone ppl\\BojongStore\\vendor\\laravel\\framework\\src\\Illuminate\\Routing\\Router.php(786): Illuminate\\Routing\\Router->runRouteWithinStack(Object(Illuminate\\Routing\\Route), Object(Illuminate\\Http\\Request))
#32 D:\\SMT 6\\PPL\\clone ppl\\BojongStore\\vendor\\laravel\\framework\\src\\Illuminate\\Routing\\Router.php(750): Illuminate\\Routing\\Router->runRoute(Object(Illuminate\\Http\\Request), Object(Illuminate\\Routing\\Route))
#33 D:\\SMT 6\\PPL\\clone ppl\\BojongStore\\vendor\\laravel\\framework\\src\\Illuminate\\Routing\\Router.php(739): Illuminate\\Routing\\Router->dispatchToRoute(Object(Illuminate\\Http\\Request))
#34 D:\\SMT 6\\PPL\\clone ppl\\BojongStore\\vendor\\laravel\\framework\\src\\Illuminate\\Foundation\\Http\\Kernel.php(200): Illuminate\\Routing\\Router->dispatch(Object(Illuminate\\Http\\Request))
#35 D:\\SMT 6\\PPL\\clone ppl\\BojongStore\\vendor\\laravel\\framework\\src\\Illuminate\\Pipeline\\Pipeline.php(169): Illuminate\\Foundation\\Http\\Kernel->Illuminate\\Foundation\\Http\\{closure}(Object(Illuminate\\Http\\Request))
#36 D:\\SMT 6\\PPL\\clone ppl\\BojongStore\\vendor\\laravel\\framework\\src\\Illuminate\\Foundation\\Http\\Middleware\\TransformsRequest.php(21): Illuminate\\Pipeline\\Pipeline->Illuminate\\Pipeline\\{closure}(Object(Illuminate\\Http\\Request))
#37 D:\\SMT 6\\PPL\\clone ppl\\BojongStore\\vendor\\laravel\\framework\\src\\Illuminate\\Foundation\\Http\\Middleware\\ConvertEmptyStringsToNull.php(31): Illuminate\\Foundation\\Http\\Middleware\\TransformsRequest->handle(Object(Illuminate\\Http\\Request), Object(Closure))
#38 D:\\SMT 6\\PPL\\clone ppl\\BojongStore\\vendor\\laravel\\framework\\src\\Illuminate\\Pipeline\\Pipeline.php(208): Illuminate\\Foundation\\Http\\Middleware\\ConvertEmptyStringsToNull->handle(Object(Illuminate\\Http\\Request), Object(Closure))
#39 D:\\SMT 6\\PPL\\clone ppl\\BojongStore\\vendor\\laravel\\framework\\src\\Illuminate\\Foundation\\Http\\Middleware\\TransformsRequest.php(21): Illuminate\\Pipeline\\Pipeline->Illuminate\\Pipeline\\{closure}(Object(Illuminate\\Http\\Request))
#40 D:\\SMT 6\\PPL\\clone ppl\\BojongStore\\vendor\\laravel\\framework\\src\\Illuminate\\Foundation\\Http\\Middleware\\TrimStrings.php(51): Illuminate\\Foundation\\Http\\Middleware\\TransformsRequest->handle(Object(Illuminate\\Http\\Request), Object(Closure))
#41 D:\\SMT 6\\PPL\\clone ppl\\BojongStore\\vendor\\laravel\\framework\\src\\Illuminate\\Pipeline\\Pipeline.php(208): Illuminate\\Foundation\\Http\\Middleware\\TrimStrings->handle(Object(Illuminate\\Http\\Request), Object(Closure))
#42 D:\\SMT 6\\PPL\\clone ppl\\BojongStore\\vendor\\laravel\\framework\\src\\Illuminate\\Http\\Middleware\\ValidatePostSize.php(27): Illuminate\\Pipeline\\Pipeline->Illuminate\\Pipeline\\{closure}(Object(Illuminate\\Http\\Request))
#43 D:\\SMT 6\\PPL\\clone ppl\\BojongStore\\vendor\\laravel\\framework\\src\\Illuminate\\Pipeline\\Pipeline.php(208): Illuminate\\Http\\Middleware\\ValidatePostSize->handle(Object(Illuminate\\Http\\Request), Object(Closure))
#44 D:\\SMT 6\\PPL\\clone ppl\\BojongStore\\vendor\\laravel\\framework\\src\\Illuminate\\Foundation\\Http\\Middleware\\PreventRequestsDuringMaintenance.php(109): Illuminate\\Pipeline\\Pipeline->Illuminate\\Pipeline\\{closure}(Object(Illuminate\\Http\\Request))
#45 D:\\SMT 6\\PPL\\clone ppl\\BojongStore\\vendor\\laravel\\framework\\src\\Illuminate\\Pipeline\\Pipeline.php(208): Illuminate\\Foundation\\Http\\Middleware\\PreventRequestsDuringMaintenance->handle(Object(Illuminate\\Http\\Request), Object(Closure))
#46 D:\\SMT 6\\PPL\\clone ppl\\BojongStore\\vendor\\laravel\\framework\\src\\Illuminate\\Http\\Middleware\\HandleCors.php(48): Illuminate\\Pipeline\\Pipeline->Illuminate\\Pipeline\\{closure}(Object(Illuminate\\Http\\Request))
#47 D:\\SMT 6\\PPL\\clone ppl\\BojongStore\\vendor\\laravel\\framework\\src\\Illuminate\\Pipeline\\Pipeline.php(208): Illuminate\\Http\\Middleware\\HandleCors->handle(Object(Illuminate\\Http\\Request), Object(Closure))
#48 D:\\SMT 6\\PPL\\clone ppl\\BojongStore\\vendor\\laravel\\framework\\src\\Illuminate\\Http\\Middleware\\TrustProxies.php(58): Illuminate\\Pipeline\\Pipeline->Illuminate\\Pipeline\\{closure}(Object(Illuminate\\Http\\Request))
#49 D:\\SMT 6\\PPL\\clone ppl\\BojongStore\\vendor\\laravel\\framework\\src\\Illuminate\\Pipeline\\Pipeline.php(208): Illuminate\\Http\\Middleware\\TrustProxies->handle(Object(Illuminate\\Http\\Request), Object(Closure))
#50 D:\\SMT 6\\PPL\\clone ppl\\BojongStore\\vendor\\laravel\\framework\\src\\Illuminate\\Foundation\\Http\\Middleware\\InvokeDeferredCallbacks.php(22): Illuminate\\Pipeline\\Pipeline->Illuminate\\Pipeline\\{closure}(Object(Illuminate\\Http\\Request))
#51 D:\\SMT 6\\PPL\\clone ppl\\BojongStore\\vendor\\laravel\\framework\\src\\Illuminate\\Pipeline\\Pipeline.php(208): Illuminate\\Foundation\\Http\\Middleware\\InvokeDeferredCallbacks->handle(Object(Illuminate\\Http\\Request), Object(Closure))
#52 D:\\SMT 6\\PPL\\clone ppl\\BojongStore\\vendor\\laravel\\framework\\src\\Illuminate\\Http\\Middleware\\ValidatePathEncoding.php(26): Illuminate\\Pipeline\\Pipeline->Illuminate\\Pipeline\\{closure}(Object(Illuminate\\Http\\Request))
#53 D:\\SMT 6\\PPL\\clone ppl\\BojongStore\\vendor\\laravel\\framework\\src\\Illuminate\\Pipeline\\Pipeline.php(208): Illuminate\\Http\\Middleware\\ValidatePathEncoding->handle(Object(Illuminate\\Http\\Request), Object(Closure))
#54 D:\\SMT 6\\PPL\\clone ppl\\BojongStore\\vendor\\laravel\\framework\\src\\Illuminate\\Pipeline\\Pipeline.php(126): Illuminate\\Pipeline\\Pipeline->Illuminate\\Pipeline\\{closure}(Object(Illuminate\\Http\\Request))
#55 D:\\SMT 6\\PPL\\clone ppl\\BojongStore\\vendor\\laravel\\framework\\src\\Illuminate\\Foundation\\Http\\Kernel.php(175): Illuminate\\Pipeline\\Pipeline->then(Object(Closure))
#56 D:\\SMT 6\\PPL\\clone ppl\\BojongStore\\vendor\\laravel\\framework\\src\\Illuminate\\Foundation\\Http\\Kernel.php(144): Illuminate\\Foundation\\Http\\Kernel->sendRequestThroughRouter(Object(Illuminate\\Http\\Request))
#57 D:\\SMT 6\\PPL\\clone ppl\\BojongStore\\vendor\\laravel\\framework\\src\\Illuminate\\Foundation\\Testing\\Concerns\\MakesHttpRequests.php(607): Illuminate\\Foundation\\Http\\Kernel->handle(Object(Illuminate\\Http\\Request))
#58 D:\\SMT 6\\PPL\\clone ppl\\BojongStore\\vendor\\laravel\\framework\\src\\Illuminate\\Foundation\\Testing\\Concerns\\MakesHttpRequests.php(368): Illuminate\\Foundation\\Testing\\TestCase->call('GET', 'http://localhos...', Array, Array, Array, Array)
#59 D:\\SMT 6\\PPL\\clone ppl\\BojongStore\\tests\\Feature\\Auth\\EmailVerificationTest.php(37): Illuminate\\Foundation\\Testing\\TestCase->get('http://localhos...')
#60 D:\\SMT 6\\PPL\\clone ppl\\BojongStore\\vendor\\phpunit\\phpunit\\src\\Framework\\TestCase.php(1656): Tests\\Feature\\Auth\\EmailVerificationTest->test_email_can_be_verified()
#61 D:\\SMT 6\\PPL\\clone ppl\\BojongStore\\vendor\\phpunit\\phpunit\\src\\Framework\\TestCase.php(514): PHPUnit\\Framework\\TestCase->runTest()
#62 D:\\SMT 6\\PPL\\clone ppl\\BojongStore\\vendor\\phpunit\\phpunit\\src\\Framework\\TestRunner\\TestRunner.php(87): PHPUnit\\Framework\\TestCase->runBare()
#63 D:\\SMT 6\\PPL\\clone ppl\\BojongStore\\vendor\\phpunit\\phpunit\\src\\Framework\\TestCase.php(361): PHPUnit\\Framework\\TestRunner->run(Object(Tests\\Feature\\Auth\\EmailVerificationTest))
#64 D:\\SMT 6\\PPL\\clone ppl\\BojongStore\\vendor\\phpunit\\phpunit\\src\\Framework\\TestSuite.php(369): PHPUnit\\Framework\\TestCase->run()
#65 D:\\SMT 6\\PPL\\clone ppl\\BojongStore\\vendor\\phpunit\\phpunit\\src\\Framework\\TestSuite.php(369): PHPUnit\\Framework\\TestSuite->run()
#66 D:\\SMT 6\\PPL\\clone ppl\\BojongStore\\vendor\\phpunit\\phpunit\\src\\Framework\\TestSuite.php(369): PHPUnit\\Framework\\TestSuite->run()
#67 D:\\SMT 6\\PPL\\clone ppl\\BojongStore\\vendor\\phpunit\\phpunit\\src\\TextUI\\TestRunner.php(64): PHPUnit\\Framework\\TestSuite->run()
#68 D:\\SMT 6\\PPL\\clone ppl\\BojongStore\\vendor\\phpunit\\phpunit\\src\\TextUI\\Application.php(210): PHPUnit\\TextUI\\TestRunner->run(Object(PHPUnit\\TextUI\\Configuration\\Configuration), Object(PHPUnit\\Runner\\ResultCache\\DefaultResultCache), Object(PHPUnit\\Framework\\TestSuite))
#69 D:\\SMT 6\\PPL\\clone ppl\\BojongStore\\vendor\\phpunit\\phpunit\\phpunit(104): PHPUnit\\TextUI\\Application->run(Array)
#70 {main}
"} 
[2026-06-03 10:49:41] testing.ERROR: View [layouts.guest] not found. (View: D:\SMT 6\PPL\clone ppl\BojongStore\resources\views\auth\confirm-password.blade.php) {"userId":1,"exception":"[object] (Illuminate\\View\\ViewException(code: 0): View [layouts.guest] not found. (View: D:\\SMT 6\\PPL\\clone ppl\\BojongStore\\resources\\views\\auth\\confirm-password.blade.php) at D:\\SMT 6\\PPL\\clone ppl\\BojongStore\\vendor\\laravel\\framework\\src\\Illuminate\\View\\FileViewFinder.php:138)
[stacktrace]
#0 D:\\SMT 6\\PPL\\clone ppl\\BojongStore\\vendor\\laravel\\framework\\src\\Illuminate\\View\\Engines\\PhpEngine.php(59): Illuminate\\View\\Engines\\CompilerEngine->handleViewException(Object(InvalidArgumentException), 1)
#1 D:\\SMT 6\\PPL\\clone ppl\\BojongStore\\vendor\\laravel\\framework\\src\\Illuminate\\View\\Engines\\CompilerEngine.php(74): Illuminate\\View\\Engines\\PhpEngine->evaluatePath('D:\\\\SMT 6\\\\PPL\\\\cl...', Array)
#2 D:\\SMT 6\\PPL\\clone ppl\\BojongStore\\vendor\\laravel\\framework\\src\\Illuminate\\View\\View.php(208): Illuminate\\View\\Engines\\CompilerEngine->get('D:\\\\SMT 6\\\\PPL\\\\cl...', Array)
#3 D:\\SMT 6\\PPL\\clone ppl\\BojongStore\\vendor\\laravel\\framework\\src\\Illuminate\\View\\View.php(191): Illuminate\\View\\View->getContents()
#4 D:\\SMT 6\\PPL\\clone ppl\\BojongStore\\vendor\\laravel\\framework\\src\\Illuminate\\View\\View.php(160): Illuminate\\View\\View->renderContents()
#5 D:\\SMT 6\\PPL\\clone ppl\\BojongStore\\vendor\\laravel\\framework\\src\\Illuminate\\Http\\Response.php(78): Illuminate\\View\\View->render()
#6 D:\\SMT 6\\PPL\\clone ppl\\BojongStore\\vendor\\laravel\\framework\\src\\Illuminate\\Http\\Response.php(34): Illuminate\\Http\\Response->setContent(Object(Illuminate\\View\\View))
#7 D:\\SMT 6\\PPL\\clone ppl\\BojongStore\\vendor\\laravel\\framework\\src\\Illuminate\\Routing\\Router.php(924): Illuminate\\Http\\Response->__construct(Object(Illuminate\\View\\View), 200, Array)
#8 D:\\SMT 6\\PPL\\clone ppl\\BojongStore\\vendor\\laravel\\framework\\src\\Illuminate\\Routing\\Router.php(891): Illuminate\\Routing\\Router::toResponse(Object(Illuminate\\Http\\Request), Object(Illuminate\\View\\View))
#9 D:\\SMT 6\\PPL\\clone ppl\\BojongStore\\vendor\\laravel\\framework\\src\\Illuminate\\Routing\\Router.php(807): Illuminate\\Routing\\Router->prepareResponse(Object(Illuminate\\Http\\Request), Object(Illuminate\\View\\View))
#10 D:\\SMT 6\\PPL\\clone ppl\\BojongStore\\vendor\\laravel\\framework\\src\\Illuminate\\Pipeline\\Pipeline.php(169): Illuminate\\Routing\\Router->Illuminate\\Routing\\{closure}(Object(Illuminate\\Http\\Request))
#11 D:\\SMT 6\\PPL\\clone ppl\\BojongStore\\app\\Http\\Middleware\\LogVisitor.php(36): Illuminate\\Pipeline\\Pipeline->Illuminate\\Pipeline\\{closure}(Object(Illuminate\\Http\\Request))
#12 D:\\SMT 6\\PPL\\clone ppl\\BojongStore\\vendor\\laravel\\framework\\src\\Illuminate\\Pipeline\\Pipeline.php(208): App\\Http\\Middleware\\LogVisitor->handle(Object(Illuminate\\Http\\Request), Object(Closure))
#13 D:\\SMT 6\\PPL\\clone ppl\\BojongStore\\vendor\\laravel\\framework\\src\\Illuminate\\Routing\\Middleware\\SubstituteBindings.php(50): Illuminate\\Pipeline\\Pipeline->Illuminate\\Pipeline\\{closure}(Object(Illuminate\\Http\\Request))
#14 D:\\SMT 6\\PPL\\clone ppl\\BojongStore\\vendor\\laravel\\framework\\src\\Illuminate\\Pipeline\\Pipeline.php(208): Illuminate\\Routing\\Middleware\\SubstituteBindings->handle(Object(Illuminate\\Http\\Request), Object(Closure))
#15 D:\\SMT 6\\PPL\\clone ppl\\BojongStore\\vendor\\laravel\\framework\\src\\Illuminate\\Auth\\Middleware\\Authenticate.php(63): Illuminate\\Pipeline\\Pipeline->Illuminate\\Pipeline\\{closure}(Object(Illuminate\\Http\\Request))
#16 D:\\SMT 6\\PPL\\clone ppl\\BojongStore\\vendor\\laravel\\framework\\src\\Illuminate\\Pipeline\\Pipeline.php(208): Illuminate\\Auth\\Middleware\\Authenticate->handle(Object(Illuminate\\Http\\Request), Object(Closure))
#17 D:\\SMT 6\\PPL\\clone ppl\\BojongStore\\vendor\\laravel\\framework\\src\\Illuminate\\Foundation\\Http\\Middleware\\VerifyCsrfToken.php(87): Illuminate\\Pipeline\\Pipeline->Illuminate\\Pipeline\\{closure}(Object(Illuminate\\Http\\Request))
#18 D:\\SMT 6\\PPL\\clone ppl\\BojongStore\\vendor\\laravel\\framework\\src\\Illuminate\\Pipeline\\Pipeline.php(208): Illuminate\\Foundation\\Http\\Middleware\\VerifyCsrfToken->handle(Object(Illuminate\\Http\\Request), Object(Closure))
#19 D:\\SMT 6\\PPL\\clone ppl\\BojongStore\\vendor\\laravel\\framework\\src\\Illuminate\\View\\Middleware\\ShareErrorsFromSession.php(48): Illuminate\\Pipeline\\Pipeline->Illuminate\\Pipeline\\{closure}(Object(Illuminate\\Http\\Request))
#20 D:\\SMT 6\\PPL\\clone ppl\\BojongStore\\vendor\\laravel\\framework\\src\\Illuminate\\Pipeline\\Pipeline.php(208): Illuminate\\View\\Middleware\\ShareErrorsFromSession->handle(Object(Illuminate\\Http\\Request), Object(Closure))
#21 D:\\SMT 6\\PPL\\clone ppl\\BojongStore\\vendor\\laravel\\framework\\src\\Illuminate\\Session\\Middleware\\StartSession.php(120): Illuminate\\Pipeline\\Pipeline->Illuminate\\Pipeline\\{closure}(Object(Illuminate\\Http\\Request))
#22 D:\\SMT 6\\PPL\\clone ppl\\BojongStore\\vendor\\laravel\\framework\\src\\Illuminate\\Session\\Middleware\\StartSession.php(63): Illuminate\\Session\\Middleware\\StartSession->handleStatefulRequest(Object(Illuminate\\Http\\Request), Object(Illuminate\\Session\\Store), Object(Closure))
#23 D:\\SMT 6\\PPL\\clone ppl\\BojongStore\\vendor\\laravel\\framework\\src\\Illuminate\\Pipeline\\Pipeline.php(208): Illuminate\\Session\\Middleware\\StartSession->handle(Object(Illuminate\\Http\\Request), Object(Closure))
#24 D:\\SMT 6\\PPL\\clone ppl\\BojongStore\\vendor\\laravel\\framework\\src\\Illuminate\\Cookie\\Middleware\\AddQueuedCookiesToResponse.php(36): Illuminate\\Pipeline\\Pipeline->Illuminate\\Pipeline\\{closure}(Object(Illuminate\\Http\\Request))
#25 D:\\SMT 6\\PPL\\clone ppl\\BojongStore\\vendor\\laravel\\framework\\src\\Illuminate\\Pipeline\\Pipeline.php(208): Illuminate\\Cookie\\Middleware\\AddQueuedCookiesToResponse->handle(Object(Illuminate\\Http\\Request), Object(Closure))
#26 D:\\SMT 6\\PPL\\clone ppl\\BojongStore\\vendor\\laravel\\framework\\src\\Illuminate\\Cookie\\Middleware\\EncryptCookies.php(74): Illuminate\\Pipeline\\Pipeline->Illuminate\\Pipeline\\{closure}(Object(Illuminate\\Http\\Request))
#27 D:\\SMT 6\\PPL\\clone ppl\\BojongStore\\vendor\\laravel\\framework\\src\\Illuminate\\Pipeline\\Pipeline.php(208): Illuminate\\Cookie\\Middleware\\EncryptCookies->handle(Object(Illuminate\\Http\\Request), Object(Closure))
#28 D:\\SMT 6\\PPL\\clone ppl\\BojongStore\\vendor\\laravel\\framework\\src\\Illuminate\\Pipeline\\Pipeline.php(126): Illuminate\\Pipeline\\Pipeline->Illuminate\\Pipeline\\{closure}(Object(Illuminate\\Http\\Request))
#29 D:\\SMT 6\\PPL\\clone ppl\\BojongStore\\vendor\\laravel\\framework\\src\\Illuminate\\Routing\\Router.php(807): Illuminate\\Pipeline\\Pipeline->then(Object(Closure))
#30 D:\\SMT 6\\PPL\\clone ppl\\BojongStore\\vendor\\laravel\\framework\\src\\Illuminate\\Routing\\Router.php(786): Illuminate\\Routing\\Router->runRouteWithinStack(Object(Illuminate\\Routing\\Route), Object(Illuminate\\Http\\Request))
#31 D:\\SMT 6\\PPL\\clone ppl\\BojongStore\\vendor\\laravel\\framework\\src\\Illuminate\\Routing\\Router.php(750): Illuminate\\Routing\\Router->runRoute(Object(Illuminate\\Http\\Request), Object(Illuminate\\Routing\\Route))
#32 D:\\SMT 6\\PPL\\clone ppl\\BojongStore\\vendor\\laravel\\framework\\src\\Illuminate\\Routing\\Router.php(739): Illuminate\\Routing\\Router->dispatchToRoute(Object(Illuminate\\Http\\Request))
#33 D:\\SMT 6\\PPL\\clone ppl\\BojongStore\\vendor\\laravel\\framework\\src\\Illuminate\\Foundation\\Http\\Kernel.php(200): Illuminate\\Routing\\Router->dispatch(Object(Illuminate\\Http\\Request))
#34 D:\\SMT 6\\PPL\\clone ppl\\BojongStore\\vendor\\laravel\\framework\\src\\Illuminate\\Pipeline\\Pipeline.php(169): Illuminate\\Foundation\\Http\\Kernel->Illuminate\\Foundation\\Http\\{closure}(Object(Illuminate\\Http\\Request))
#35 D:\\SMT 6\\PPL\\clone ppl\\BojongStore\\vendor\\laravel\\framework\\src\\Illuminate\\Foundation\\Http\\Middleware\\TransformsRequest.php(21): Illuminate\\Pipeline\\Pipeline->Illuminate\\Pipeline\\{closure}(Object(Illuminate\\Http\\Request))
#36 D:\\SMT 6\\PPL\\clone ppl\\BojongStore\\vendor\\laravel\\framework\\src\\Illuminate\\Foundation\\Http\\Middleware\\ConvertEmptyStringsToNull.php(31): Illuminate\\Foundation\\Http\\Middleware\\TransformsRequest->handle(Object(Illuminate\\Http\\Request), Object(Closure))
#37 D:\\SMT 6\\PPL\\clone ppl\\BojongStore\\vendor\\laravel\\framework\\src\\Illuminate\\Pipeline\\Pipeline.php(208): Illuminate\\Foundation\\Http\\Middleware\\ConvertEmptyStringsToNull->handle(Object(Illuminate\\Http\\Request), Object(Closure))
#38 D:\\SMT 6\\PPL\\clone ppl\\BojongStore\\vendor\\laravel\\framework\\src\\Illuminate\\Foundation\\Http\\Middleware\\TransformsRequest.php(21): Illuminate\\Pipeline\\Pipeline->Illuminate\\Pipeline\\{closure}(Object(Illuminate\\Http\\Request))
#39 D:\\SMT 6\\PPL\\clone ppl\\BojongStore\\vendor\\laravel\\framework\\src\\Illuminate\\Foundation\\Http\\Middleware\\TrimStrings.php(51): Illuminate\\Foundation\\Http\\Middleware\\TransformsRequest->handle(Object(Illuminate\\Http\\Request), Object(Closure))
#40 D:\\SMT 6\\PPL\\clone ppl\\BojongStore\\vendor\\laravel\\framework\\src\\Illuminate\\Pipeline\\Pipeline.php(208): Illuminate\\Foundation\\Http\\Middleware\\TrimStrings->handle(Object(Illuminate\\Http\\Request), Object(Closure))
#41 D:\\SMT 6\\PPL\\clone ppl\\BojongStore\\vendor\\laravel\\framework\\src\\Illuminate\\Http\\Middleware\\ValidatePostSize.php(27): Illuminate\\Pipeline\\Pipeline->Illuminate\\Pipeline\\{closure}(Object(Illuminate\\Http\\Request))
#42 D:\\SMT 6\\PPL\\clone ppl\\BojongStore\\vendor\\laravel\\framework\\src\\Illuminate\\Pipeline\\Pipeline.php(208): Illuminate\\Http\\Middleware\\ValidatePostSize->handle(Object(Illuminate\\Http\\Request), Object(Closure))
#43 D:\\SMT 6\\PPL\\clone ppl\\BojongStore\\vendor\\laravel\\framework\\src\\Illuminate\\Foundation\\Http\\Middleware\\PreventRequestsDuringMaintenance.php(109): Illuminate\\Pipeline\\Pipeline->Illuminate\\Pipeline\\{closure}(Object(Illuminate\\Http\\Request))
#44 D:\\SMT 6\\PPL\\clone ppl\\BojongStore\\vendor\\laravel\\framework\\src\\Illuminate\\Pipeline\\Pipeline.php(208): Illuminate\\Foundation\\Http\\Middleware\\PreventRequestsDuringMaintenance->handle(Object(Illuminate\\Http\\Request), Object(Closure))
#45 D:\\SMT 6\\PPL\\clone ppl\\BojongStore\\vendor\\laravel\\framework\\src\\Illuminate\\Http\\Middleware\\HandleCors.php(48): Illuminate\\Pipeline\\Pipeline->Illuminate\\Pipeline\\{closure}(Object(Illuminate\\Http\\Request))
#46 D:\\SMT 6\\PPL\\clone ppl\\BojongStore\\vendor\\laravel\\framework\\src\\Illuminate\\Pipeline\\Pipeline.php(208): Illuminate\\Http\\Middleware\\HandleCors->handle(Object(Illuminate\\Http\\Request), Object(Closure))
#47 D:\\SMT 6\\PPL\\clone ppl\\BojongStore\\vendor\\laravel\\framework\\src\\Illuminate\\Http\\Middleware\\TrustProxies.php(58): Illuminate\\Pipeline\\Pipeline->Illuminate\\Pipeline\\{closure}(Object(Illuminate\\Http\\Request))
#48 D:\\SMT 6\\PPL\\clone ppl\\BojongStore\\vendor\\laravel\\framework\\src\\Illuminate\\Pipeline\\Pipeline.php(208): Illuminate\\Http\\Middleware\\TrustProxies->handle(Object(Illuminate\\Http\\Request), Object(Closure))
#49 D:\\SMT 6\\PPL\\clone ppl\\BojongStore\\vendor\\laravel\\framework\\src\\Illuminate\\Foundation\\Http\\Middleware\\InvokeDeferredCallbacks.php(22): Illuminate\\Pipeline\\Pipeline->Illuminate\\Pipeline\\{closure}(Object(Illuminate\\Http\\Request))
#50 D:\\SMT 6\\PPL\\clone ppl\\BojongStore\\vendor\\laravel\\framework\\src\\Illuminate\\Pipeline\\Pipeline.php(208): Illuminate\\Foundation\\Http\\Middleware\\InvokeDeferredCallbacks->handle(Object(Illuminate\\Http\\Request), Object(Closure))
#51 D:\\SMT 6\\PPL\\clone ppl\\BojongStore\\vendor\\laravel\\framework\\src\\Illuminate\\Http\\Middleware\\ValidatePathEncoding.php(26): Illuminate\\Pipeline\\Pipeline->Illuminate\\Pipeline\\{closure}(Object(Illuminate\\Http\\Request))
#52 D:\\SMT 6\\PPL\\clone ppl\\BojongStore\\vendor\\laravel\\framework\\src\\Illuminate\\Pipeline\\Pipeline.php(208): Illuminate\\Http\\Middleware\\ValidatePathEncoding->handle(Object(Illuminate\\Http\\Request), Object(Closure))
#53 D:\\SMT 6\\PPL\\clone ppl\\BojongStore\\vendor\\laravel\\framework\\src\\Illuminate\\Pipeline\\Pipeline.php(126): Illuminate\\Pipeline\\Pipeline->Illuminate\\Pipeline\\{closure}(Object(Illuminate\\Http\\Request))
#54 D:\\SMT 6\\PPL\\clone ppl\\BojongStore\\vendor\\laravel\\framework\\src\\Illuminate\\Foundation\\Http\\Kernel.php(175): Illuminate\\Pipeline\\Pipeline->then(Object(Closure))
#55 D:\\SMT 6\\PPL\\clone ppl\\BojongStore\\vendor\\laravel\\framework\\src\\Illuminate\\Foundation\\Http\\Kernel.php(144): Illuminate\\Foundation\\Http\\Kernel->sendRequestThroughRouter(Object(Illuminate\\Http\\Request))
#56 D:\\SMT 6\\PPL\\clone ppl\\BojongStore\\vendor\\laravel\\framework\\src\\Illuminate\\Foundation\\Testing\\Concerns\\MakesHttpRequests.php(607): Illuminate\\Foundation\\Http\\Kernel->handle(Object(Illuminate\\Http\\Request))
#57 D:\\SMT 6\\PPL\\clone ppl\\BojongStore\\vendor\\laravel\\framework\\src\\Illuminate\\Foundation\\Testing\\Concerns\\MakesHttpRequests.php(368): Illuminate\\Foundation\\Testing\\TestCase->call('GET', '/confirm-passwo...', Array, Array, Array, Array)
#58 D:\\SMT 6\\PPL\\clone ppl\\BojongStore\\tests\\Feature\\Auth\\PasswordConfirmationTest.php(17): Illuminate\\Foundation\\Testing\\TestCase->get('/confirm-passwo...')
#59 D:\\SMT 6\\PPL\\clone ppl\\BojongStore\\vendor\\phpunit\\phpunit\\src\\Framework\\TestCase.php(1656): Tests\\Feature\\Auth\\PasswordConfirmationTest->test_confirm_password_screen_can_be_rendered()
#60 D:\\SMT 6\\PPL\\clone ppl\\BojongStore\\vendor\\phpunit\\phpunit\\src\\Framework\\TestCase.php(514): PHPUnit\\Framework\\TestCase->runTest()
#61 D:\\SMT 6\\PPL\\clone ppl\\BojongStore\\vendor\\phpunit\\phpunit\\src\\Framework\\TestRunner\\TestRunner.php(87): PHPUnit\\Framework\\TestCase->runBare()
#62 D:\\SMT 6\\PPL\\clone ppl\\BojongStore\\vendor\\phpunit\\phpunit\\src\\Framework\\TestCase.php(361): PHPUnit\\Framework\\TestRunner->run(Object(Tests\\Feature\\Auth\\PasswordConfirmationTest))
#63 D:\\SMT 6\\PPL\\clone ppl\\BojongStore\\vendor\\phpunit\\phpunit\\src\\Framework\\TestSuite.php(369): PHPUnit\\Framework\\TestCase->run()
#64 D:\\SMT 6\\PPL\\clone ppl\\BojongStore\\vendor\\phpunit\\phpunit\\src\\Framework\\TestSuite.php(369): PHPUnit\\Framework\\TestSuite->run()
#65 D:\\SMT 6\\PPL\\clone ppl\\BojongStore\\vendor\\phpunit\\phpunit\\src\\Framework\\TestSuite.php(369): PHPUnit\\Framework\\TestSuite->run()
#66 D:\\SMT 6\\PPL\\clone ppl\\BojongStore\\vendor\\phpunit\\phpunit\\src\\TextUI\\TestRunner.php(64): PHPUnit\\Framework\\TestSuite->run()
#67 D:\\SMT 6\\PPL\\clone ppl\\BojongStore\\vendor\\phpunit\\phpunit\\src\\TextUI\\Application.php(210): PHPUnit\\TextUI\\TestRunner->run(Object(PHPUnit\\TextUI\\Configuration\\Configuration), Object(PHPUnit\\Runner\\ResultCache\\DefaultResultCache), Object(PHPUnit\\Framework\\TestSuite))
#68 D:\\SMT 6\\PPL\\clone ppl\\BojongStore\\vendor\\phpunit\\phpunit\\phpunit(104): PHPUnit\\TextUI\\Application->run(Array)
#69 {main}

[previous exception] [object] (InvalidArgumentException(code: 0): View [layouts.guest] not found. at D:\\SMT 6\\PPL\\clone ppl\\BojongStore\\vendor\\laravel\\framework\\src\\Illuminate\\View\\FileViewFinder.php:138)
[stacktrace]
#0 D:\\SMT 6\\PPL\\clone ppl\\BojongStore\\vendor\\laravel\\framework\\src\\Illuminate\\View\\FileViewFinder.php(78): Illuminate\\View\\FileViewFinder->findInPaths('layouts.guest', Array)
#1 D:\\SMT 6\\PPL\\clone ppl\\BojongStore\\vendor\\laravel\\framework\\src\\Illuminate\\View\\Factory.php(150): Illuminate\\View\\FileViewFinder->find('layouts.guest')
#2 D:\\SMT 6\\PPL\\clone ppl\\BojongStore\\vendor\\laravel\\framework\\src\\Illuminate\\Foundation\\helpers.php(1079): Illuminate\\View\\Factory->make('layouts.guest', Array, Array)
#3 D:\\SMT 6\\PPL\\clone ppl\\BojongStore\\app\\View\\Components\\GuestLayout.php(15): view('layouts.guest')
#4 D:\\SMT 6\\PPL\\clone ppl\\BojongStore\\vendor\\laravel\\framework\\src\\Illuminate\\View\\Component.php(143): App\\View\\Components\\GuestLayout->render()
#5 D:\\SMT 6\\PPL\\clone ppl\\BojongStore\\storage\\framework\\views\\04ea1f0095aa9fd321769b3a858e6ae8.php(6): Illuminate\\View\\Component->resolveView()
#6 D:\\SMT 6\\PPL\\clone ppl\\BojongStore\\vendor\\laravel\\framework\\src\\Illuminate\\Filesystem\\Filesystem.php(123): require('D:\\\\SMT 6\\\\PPL\\\\cl...')
#7 D:\\SMT 6\\PPL\\clone ppl\\BojongStore\\vendor\\laravel\\framework\\src\\Illuminate\\Filesystem\\Filesystem.php(124): Illuminate\\Filesystem\\Filesystem::Illuminate\\Filesystem\\{closure}()
#8 D:\\SMT 6\\PPL\\clone ppl\\BojongStore\\vendor\\laravel\\framework\\src\\Illuminate\\View\\Engines\\PhpEngine.php(57): Illuminate\\Filesystem\\Filesystem->getRequire('D:\\\\SMT 6\\\\PPL\\\\cl...', Array)
#9 D:\\SMT 6\\PPL\\clone ppl\\BojongStore\\vendor\\laravel\\framework\\src\\Illuminate\\View\\Engines\\CompilerEngine.php(74): Illuminate\\View\\Engines\\PhpEngine->evaluatePath('D:\\\\SMT 6\\\\PPL\\\\cl...', Array)
#10 D:\\SMT 6\\PPL\\clone ppl\\BojongStore\\vendor\\laravel\\framework\\src\\Illuminate\\View\\View.php(208): Illuminate\\View\\Engines\\CompilerEngine->get('D:\\\\SMT 6\\\\PPL\\\\cl...', Array)
#11 D:\\SMT 6\\PPL\\clone ppl\\BojongStore\\vendor\\laravel\\framework\\src\\Illuminate\\View\\View.php(191): Illuminate\\View\\View->getContents()
#12 D:\\SMT 6\\PPL\\clone ppl\\BojongStore\\vendor\\laravel\\framework\\src\\Illuminate\\View\\View.php(160): Illuminate\\View\\View->renderContents()
#13 D:\\SMT 6\\PPL\\clone ppl\\BojongStore\\vendor\\laravel\\framework\\src\\Illuminate\\Http\\Response.php(78): Illuminate\\View\\View->render()
#14 D:\\SMT 6\\PPL\\clone ppl\\BojongStore\\vendor\\laravel\\framework\\src\\Illuminate\\Http\\Response.php(34): Illuminate\\Http\\Response->setContent(Object(Illuminate\\View\\View))
#15 D:\\SMT 6\\PPL\\clone ppl\\BojongStore\\vendor\\laravel\\framework\\src\\Illuminate\\Routing\\Router.php(924): Illuminate\\Http\\Response->__construct(Object(Illuminate\\View\\View), 200, Array)
#16 D:\\SMT 6\\PPL\\clone ppl\\BojongStore\\vendor\\laravel\\framework\\src\\Illuminate\\Routing\\Router.php(891): Illuminate\\Routing\\Router::toResponse(Object(Illuminate\\Http\\Request), Object(Illuminate\\View\\View))
#17 D:\\SMT 6\\PPL\\clone ppl\\BojongStore\\vendor\\laravel\\framework\\src\\Illuminate\\Routing\\Router.php(807): Illuminate\\Routing\\Router->prepareResponse(Object(Illuminate\\Http\\Request), Object(Illuminate\\View\\View))
#18 D:\\SMT 6\\PPL\\clone ppl\\BojongStore\\vendor\\laravel\\framework\\src\\Illuminate\\Pipeline\\Pipeline.php(169): Illuminate\\Routing\\Router->Illuminate\\Routing\\{closure}(Object(Illuminate\\Http\\Request))
#19 D:\\SMT 6\\PPL\\clone ppl\\BojongStore\\app\\Http\\Middleware\\LogVisitor.php(36): Illuminate\\Pipeline\\Pipeline->Illuminate\\Pipeline\\{closure}(Object(Illuminate\\Http\\Request))
#20 D:\\SMT 6\\PPL\\clone ppl\\BojongStore\\vendor\\laravel\\framework\\src\\Illuminate\\Pipeline\\Pipeline.php(208): App\\Http\\Middleware\\LogVisitor->handle(Object(Illuminate\\Http\\Request), Object(Closure))
#21 D:\\SMT 6\\PPL\\clone ppl\\BojongStore\\vendor\\laravel\\framework\\src\\Illuminate\\Routing\\Middleware\\SubstituteBindings.php(50): Illuminate\\Pipeline\\Pipeline->Illuminate\\Pipeline\\{closure}(Object(Illuminate\\Http\\Request))
#22 D:\\SMT 6\\PPL\\clone ppl\\BojongStore\\vendor\\laravel\\framework\\src\\Illuminate\\Pipeline\\Pipeline.php(208): Illuminate\\Routing\\Middleware\\SubstituteBindings->handle(Object(Illuminate\\Http\\Request), Object(Closure))
#23 D:\\SMT 6\\PPL\\clone ppl\\BojongStore\\vendor\\laravel\\framework\\src\\Illuminate\\Auth\\Middleware\\Authenticate.php(63): Illuminate\\Pipeline\\Pipeline->Illuminate\\Pipeline\\{closure}(Object(Illuminate\\Http\\Request))
#24 D:\\SMT 6\\PPL\\clone ppl\\BojongStore\\vendor\\laravel\\framework\\src\\Illuminate\\Pipeline\\Pipeline.php(208): Illuminate\\Auth\\Middleware\\Authenticate->handle(Object(Illuminate\\Http\\Request), Object(Closure))
#25 D:\\SMT 6\\PPL\\clone ppl\\BojongStore\\vendor\\laravel\\framework\\src\\Illuminate\\Foundation\\Http\\Middleware\\VerifyCsrfToken.php(87): Illuminate\\Pipeline\\Pipeline->Illuminate\\Pipeline\\{closure}(Object(Illuminate\\Http\\Request))
#26 D:\\SMT 6\\PPL\\clone ppl\\BojongStore\\vendor\\laravel\\framework\\src\\Illuminate\\Pipeline\\Pipeline.php(208): Illuminate\\Foundation\\Http\\Middleware\\VerifyCsrfToken->handle(Object(Illuminate\\Http\\Request), Object(Closure))
#27 D:\\SMT 6\\PPL\\clone ppl\\BojongStore\\vendor\\laravel\\framework\\src\\Illuminate\\View\\Middleware\\ShareErrorsFromSession.php(48): Illuminate\\Pipeline\\Pipeline->Illuminate\\Pipeline\\{closure}(Object(Illuminate\\Http\\Request))
#28 D:\\SMT 6\\PPL\\clone ppl\\BojongStore\\vendor\\laravel\\framework\\src\\Illuminate\\Pipeline\\Pipeline.php(208): Illuminate\\View\\Middleware\\ShareErrorsFromSession->handle(Object(Illuminate\\Http\\Request), Object(Closure))
#29 D:\\SMT 6\\PPL\\clone ppl\\BojongStore\\vendor\\laravel\\framework\\src\\Illuminate\\Session\\Middleware\\StartSession.php(120): Illuminate\\Pipeline\\Pipeline->Illuminate\\Pipeline\\{closure}(Object(Illuminate\\Http\\Request))
#30 D:\\SMT 6\\PPL\\clone ppl\\BojongStore\\vendor\\laravel\\framework\\src\\Illuminate\\Session\\Middleware\\StartSession.php(63): Illuminate\\Session\\Middleware\\StartSession->handleStatefulRequest(Object(Illuminate\\Http\\Request), Object(Illuminate\\Session\\Store), Object(Closure))
#31 D:\\SMT 6\\PPL\\clone ppl\\BojongStore\\vendor\\laravel\\framework\\src\\Illuminate\\Pipeline\\Pipeline.php(208): Illuminate\\Session\\Middleware\\StartSession->handle(Object(Illuminate\\Http\\Request), Object(Closure))
#32 D:\\SMT 6\\PPL\\clone ppl\\BojongStore\\vendor\\laravel\\framework\\src\\Illuminate\\Cookie\\Middleware\\AddQueuedCookiesToResponse.php(36): Illuminate\\Pipeline\\Pipeline->Illuminate\\Pipeline\\{closure}(Object(Illuminate\\Http\\Request))
#33 D:\\SMT 6\\PPL\\clone ppl\\BojongStore\\vendor\\laravel\\framework\\src\\Illuminate\\Pipeline\\Pipeline.php(208): Illuminate\\Cookie\\Middleware\\AddQueuedCookiesToResponse->handle(Object(Illuminate\\Http\\Request), Object(Closure))
#34 D:\\SMT 6\\PPL\\clone ppl\\BojongStore\\vendor\\laravel\\framework\\src\\Illuminate\\Cookie\\Middleware\\EncryptCookies.php(74): Illuminate\\Pipeline\\Pipeline->Illuminate\\Pipeline\\{closure}(Object(Illuminate\\Http\\Request))
#35 D:\\SMT 6\\PPL\\clone ppl\\BojongStore\\vendor\\laravel\\framework\\src\\Illuminate\\Pipeline\\Pipeline.php(208): Illuminate\\Cookie\\Middleware\\EncryptCookies->handle(Object(Illuminate\\Http\\Request), Object(Closure))
#36 D:\\SMT 6\\PPL\\clone ppl\\BojongStore\\vendor\\laravel\\framework\\src\\Illuminate\\Pipeline\\Pipeline.php(126): Illuminate\\Pipeline\\Pipeline->Illuminate\\Pipeline\\{closure}(Object(Illuminate\\Http\\Request))
#37 D:\\SMT 6\\PPL\\clone ppl\\BojongStore\\vendor\\laravel\\framework\\src\\Illuminate\\Routing\\Router.php(807): Illuminate\\Pipeline\\Pipeline->then(Object(Closure))
#38 D:\\SMT 6\\PPL\\clone ppl\\BojongStore\\vendor\\laravel\\framework\\src\\Illuminate\\Routing\\Router.php(786): Illuminate\\Routing\\Router->runRouteWithinStack(Object(Illuminate\\Routing\\Route), Object(Illuminate\\Http\\Request))
#39 D:\\SMT 6\\PPL\\clone ppl\\BojongStore\\vendor\\laravel\\framework\\src\\Illuminate\\Routing\\Router.php(750): Illuminate\\Routing\\Router->runRoute(Object(Illuminate\\Http\\Request), Object(Illuminate\\Routing\\Route))
#40 D:\\SMT 6\\PPL\\clone ppl\\BojongStore\\vendor\\laravel\\framework\\src\\Illuminate\\Routing\\Router.php(739): Illuminate\\Routing\\Router->dispatchToRoute(Object(Illuminate\\Http\\Request))
#41 D:\\SMT 6\\PPL\\clone ppl\\BojongStore\\vendor\\laravel\\framework\\src\\Illuminate\\Foundation\\Http\\Kernel.php(200): Illuminate\\Routing\\Router->dispatch(Object(Illuminate\\Http\\Request))
#42 D:\\SMT 6\\PPL\\clone ppl\\BojongStore\\vendor\\laravel\\framework\\src\\Illuminate\\Pipeline\\Pipeline.php(169): Illuminate\\Foundation\\Http\\Kernel->Illuminate\\Foundation\\Http\\{closure}(Object(Illuminate\\Http\\Request))
#43 D:\\SMT 6\\PPL\\clone ppl\\BojongStore\\vendor\\laravel\\framework\\src\\Illuminate\\Foundation\\Http\\Middleware\\TransformsRequest.php(21): Illuminate\\Pipeline\\Pipeline->Illuminate\\Pipeline\\{closure}(Object(Illuminate\\Http\\Request))
#44 D:\\SMT 6\\PPL\\clone ppl\\BojongStore\\vendor\\laravel\\framework\\src\\Illuminate\\Foundation\\Http\\Middleware\\ConvertEmptyStringsToNull.php(31): Illuminate\\Foundation\\Http\\Middleware\\TransformsRequest->handle(Object(Illuminate\\Http\\Request), Object(Closure))
#45 D:\\SMT 6\\PPL\\clone ppl\\BojongStore\\vendor\\laravel\\framework\\src\\Illuminate\\Pipeline\\Pipeline.php(208): Illuminate\\Foundation\\Http\\Middleware\\ConvertEmptyStringsToNull->handle(Object(Illuminate\\Http\\Request), Object(Closure))
#46 D:\\SMT 6\\PPL\\clone ppl\\BojongStore\\vendor\\laravel\\framework\\src\\Illuminate\\Foundation\\Http\\Middleware\\TransformsRequest.php(21): Illuminate\\Pipeline\\Pipeline->Illuminate\\Pipeline\\{closure}(Object(Illuminate\\Http\\Request))
#47 D:\\SMT 6\\PPL\\clone ppl\\BojongStore\\vendor\\laravel\\framework\\src\\Illuminate\\Foundation\\Http\\Middleware\\TrimStrings.php(51): Illuminate\\Foundation\\Http\\Middleware\\TransformsRequest->handle(Object(Illuminate\\Http\\Request), Object(Closure))
#48 D:\\SMT 6\\PPL\\clone ppl\\BojongStore\\vendor\\laravel\\framework\\src\\Illuminate\\Pipeline\\Pipeline.php(208): Illuminate\\Foundation\\Http\\Middleware\\TrimStrings->handle(Object(Illuminate\\Http\\Request), Object(Closure))
#49 D:\\SMT 6\\PPL\\clone ppl\\BojongStore\\vendor\\laravel\\framework\\src\\Illuminate\\Http\\Middleware\\ValidatePostSize.php(27): Illuminate\\Pipeline\\Pipeline->Illuminate\\Pipeline\\{closure}(Object(Illuminate\\Http\\Request))
#50 D:\\SMT 6\\PPL\\clone ppl\\BojongStore\\vendor\\laravel\\framework\\src\\Illuminate\\Pipeline\\Pipeline.php(208): Illuminate\\Http\\Middleware\\ValidatePostSize->handle(Object(Illuminate\\Http\\Request), Object(Closure))
#51 D:\\SMT 6\\PPL\\clone ppl\\BojongStore\\vendor\\laravel\\framework\\src\\Illuminate\\Foundation\\Http\\Middleware\\PreventRequestsDuringMaintenance.php(109): Illuminate\\Pipeline\\Pipeline->Illuminate\\Pipeline\\{closure}(Object(Illuminate\\Http\\Request))
#52 D:\\SMT 6\\PPL\\clone ppl\\BojongStore\\vendor\\laravel\\framework\\src\\Illuminate\\Pipeline\\Pipeline.php(208): Illuminate\\Foundation\\Http\\Middleware\\PreventRequestsDuringMaintenance->handle(Object(Illuminate\\Http\\Request), Object(Closure))
#53 D:\\SMT 6\\PPL\\clone ppl\\BojongStore\\vendor\\laravel\\framework\\src\\Illuminate\\Http\\Middleware\\HandleCors.php(48): Illuminate\\Pipeline\\Pipeline->Illuminate\\Pipeline\\{closure}(Object(Illuminate\\Http\\Request))
#54 D:\\SMT 6\\PPL\\clone ppl\\BojongStore\\vendor\\laravel\\framework\\src\\Illuminate\\Pipeline\\Pipeline.php(208): Illuminate\\Http\\Middleware\\HandleCors->handle(Object(Illuminate\\Http\\Request), Object(Closure))
#55 D:\\SMT 6\\PPL\\clone ppl\\BojongStore\\vendor\\laravel\\framework\\src\\Illuminate\\Http\\Middleware\\TrustProxies.php(58): Illuminate\\Pipeline\\Pipeline->Illuminate\\Pipeline\\{closure}(Object(Illuminate\\Http\\Request))
#56 D:\\SMT 6\\PPL\\clone ppl\\BojongStore\\vendor\\laravel\\framework\\src\\Illuminate\\Pipeline\\Pipeline.php(208): Illuminate\\Http\\Middleware\\TrustProxies->handle(Object(Illuminate\\Http\\Request), Object(Closure))
#57 D:\\SMT 6\\PPL\\clone ppl\\BojongStore\\vendor\\laravel\\framework\\src\\Illuminate\\Foundation\\Http\\Middleware\\InvokeDeferredCallbacks.php(22): Illuminate\\Pipeline\\Pipeline->Illuminate\\Pipeline\\{closure}(Object(Illuminate\\Http\\Request))
#58 D:\\SMT 6\\PPL\\clone ppl\\BojongStore\\vendor\\laravel\\framework\\src\\Illuminate\\Pipeline\\Pipeline.php(208): Illuminate\\Foundation\\Http\\Middleware\\InvokeDeferredCallbacks->handle(Object(Illuminate\\Http\\Request), Object(Closure))
#59 D:\\SMT 6\\PPL\\clone ppl\\BojongStore\\vendor\\laravel\\framework\\src\\Illuminate\\Http\\Middleware\\ValidatePathEncoding.php(26): Illuminate\\Pipeline\\Pipeline->Illuminate\\Pipeline\\{closure}(Object(Illuminate\\Http\\Request))
#60 D:\\SMT 6\\PPL\\clone ppl\\BojongStore\\vendor\\laravel\\framework\\src\\Illuminate\\Pipeline\\Pipeline.php(208): Illuminate\\Http\\Middleware\\ValidatePathEncoding->handle(Object(Illuminate\\Http\\Request), Object(Closure))
#61 D:\\SMT 6\\PPL\\clone ppl\\BojongStore\\vendor\\laravel\\framework\\src\\Illuminate\\Pipeline\\Pipeline.php(126): Illuminate\\Pipeline\\Pipeline->Illuminate\\Pipeline\\{closure}(Object(Illuminate\\Http\\Request))
#62 D:\\SMT 6\\PPL\\clone ppl\\BojongStore\\vendor\\laravel\\framework\\src\\Illuminate\\Foundation\\Http\\Kernel.php(175): Illuminate\\Pipeline\\Pipeline->then(Object(Closure))
#63 D:\\SMT 6\\PPL\\clone ppl\\BojongStore\\vendor\\laravel\\framework\\src\\Illuminate\\Foundation\\Http\\Kernel.php(144): Illuminate\\Foundation\\Http\\Kernel->sendRequestThroughRouter(Object(Illuminate\\Http\\Request))
#64 D:\\SMT 6\\PPL\\clone ppl\\BojongStore\\vendor\\laravel\\framework\\src\\Illuminate\\Foundation\\Testing\\Concerns\\MakesHttpRequests.php(607): Illuminate\\Foundation\\Http\\Kernel->handle(Object(Illuminate\\Http\\Request))
#65 D:\\SMT 6\\PPL\\clone ppl\\BojongStore\\vendor\\laravel\\framework\\src\\Illuminate\\Foundation\\Testing\\Concerns\\MakesHttpRequests.php(368): Illuminate\\Foundation\\Testing\\TestCase->call('GET', '/confirm-passwo...', Array, Array, Array, Array)
#66 D:\\SMT 6\\PPL\\clone ppl\\BojongStore\\tests\\Feature\\Auth\\PasswordConfirmationTest.php(17): Illuminate\\Foundation\\Testing\\TestCase->get('/confirm-passwo...')
#67 D:\\SMT 6\\PPL\\clone ppl\\BojongStore\\vendor\\phpunit\\phpunit\\src\\Framework\\TestCase.php(1656): Tests\\Feature\\Auth\\PasswordConfirmationTest->test_confirm_password_screen_can_be_rendered()
#68 D:\\SMT 6\\PPL\\clone ppl\\BojongStore\\vendor\\phpunit\\phpunit\\src\\Framework\\TestCase.php(514): PHPUnit\\Framework\\TestCase->runTest()
#69 D:\\SMT 6\\PPL\\clone ppl\\BojongStore\\vendor\\phpunit\\phpunit\\src\\Framework\\TestRunner\\TestRunner.php(87): PHPUnit\\Framework\\TestCase->runBare()
#70 D:\\SMT 6\\PPL\\clone ppl\\BojongStore\\vendor\\phpunit\\phpunit\\src\\Framework\\TestCase.php(361): PHPUnit\\Framework\\TestRunner->run(Object(Tests\\Feature\\Auth\\PasswordConfirmationTest))
#71 D:\\SMT 6\\PPL\\clone ppl\\BojongStore\\vendor\\phpunit\\phpunit\\src\\Framework\\TestSuite.php(369): PHPUnit\\Framework\\TestCase->run()
#72 D:\\SMT 6\\PPL\\clone ppl\\BojongStore\\vendor\\phpunit\\phpunit\\src\\Framework\\TestSuite.php(369): PHPUnit\\Framework\\TestSuite->run()
#73 D:\\SMT 6\\PPL\\clone ppl\\BojongStore\\vendor\\phpunit\\phpunit\\src\\Framework\\TestSuite.php(369): PHPUnit\\Framework\\TestSuite->run()
#74 D:\\SMT 6\\PPL\\clone ppl\\BojongStore\\vendor\\phpunit\\phpunit\\src\\TextUI\\TestRunner.php(64): PHPUnit\\Framework\\TestSuite->run()
#75 D:\\SMT 6\\PPL\\clone ppl\\BojongStore\\vendor\\phpunit\\phpunit\\src\\TextUI\\Application.php(210): PHPUnit\\TextUI\\TestRunner->run(Object(PHPUnit\\TextUI\\Configuration\\Configuration), Object(PHPUnit\\Runner\\ResultCache\\DefaultResultCache), Object(PHPUnit\\Framework\\TestSuite))
#76 D:\\SMT 6\\PPL\\clone ppl\\BojongStore\\vendor\\phpunit\\phpunit\\phpunit(104): PHPUnit\\TextUI\\Application->run(Array)
#77 {main}
"} 
[2026-06-03 10:49:42] testing.ERROR: Route [dashboard] not defined. {"userId":1,"exception":"[object] (Symfony\\Component\\Routing\\Exception\\RouteNotFoundException(code: 0): Route [dashboard] not defined. at D:\\SMT 6\\PPL\\clone ppl\\BojongStore\\vendor\\laravel\\framework\\src\\Illuminate\\Routing\\UrlGenerator.php:526)
[stacktrace]
#0 D:\\SMT 6\\PPL\\clone ppl\\BojongStore\\vendor\\laravel\\framework\\src\\Illuminate\\Foundation\\helpers.php(856): Illuminate\\Routing\\UrlGenerator->route('dashboard', Array, false)
#1 D:\\SMT 6\\PPL\\clone ppl\\BojongStore\\app\\Http\\Controllers\\Auth\\ConfirmablePasswordController.php(38): route('dashboard', Array, false)
#2 D:\\SMT 6\\PPL\\clone ppl\\BojongStore\\vendor\\laravel\\framework\\src\\Illuminate\\Routing\\ControllerDispatcher.php(46): App\\Http\\Controllers\\Auth\\ConfirmablePasswordController->store(Object(Illuminate\\Http\\Request))
#3 D:\\SMT 6\\PPL\\clone ppl\\BojongStore\\vendor\\laravel\\framework\\src\\Illuminate\\Routing\\Route.php(265): Illuminate\\Routing\\ControllerDispatcher->dispatch(Object(Illuminate\\Routing\\Route), Object(App\\Http\\Controllers\\Auth\\ConfirmablePasswordController), 'store')
#4 D:\\SMT 6\\PPL\\clone ppl\\BojongStore\\vendor\\laravel\\framework\\src\\Illuminate\\Routing\\Route.php(211): Illuminate\\Routing\\Route->runController()
#5 D:\\SMT 6\\PPL\\clone ppl\\BojongStore\\vendor\\laravel\\framework\\src\\Illuminate\\Routing\\Router.php(808): Illuminate\\Routing\\Route->run()
#6 D:\\SMT 6\\PPL\\clone ppl\\BojongStore\\vendor\\laravel\\framework\\src\\Illuminate\\Pipeline\\Pipeline.php(169): Illuminate\\Routing\\Router->Illuminate\\Routing\\{closure}(Object(Illuminate\\Http\\Request))
#7 D:\\SMT 6\\PPL\\clone ppl\\BojongStore\\app\\Http\\Middleware\\LogVisitor.php(36): Illuminate\\Pipeline\\Pipeline->Illuminate\\Pipeline\\{closure}(Object(Illuminate\\Http\\Request))
#8 D:\\SMT 6\\PPL\\clone ppl\\BojongStore\\vendor\\laravel\\framework\\src\\Illuminate\\Pipeline\\Pipeline.php(208): App\\Http\\Middleware\\LogVisitor->handle(Object(Illuminate\\Http\\Request), Object(Closure))
#9 D:\\SMT 6\\PPL\\clone ppl\\BojongStore\\vendor\\laravel\\framework\\src\\Illuminate\\Routing\\Middleware\\SubstituteBindings.php(50): Illuminate\\Pipeline\\Pipeline->Illuminate\\Pipeline\\{closure}(Object(Illuminate\\Http\\Request))
#10 D:\\SMT 6\\PPL\\clone ppl\\BojongStore\\vendor\\laravel\\framework\\src\\Illuminate\\Pipeline\\Pipeline.php(208): Illuminate\\Routing\\Middleware\\SubstituteBindings->handle(Object(Illuminate\\Http\\Request), Object(Closure))
#11 D:\\SMT 6\\PPL\\clone ppl\\BojongStore\\vendor\\laravel\\framework\\src\\Illuminate\\Auth\\Middleware\\Authenticate.php(63): Illuminate\\Pipeline\\Pipeline->Illuminate\\Pipeline\\{closure}(Object(Illuminate\\Http\\Request))
#12 D:\\SMT 6\\PPL\\clone ppl\\BojongStore\\vendor\\laravel\\framework\\src\\Illuminate\\Pipeline\\Pipeline.php(208): Illuminate\\Auth\\Middleware\\Authenticate->handle(Object(Illuminate\\Http\\Request), Object(Closure))
#13 D:\\SMT 6\\PPL\\clone ppl\\BojongStore\\vendor\\laravel\\framework\\src\\Illuminate\\Foundation\\Http\\Middleware\\VerifyCsrfToken.php(87): Illuminate\\Pipeline\\Pipeline->Illuminate\\Pipeline\\{closure}(Object(Illuminate\\Http\\Request))
#14 D:\\SMT 6\\PPL\\clone ppl\\BojongStore\\vendor\\laravel\\framework\\src\\Illuminate\\Pipeline\\Pipeline.php(208): Illuminate\\Foundation\\Http\\Middleware\\VerifyCsrfToken->handle(Object(Illuminate\\Http\\Request), Object(Closure))
#15 D:\\SMT 6\\PPL\\clone ppl\\BojongStore\\vendor\\laravel\\framework\\src\\Illuminate\\View\\Middleware\\ShareErrorsFromSession.php(48): Illuminate\\Pipeline\\Pipeline->Illuminate\\Pipeline\\{closure}(Object(Illuminate\\Http\\Request))
#16 D:\\SMT 6\\PPL\\clone ppl\\BojongStore\\vendor\\laravel\\framework\\src\\Illuminate\\Pipeline\\Pipeline.php(208): Illuminate\\View\\Middleware\\ShareErrorsFromSession->handle(Object(Illuminate\\Http\\Request), Object(Closure))
#17 D:\\SMT 6\\PPL\\clone ppl\\BojongStore\\vendor\\laravel\\framework\\src\\Illuminate\\Session\\Middleware\\StartSession.php(120): Illuminate\\Pipeline\\Pipeline->Illuminate\\Pipeline\\{closure}(Object(Illuminate\\Http\\Request))
#18 D:\\SMT 6\\PPL\\clone ppl\\BojongStore\\vendor\\laravel\\framework\\src\\Illuminate\\Session\\Middleware\\StartSession.php(63): Illuminate\\Session\\Middleware\\StartSession->handleStatefulRequest(Object(Illuminate\\Http\\Request), Object(Illuminate\\Session\\Store), Object(Closure))
#19 D:\\SMT 6\\PPL\\clone ppl\\BojongStore\\vendor\\laravel\\framework\\src\\Illuminate\\Pipeline\\Pipeline.php(208): Illuminate\\Session\\Middleware\\StartSession->handle(Object(Illuminate\\Http\\Request), Object(Closure))
#20 D:\\SMT 6\\PPL\\clone ppl\\BojongStore\\vendor\\laravel\\framework\\src\\Illuminate\\Cookie\\Middleware\\AddQueuedCookiesToResponse.php(36): Illuminate\\Pipeline\\Pipeline->Illuminate\\Pipeline\\{closure}(Object(Illuminate\\Http\\Request))
#21 D:\\SMT 6\\PPL\\clone ppl\\BojongStore\\vendor\\laravel\\framework\\src\\Illuminate\\Pipeline\\Pipeline.php(208): Illuminate\\Cookie\\Middleware\\AddQueuedCookiesToResponse->handle(Object(Illuminate\\Http\\Request), Object(Closure))
#22 D:\\SMT 6\\PPL\\clone ppl\\BojongStore\\vendor\\laravel\\framework\\src\\Illuminate\\Cookie\\Middleware\\EncryptCookies.php(74): Illuminate\\Pipeline\\Pipeline->Illuminate\\Pipeline\\{closure}(Object(Illuminate\\Http\\Request))
#23 D:\\SMT 6\\PPL\\clone ppl\\BojongStore\\vendor\\laravel\\framework\\src\\Illuminate\\Pipeline\\Pipeline.php(208): Illuminate\\Cookie\\Middleware\\EncryptCookies->handle(Object(Illuminate\\Http\\Request), Object(Closure))
#24 D:\\SMT 6\\PPL\\clone ppl\\BojongStore\\vendor\\laravel\\framework\\src\\Illuminate\\Pipeline\\Pipeline.php(126): Illuminate\\Pipeline\\Pipeline->Illuminate\\Pipeline\\{closure}(Object(Illuminate\\Http\\Request))
#25 D:\\SMT 6\\PPL\\clone ppl\\BojongStore\\vendor\\laravel\\framework\\src\\Illuminate\\Routing\\Router.php(807): Illuminate\\Pipeline\\Pipeline->then(Object(Closure))
#26 D:\\SMT 6\\PPL\\clone ppl\\BojongStore\\vendor\\laravel\\framework\\src\\Illuminate\\Routing\\Router.php(786): Illuminate\\Routing\\Router->runRouteWithinStack(Object(Illuminate\\Routing\\Route), Object(Illuminate\\Http\\Request))
#27 D:\\SMT 6\\PPL\\clone ppl\\BojongStore\\vendor\\laravel\\framework\\src\\Illuminate\\Routing\\Router.php(750): Illuminate\\Routing\\Router->runRoute(Object(Illuminate\\Http\\Request), Object(Illuminate\\Routing\\Route))
#28 D:\\SMT 6\\PPL\\clone ppl\\BojongStore\\vendor\\laravel\\framework\\src\\Illuminate\\Routing\\Router.php(739): Illuminate\\Routing\\Router->dispatchToRoute(Object(Illuminate\\Http\\Request))
#29 D:\\SMT 6\\PPL\\clone ppl\\BojongStore\\vendor\\laravel\\framework\\src\\Illuminate\\Foundation\\Http\\Kernel.php(200): Illuminate\\Routing\\Router->dispatch(Object(Illuminate\\Http\\Request))
#30 D:\\SMT 6\\PPL\\clone ppl\\BojongStore\\vendor\\laravel\\framework\\src\\Illuminate\\Pipeline\\Pipeline.php(169): Illuminate\\Foundation\\Http\\Kernel->Illuminate\\Foundation\\Http\\{closure}(Object(Illuminate\\Http\\Request))
#31 D:\\SMT 6\\PPL\\clone ppl\\BojongStore\\vendor\\laravel\\framework\\src\\Illuminate\\Foundation\\Http\\Middleware\\TransformsRequest.php(21): Illuminate\\Pipeline\\Pipeline->Illuminate\\Pipeline\\{closure}(Object(Illuminate\\Http\\Request))
#32 D:\\SMT 6\\PPL\\clone ppl\\BojongStore\\vendor\\laravel\\framework\\src\\Illuminate\\Foundation\\Http\\Middleware\\ConvertEmptyStringsToNull.php(31): Illuminate\\Foundation\\Http\\Middleware\\TransformsRequest->handle(Object(Illuminate\\Http\\Request), Object(Closure))
#33 D:\\SMT 6\\PPL\\clone ppl\\BojongStore\\vendor\\laravel\\framework\\src\\Illuminate\\Pipeline\\Pipeline.php(208): Illuminate\\Foundation\\Http\\Middleware\\ConvertEmptyStringsToNull->handle(Object(Illuminate\\Http\\Request), Object(Closure))
#34 D:\\SMT 6\\PPL\\clone ppl\\BojongStore\\vendor\\laravel\\framework\\src\\Illuminate\\Foundation\\Http\\Middleware\\TransformsRequest.php(21): Illuminate\\Pipeline\\Pipeline->Illuminate\\Pipeline\\{closure}(Object(Illuminate\\Http\\Request))
#35 D:\\SMT 6\\PPL\\clone ppl\\BojongStore\\vendor\\laravel\\framework\\src\\Illuminate\\Foundation\\Http\\Middleware\\TrimStrings.php(51): Illuminate\\Foundation\\Http\\Middleware\\TransformsRequest->handle(Object(Illuminate\\Http\\Request), Object(Closure))
#36 D:\\SMT 6\\PPL\\clone ppl\\BojongStore\\vendor\\laravel\\framework\\src\\Illuminate\\Pipeline\\Pipeline.php(208): Illuminate\\Foundation\\Http\\Middleware\\TrimStrings->handle(Object(Illuminate\\Http\\Request), Object(Closure))
#37 D:\\SMT 6\\PPL\\clone ppl\\BojongStore\\vendor\\laravel\\framework\\src\\Illuminate\\Http\\Middleware\\ValidatePostSize.php(27): Illuminate\\Pipeline\\Pipeline->Illuminate\\Pipeline\\{closure}(Object(Illuminate\\Http\\Request))
#38 D:\\SMT 6\\PPL\\clone ppl\\BojongStore\\vendor\\laravel\\framework\\src\\Illuminate\\Pipeline\\Pipeline.php(208): Illuminate\\Http\\Middleware\\ValidatePostSize->handle(Object(Illuminate\\Http\\Request), Object(Closure))
#39 D:\\SMT 6\\PPL\\clone ppl\\BojongStore\\vendor\\laravel\\framework\\src\\Illuminate\\Foundation\\Http\\Middleware\\PreventRequestsDuringMaintenance.php(109): Illuminate\\Pipeline\\Pipeline->Illuminate\\Pipeline\\{closure}(Object(Illuminate\\Http\\Request))
#40 D:\\SMT 6\\PPL\\clone ppl\\BojongStore\\vendor\\laravel\\framework\\src\\Illuminate\\Pipeline\\Pipeline.php(208): Illuminate\\Foundation\\Http\\Middleware\\PreventRequestsDuringMaintenance->handle(Object(Illuminate\\Http\\Request), Object(Closure))
#41 D:\\SMT 6\\PPL\\clone ppl\\BojongStore\\vendor\\laravel\\framework\\src\\Illuminate\\Http\\Middleware\\HandleCors.php(48): Illuminate\\Pipeline\\Pipeline->Illuminate\\Pipeline\\{closure}(Object(Illuminate\\Http\\Request))
#42 D:\\SMT 6\\PPL\\clone ppl\\BojongStore\\vendor\\laravel\\framework\\src\\Illuminate\\Pipeline\\Pipeline.php(208): Illuminate\\Http\\Middleware\\HandleCors->handle(Object(Illuminate\\Http\\Request), Object(Closure))
#43 D:\\SMT 6\\PPL\\clone ppl\\BojongStore\\vendor\\laravel\\framework\\src\\Illuminate\\Http\\Middleware\\TrustProxies.php(58): Illuminate\\Pipeline\\Pipeline->Illuminate\\Pipeline\\{closure}(Object(Illuminate\\Http\\Request))
#44 D:\\SMT 6\\PPL\\clone ppl\\BojongStore\\vendor\\laravel\\framework\\src\\Illuminate\\Pipeline\\Pipeline.php(208): Illuminate\\Http\\Middleware\\TrustProxies->handle(Object(Illuminate\\Http\\Request), Object(Closure))
#45 D:\\SMT 6\\PPL\\clone ppl\\BojongStore\\vendor\\laravel\\framework\\src\\Illuminate\\Foundation\\Http\\Middleware\\InvokeDeferredCallbacks.php(22): Illuminate\\Pipeline\\Pipeline->Illuminate\\Pipeline\\{closure}(Object(Illuminate\\Http\\Request))
#46 D:\\SMT 6\\PPL\\clone ppl\\BojongStore\\vendor\\laravel\\framework\\src\\Illuminate\\Pipeline\\Pipeline.php(208): Illuminate\\Foundation\\Http\\Middleware\\InvokeDeferredCallbacks->handle(Object(Illuminate\\Http\\Request), Object(Closure))
#47 D:\\SMT 6\\PPL\\clone ppl\\BojongStore\\vendor\\laravel\\framework\\src\\Illuminate\\Http\\Middleware\\ValidatePathEncoding.php(26): Illuminate\\Pipeline\\Pipeline->Illuminate\\Pipeline\\{closure}(Object(Illuminate\\Http\\Request))
#48 D:\\SMT 6\\PPL\\clone ppl\\BojongStore\\vendor\\laravel\\framework\\src\\Illuminate\\Pipeline\\Pipeline.php(208): Illuminate\\Http\\Middleware\\ValidatePathEncoding->handle(Object(Illuminate\\Http\\Request), Object(Closure))
#49 D:\\SMT 6\\PPL\\clone ppl\\BojongStore\\vendor\\laravel\\framework\\src\\Illuminate\\Pipeline\\Pipeline.php(126): Illuminate\\Pipeline\\Pipeline->Illuminate\\Pipeline\\{closure}(Object(Illuminate\\Http\\Request))
#50 D:\\SMT 6\\PPL\\clone ppl\\BojongStore\\vendor\\laravel\\framework\\src\\Illuminate\\Foundation\\Http\\Kernel.php(175): Illuminate\\Pipeline\\Pipeline->then(Object(Closure))
#51 D:\\SMT 6\\PPL\\clone ppl\\BojongStore\\vendor\\laravel\\framework\\src\\Illuminate\\Foundation\\Http\\Kernel.php(144): Illuminate\\Foundation\\Http\\Kernel->sendRequestThroughRouter(Object(Illuminate\\Http\\Request))
#52 D:\\SMT 6\\PPL\\clone ppl\\BojongStore\\vendor\\laravel\\framework\\src\\Illuminate\\Foundation\\Testing\\Concerns\\MakesHttpRequests.php(607): Illuminate\\Foundation\\Http\\Kernel->handle(Object(Illuminate\\Http\\Request))
#53 D:\\SMT 6\\PPL\\clone ppl\\BojongStore\\vendor\\laravel\\framework\\src\\Illuminate\\Foundation\\Testing\\Concerns\\MakesHttpRequests.php(397): Illuminate\\Foundation\\Testing\\TestCase->call('POST', '/confirm-passwo...', Array, Array, Array, Array)
#54 D:\\SMT 6\\PPL\\clone ppl\\BojongStore\\tests\\Feature\\Auth\\PasswordConfirmationTest.php(26): Illuminate\\Foundation\\Testing\\TestCase->post('/confirm-passwo...', Array)
#55 D:\\SMT 6\\PPL\\clone ppl\\BojongStore\\vendor\\phpunit\\phpunit\\src\\Framework\\TestCase.php(1656): Tests\\Feature\\Auth\\PasswordConfirmationTest->test_password_can_be_confirmed()
#56 D:\\SMT 6\\PPL\\clone ppl\\BojongStore\\vendor\\phpunit\\phpunit\\src\\Framework\\TestCase.php(514): PHPUnit\\Framework\\TestCase->runTest()
#57 D:\\SMT 6\\PPL\\clone ppl\\BojongStore\\vendor\\phpunit\\phpunit\\src\\Framework\\TestRunner\\TestRunner.php(87): PHPUnit\\Framework\\TestCase->runBare()
#58 D:\\SMT 6\\PPL\\clone ppl\\BojongStore\\vendor\\phpunit\\phpunit\\src\\Framework\\TestCase.php(361): PHPUnit\\Framework\\TestRunner->run(Object(Tests\\Feature\\Auth\\PasswordConfirmationTest))
#59 D:\\SMT 6\\PPL\\clone ppl\\BojongStore\\vendor\\phpunit\\phpunit\\src\\Framework\\TestSuite.php(369): PHPUnit\\Framework\\TestCase->run()
#60 D:\\SMT 6\\PPL\\clone ppl\\BojongStore\\vendor\\phpunit\\phpunit\\src\\Framework\\TestSuite.php(369): PHPUnit\\Framework\\TestSuite->run()
#61 D:\\SMT 6\\PPL\\clone ppl\\BojongStore\\vendor\\phpunit\\phpunit\\src\\Framework\\TestSuite.php(369): PHPUnit\\Framework\\TestSuite->run()
#62 D:\\SMT 6\\PPL\\clone ppl\\BojongStore\\vendor\\phpunit\\phpunit\\src\\TextUI\\TestRunner.php(64): PHPUnit\\Framework\\TestSuite->run()
#63 D:\\SMT 6\\PPL\\clone ppl\\BojongStore\\vendor\\phpunit\\phpunit\\src\\TextUI\\Application.php(210): PHPUnit\\TextUI\\TestRunner->run(Object(PHPUnit\\TextUI\\Configuration\\Configuration), Object(PHPUnit\\Runner\\ResultCache\\DefaultResultCache), Object(PHPUnit\\Framework\\TestSuite))
#64 D:\\SMT 6\\PPL\\clone ppl\\BojongStore\\vendor\\phpunit\\phpunit\\phpunit(104): PHPUnit\\TextUI\\Application->run(Array)
#65 {main}
"} 
[2026-06-03 10:49:43] testing.ERROR: View [layouts.guest] not found. (View: D:\SMT 6\PPL\clone ppl\BojongStore\resources\views\auth\forgot-password.blade.php) {"exception":"[object] (Illuminate\\View\\ViewException(code: 0): View [layouts.guest] not found. (View: D:\\SMT 6\\PPL\\clone ppl\\BojongStore\\resources\\views\\auth\\forgot-password.blade.php) at D:\\SMT 6\\PPL\\clone ppl\\BojongStore\\vendor\\laravel\\framework\\src\\Illuminate\\View\\FileViewFinder.php:138)
[stacktrace]
#0 D:\\SMT 6\\PPL\\clone ppl\\BojongStore\\vendor\\laravel\\framework\\src\\Illuminate\\View\\Engines\\PhpEngine.php(59): Illuminate\\View\\Engines\\CompilerEngine->handleViewException(Object(InvalidArgumentException), 1)
#1 D:\\SMT 6\\PPL\\clone ppl\\BojongStore\\vendor\\laravel\\framework\\src\\Illuminate\\View\\Engines\\CompilerEngine.php(74): Illuminate\\View\\Engines\\PhpEngine->evaluatePath('D:\\\\SMT 6\\\\PPL\\\\cl...', Array)
#2 D:\\SMT 6\\PPL\\clone ppl\\BojongStore\\vendor\\laravel\\framework\\src\\Illuminate\\View\\View.php(208): Illuminate\\View\\Engines\\CompilerEngine->get('D:\\\\SMT 6\\\\PPL\\\\cl...', Array)
#3 D:\\SMT 6\\PPL\\clone ppl\\BojongStore\\vendor\\laravel\\framework\\src\\Illuminate\\View\\View.php(191): Illuminate\\View\\View->getContents()
#4 D:\\SMT 6\\PPL\\clone ppl\\BojongStore\\vendor\\laravel\\framework\\src\\Illuminate\\View\\View.php(160): Illuminate\\View\\View->renderContents()
#5 D:\\SMT 6\\PPL\\clone ppl\\BojongStore\\vendor\\laravel\\framework\\src\\Illuminate\\Http\\Response.php(78): Illuminate\\View\\View->render()
#6 D:\\SMT 6\\PPL\\clone ppl\\BojongStore\\vendor\\laravel\\framework\\src\\Illuminate\\Http\\Response.php(34): Illuminate\\Http\\Response->setContent(Object(Illuminate\\View\\View))
#7 D:\\SMT 6\\PPL\\clone ppl\\BojongStore\\vendor\\laravel\\framework\\src\\Illuminate\\Routing\\Router.php(924): Illuminate\\Http\\Response->__construct(Object(Illuminate\\View\\View), 200, Array)
#8 D:\\SMT 6\\PPL\\clone ppl\\BojongStore\\vendor\\laravel\\framework\\src\\Illuminate\\Routing\\Router.php(891): Illuminate\\Routing\\Router::toResponse(Object(Illuminate\\Http\\Request), Object(Illuminate\\View\\View))
#9 D:\\SMT 6\\PPL\\clone ppl\\BojongStore\\vendor\\laravel\\framework\\src\\Illuminate\\Routing\\Router.php(807): Illuminate\\Routing\\Router->prepareResponse(Object(Illuminate\\Http\\Request), Object(Illuminate\\View\\View))
#10 D:\\SMT 6\\PPL\\clone ppl\\BojongStore\\vendor\\laravel\\framework\\src\\Illuminate\\Pipeline\\Pipeline.php(169): Illuminate\\Routing\\Router->Illuminate\\Routing\\{closure}(Object(Illuminate\\Http\\Request))
#11 D:\\SMT 6\\PPL\\clone ppl\\BojongStore\\vendor\\laravel\\framework\\src\\Illuminate\\Auth\\Middleware\\RedirectIfAuthenticated.php(35): Illuminate\\Pipeline\\Pipeline->Illuminate\\Pipeline\\{closure}(Object(Illuminate\\Http\\Request))
#12 D:\\SMT 6\\PPL\\clone ppl\\BojongStore\\vendor\\laravel\\framework\\src\\Illuminate\\Pipeline\\Pipeline.php(208): Illuminate\\Auth\\Middleware\\RedirectIfAuthenticated->handle(Object(Illuminate\\Http\\Request), Object(Closure))
#13 D:\\SMT 6\\PPL\\clone ppl\\BojongStore\\app\\Http\\Middleware\\LogVisitor.php(36): Illuminate\\Pipeline\\Pipeline->Illuminate\\Pipeline\\{closure}(Object(Illuminate\\Http\\Request))
#14 D:\\SMT 6\\PPL\\clone ppl\\BojongStore\\vendor\\laravel\\framework\\src\\Illuminate\\Pipeline\\Pipeline.php(208): App\\Http\\Middleware\\LogVisitor->handle(Object(Illuminate\\Http\\Request), Object(Closure))
#15 D:\\SMT 6\\PPL\\clone ppl\\BojongStore\\vendor\\laravel\\framework\\src\\Illuminate\\Routing\\Middleware\\SubstituteBindings.php(50): Illuminate\\Pipeline\\Pipeline->Illuminate\\Pipeline\\{closure}(Object(Illuminate\\Http\\Request))
#16 D:\\SMT 6\\PPL\\clone ppl\\BojongStore\\vendor\\laravel\\framework\\src\\Illuminate\\Pipeline\\Pipeline.php(208): Illuminate\\Routing\\Middleware\\SubstituteBindings->handle(Object(Illuminate\\Http\\Request), Object(Closure))
#17 D:\\SMT 6\\PPL\\clone ppl\\BojongStore\\vendor\\laravel\\framework\\src\\Illuminate\\Foundation\\Http\\Middleware\\VerifyCsrfToken.php(87): Illuminate\\Pipeline\\Pipeline->Illuminate\\Pipeline\\{closure}(Object(Illuminate\\Http\\Request))
#18 D:\\SMT 6\\PPL\\clone ppl\\BojongStore\\vendor\\laravel\\framework\\src\\Illuminate\\Pipeline\\Pipeline.php(208): Illuminate\\Foundation\\Http\\Middleware\\VerifyCsrfToken->handle(Object(Illuminate\\Http\\Request), Object(Closure))
#19 D:\\SMT 6\\PPL\\clone ppl\\BojongStore\\vendor\\laravel\\framework\\src\\Illuminate\\View\\Middleware\\ShareErrorsFromSession.php(48): Illuminate\\Pipeline\\Pipeline->Illuminate\\Pipeline\\{closure}(Object(Illuminate\\Http\\Request))
#20 D:\\SMT 6\\PPL\\clone ppl\\BojongStore\\vendor\\laravel\\framework\\src\\Illuminate\\Pipeline\\Pipeline.php(208): Illuminate\\View\\Middleware\\ShareErrorsFromSession->handle(Object(Illuminate\\Http\\Request), Object(Closure))
#21 D:\\SMT 6\\PPL\\clone ppl\\BojongStore\\vendor\\laravel\\framework\\src\\Illuminate\\Session\\Middleware\\StartSession.php(120): Illuminate\\Pipeline\\Pipeline->Illuminate\\Pipeline\\{closure}(Object(Illuminate\\Http\\Request))
#22 D:\\SMT 6\\PPL\\clone ppl\\BojongStore\\vendor\\laravel\\framework\\src\\Illuminate\\Session\\Middleware\\StartSession.php(63): Illuminate\\Session\\Middleware\\StartSession->handleStatefulRequest(Object(Illuminate\\Http\\Request), Object(Illuminate\\Session\\Store), Object(Closure))
#23 D:\\SMT 6\\PPL\\clone ppl\\BojongStore\\vendor\\laravel\\framework\\src\\Illuminate\\Pipeline\\Pipeline.php(208): Illuminate\\Session\\Middleware\\StartSession->handle(Object(Illuminate\\Http\\Request), Object(Closure))
#24 D:\\SMT 6\\PPL\\clone ppl\\BojongStore\\vendor\\laravel\\framework\\src\\Illuminate\\Cookie\\Middleware\\AddQueuedCookiesToResponse.php(36): Illuminate\\Pipeline\\Pipeline->Illuminate\\Pipeline\\{closure}(Object(Illuminate\\Http\\Request))
#25 D:\\SMT 6\\PPL\\clone ppl\\BojongStore\\vendor\\laravel\\framework\\src\\Illuminate\\Pipeline\\Pipeline.php(208): Illuminate\\Cookie\\Middleware\\AddQueuedCookiesToResponse->handle(Object(Illuminate\\Http\\Request), Object(Closure))
#26 D:\\SMT 6\\PPL\\clone ppl\\BojongStore\\vendor\\laravel\\framework\\src\\Illuminate\\Cookie\\Middleware\\EncryptCookies.php(74): Illuminate\\Pipeline\\Pipeline->Illuminate\\Pipeline\\{closure}(Object(Illuminate\\Http\\Request))
#27 D:\\SMT 6\\PPL\\clone ppl\\BojongStore\\vendor\\laravel\\framework\\src\\Illuminate\\Pipeline\\Pipeline.php(208): Illuminate\\Cookie\\Middleware\\EncryptCookies->handle(Object(Illuminate\\Http\\Request), Object(Closure))
#28 D:\\SMT 6\\PPL\\clone ppl\\BojongStore\\vendor\\laravel\\framework\\src\\Illuminate\\Pipeline\\Pipeline.php(126): Illuminate\\Pipeline\\Pipeline->Illuminate\\Pipeline\\{closure}(Object(Illuminate\\Http\\Request))
#29 D:\\SMT 6\\PPL\\clone ppl\\BojongStore\\vendor\\laravel\\framework\\src\\Illuminate\\Routing\\Router.php(807): Illuminate\\Pipeline\\Pipeline->then(Object(Closure))
#30 D:\\SMT 6\\PPL\\clone ppl\\BojongStore\\vendor\\laravel\\framework\\src\\Illuminate\\Routing\\Router.php(786): Illuminate\\Routing\\Router->runRouteWithinStack(Object(Illuminate\\Routing\\Route), Object(Illuminate\\Http\\Request))
#31 D:\\SMT 6\\PPL\\clone ppl\\BojongStore\\vendor\\laravel\\framework\\src\\Illuminate\\Routing\\Router.php(750): Illuminate\\Routing\\Router->runRoute(Object(Illuminate\\Http\\Request), Object(Illuminate\\Routing\\Route))
#32 D:\\SMT 6\\PPL\\clone ppl\\BojongStore\\vendor\\laravel\\framework\\src\\Illuminate\\Routing\\Router.php(739): Illuminate\\Routing\\Router->dispatchToRoute(Object(Illuminate\\Http\\Request))
#33 D:\\SMT 6\\PPL\\clone ppl\\BojongStore\\vendor\\laravel\\framework\\src\\Illuminate\\Foundation\\Http\\Kernel.php(200): Illuminate\\Routing\\Router->dispatch(Object(Illuminate\\Http\\Request))
#34 D:\\SMT 6\\PPL\\clone ppl\\BojongStore\\vendor\\laravel\\framework\\src\\Illuminate\\Pipeline\\Pipeline.php(169): Illuminate\\Foundation\\Http\\Kernel->Illuminate\\Foundation\\Http\\{closure}(Object(Illuminate\\Http\\Request))
#35 D:\\SMT 6\\PPL\\clone ppl\\BojongStore\\vendor\\laravel\\framework\\src\\Illuminate\\Foundation\\Http\\Middleware\\TransformsRequest.php(21): Illuminate\\Pipeline\\Pipeline->Illuminate\\Pipeline\\{closure}(Object(Illuminate\\Http\\Request))
#36 D:\\SMT 6\\PPL\\clone ppl\\BojongStore\\vendor\\laravel\\framework\\src\\Illuminate\\Foundation\\Http\\Middleware\\ConvertEmptyStringsToNull.php(31): Illuminate\\Foundation\\Http\\Middleware\\TransformsRequest->handle(Object(Illuminate\\Http\\Request), Object(Closure))
#37 D:\\SMT 6\\PPL\\clone ppl\\BojongStore\\vendor\\laravel\\framework\\src\\Illuminate\\Pipeline\\Pipeline.php(208): Illuminate\\Foundation\\Http\\Middleware\\ConvertEmptyStringsToNull->handle(Object(Illuminate\\Http\\Request), Object(Closure))
#38 D:\\SMT 6\\PPL\\clone ppl\\BojongStore\\vendor\\laravel\\framework\\src\\Illuminate\\Foundation\\Http\\Middleware\\TransformsRequest.php(21): Illuminate\\Pipeline\\Pipeline->Illuminate\\Pipeline\\{closure}(Object(Illuminate\\Http\\Request))
#39 D:\\SMT 6\\PPL\\clone ppl\\BojongStore\\vendor\\laravel\\framework\\src\\Illuminate\\Foundation\\Http\\Middleware\\TrimStrings.php(51): Illuminate\\Foundation\\Http\\Middleware\\TransformsRequest->handle(Object(Illuminate\\Http\\Request), Object(Closure))
#40 D:\\SMT 6\\PPL\\clone ppl\\BojongStore\\vendor\\laravel\\framework\\src\\Illuminate\\Pipeline\\Pipeline.php(208): Illuminate\\Foundation\\Http\\Middleware\\TrimStrings->handle(Object(Illuminate\\Http\\Request), Object(Closure))
#41 D:\\SMT 6\\PPL\\clone ppl\\BojongStore\\vendor\\laravel\\framework\\src\\Illuminate\\Http\\Middleware\\ValidatePostSize.php(27): Illuminate\\Pipeline\\Pipeline->Illuminate\\Pipeline\\{closure}(Object(Illuminate\\Http\\Request))
#42 D:\\SMT 6\\PPL\\clone ppl\\BojongStore\\vendor\\laravel\\framework\\src\\Illuminate\\Pipeline\\Pipeline.php(208): Illuminate\\Http\\Middleware\\ValidatePostSize->handle(Object(Illuminate\\Http\\Request), Object(Closure))
#43 D:\\SMT 6\\PPL\\clone ppl\\BojongStore\\vendor\\laravel\\framework\\src\\Illuminate\\Foundation\\Http\\Middleware\\PreventRequestsDuringMaintenance.php(109): Illuminate\\Pipeline\\Pipeline->Illuminate\\Pipeline\\{closure}(Object(Illuminate\\Http\\Request))
#44 D:\\SMT 6\\PPL\\clone ppl\\BojongStore\\vendor\\laravel\\framework\\src\\Illuminate\\Pipeline\\Pipeline.php(208): Illuminate\\Foundation\\Http\\Middleware\\PreventRequestsDuringMaintenance->handle(Object(Illuminate\\Http\\Request), Object(Closure))
#45 D:\\SMT 6\\PPL\\clone ppl\\BojongStore\\vendor\\laravel\\framework\\src\\Illuminate\\Http\\Middleware\\HandleCors.php(48): Illuminate\\Pipeline\\Pipeline->Illuminate\\Pipeline\\{closure}(Object(Illuminate\\Http\\Request))
#46 D:\\SMT 6\\PPL\\clone ppl\\BojongStore\\vendor\\laravel\\framework\\src\\Illuminate\\Pipeline\\Pipeline.php(208): Illuminate\\Http\\Middleware\\HandleCors->handle(Object(Illuminate\\Http\\Request), Object(Closure))
#47 D:\\SMT 6\\PPL\\clone ppl\\BojongStore\\vendor\\laravel\\framework\\src\\Illuminate\\Http\\Middleware\\TrustProxies.php(58): Illuminate\\Pipeline\\Pipeline->Illuminate\\Pipeline\\{closure}(Object(Illuminate\\Http\\Request))
#48 D:\\SMT 6\\PPL\\clone ppl\\BojongStore\\vendor\\laravel\\framework\\src\\Illuminate\\Pipeline\\Pipeline.php(208): Illuminate\\Http\\Middleware\\TrustProxies->handle(Object(Illuminate\\Http\\Request), Object(Closure))
#49 D:\\SMT 6\\PPL\\clone ppl\\BojongStore\\vendor\\laravel\\framework\\src\\Illuminate\\Foundation\\Http\\Middleware\\InvokeDeferredCallbacks.php(22): Illuminate\\Pipeline\\Pipeline->Illuminate\\Pipeline\\{closure}(Object(Illuminate\\Http\\Request))
#50 D:\\SMT 6\\PPL\\clone ppl\\BojongStore\\vendor\\laravel\\framework\\src\\Illuminate\\Pipeline\\Pipeline.php(208): Illuminate\\Foundation\\Http\\Middleware\\InvokeDeferredCallbacks->handle(Object(Illuminate\\Http\\Request), Object(Closure))
#51 D:\\SMT 6\\PPL\\clone ppl\\BojongStore\\vendor\\laravel\\framework\\src\\Illuminate\\Http\\Middleware\\ValidatePathEncoding.php(26): Illuminate\\Pipeline\\Pipeline->Illuminate\\Pipeline\\{closure}(Object(Illuminate\\Http\\Request))
#52 D:\\SMT 6\\PPL\\clone ppl\\BojongStore\\vendor\\laravel\\framework\\src\\Illuminate\\Pipeline\\Pipeline.php(208): Illuminate\\Http\\Middleware\\ValidatePathEncoding->handle(Object(Illuminate\\Http\\Request), Object(Closure))
#53 D:\\SMT 6\\PPL\\clone ppl\\BojongStore\\vendor\\laravel\\framework\\src\\Illuminate\\Pipeline\\Pipeline.php(126): Illuminate\\Pipeline\\Pipeline->Illuminate\\Pipeline\\{closure}(Object(Illuminate\\Http\\Request))
#54 D:\\SMT 6\\PPL\\clone ppl\\BojongStore\\vendor\\laravel\\framework\\src\\Illuminate\\Foundation\\Http\\Kernel.php(175): Illuminate\\Pipeline\\Pipeline->then(Object(Closure))
#55 D:\\SMT 6\\PPL\\clone ppl\\BojongStore\\vendor\\laravel\\framework\\src\\Illuminate\\Foundation\\Http\\Kernel.php(144): Illuminate\\Foundation\\Http\\Kernel->sendRequestThroughRouter(Object(Illuminate\\Http\\Request))
#56 D:\\SMT 6\\PPL\\clone ppl\\BojongStore\\vendor\\laravel\\framework\\src\\Illuminate\\Foundation\\Testing\\Concerns\\MakesHttpRequests.php(607): Illuminate\\Foundation\\Http\\Kernel->handle(Object(Illuminate\\Http\\Request))
#57 D:\\SMT 6\\PPL\\clone ppl\\BojongStore\\vendor\\laravel\\framework\\src\\Illuminate\\Foundation\\Testing\\Concerns\\MakesHttpRequests.php(368): Illuminate\\Foundation\\Testing\\TestCase->call('GET', '/forgot-passwor...', Array, Array, Array, Array)
#58 D:\\SMT 6\\PPL\\clone ppl\\BojongStore\\tests\\Feature\\Auth\\PasswordResetTest.php(17): Illuminate\\Foundation\\Testing\\TestCase->get('/forgot-passwor...')
#59 D:\\SMT 6\\PPL\\clone ppl\\BojongStore\\vendor\\phpunit\\phpunit\\src\\Framework\\TestCase.php(1656): Tests\\Feature\\Auth\\PasswordResetTest->test_reset_password_link_screen_can_be_rendered()
#60 D:\\SMT 6\\PPL\\clone ppl\\BojongStore\\vendor\\phpunit\\phpunit\\src\\Framework\\TestCase.php(514): PHPUnit\\Framework\\TestCase->runTest()
#61 D:\\SMT 6\\PPL\\clone ppl\\BojongStore\\vendor\\phpunit\\phpunit\\src\\Framework\\TestRunner\\TestRunner.php(87): PHPUnit\\Framework\\TestCase->runBare()
#62 D:\\SMT 6\\PPL\\clone ppl\\BojongStore\\vendor\\phpunit\\phpunit\\src\\Framework\\TestCase.php(361): PHPUnit\\Framework\\TestRunner->run(Object(Tests\\Feature\\Auth\\PasswordResetTest))
#63 D:\\SMT 6\\PPL\\clone ppl\\BojongStore\\vendor\\phpunit\\phpunit\\src\\Framework\\TestSuite.php(369): PHPUnit\\Framework\\TestCase->run()
#64 D:\\SMT 6\\PPL\\clone ppl\\BojongStore\\vendor\\phpunit\\phpunit\\src\\Framework\\TestSuite.php(369): PHPUnit\\Framework\\TestSuite->run()
#65 D:\\SMT 6\\PPL\\clone ppl\\BojongStore\\vendor\\phpunit\\phpunit\\src\\Framework\\TestSuite.php(369): PHPUnit\\Framework\\TestSuite->run()
#66 D:\\SMT 6\\PPL\\clone ppl\\BojongStore\\vendor\\phpunit\\phpunit\\src\\TextUI\\TestRunner.php(64): PHPUnit\\Framework\\TestSuite->run()
#67 D:\\SMT 6\\PPL\\clone ppl\\BojongStore\\vendor\\phpunit\\phpunit\\src\\TextUI\\Application.php(210): PHPUnit\\TextUI\\TestRunner->run(Object(PHPUnit\\TextUI\\Configuration\\Configuration), Object(PHPUnit\\Runner\\ResultCache\\DefaultResultCache), Object(PHPUnit\\Framework\\TestSuite))
#68 D:\\SMT 6\\PPL\\clone ppl\\BojongStore\\vendor\\phpunit\\phpunit\\phpunit(104): PHPUnit\\TextUI\\Application->run(Array)
#69 {main}

[previous exception] [object] (InvalidArgumentException(code: 0): View [layouts.guest] not found. at D:\\SMT 6\\PPL\\clone ppl\\BojongStore\\vendor\\laravel\\framework\\src\\Illuminate\\View\\FileViewFinder.php:138)
[stacktrace]
#0 D:\\SMT 6\\PPL\\clone ppl\\BojongStore\\vendor\\laravel\\framework\\src\\Illuminate\\View\\FileViewFinder.php(78): Illuminate\\View\\FileViewFinder->findInPaths('layouts.guest', Array)
#1 D:\\SMT 6\\PPL\\clone ppl\\BojongStore\\vendor\\laravel\\framework\\src\\Illuminate\\View\\Factory.php(150): Illuminate\\View\\FileViewFinder->find('layouts.guest')
#2 D:\\SMT 6\\PPL\\clone ppl\\BojongStore\\vendor\\laravel\\framework\\src\\Illuminate\\Foundation\\helpers.php(1079): Illuminate\\View\\Factory->make('layouts.guest', Array, Array)
#3 D:\\SMT 6\\PPL\\clone ppl\\BojongStore\\app\\View\\Components\\GuestLayout.php(15): view('layouts.guest')
#4 D:\\SMT 6\\PPL\\clone ppl\\BojongStore\\vendor\\laravel\\framework\\src\\Illuminate\\View\\Component.php(143): App\\View\\Components\\GuestLayout->render()
#5 D:\\SMT 6\\PPL\\clone ppl\\BojongStore\\storage\\framework\\views\\2b2073e7de23bfb88a366268c772da8c.php(6): Illuminate\\View\\Component->resolveView()
#6 D:\\SMT 6\\PPL\\clone ppl\\BojongStore\\vendor\\laravel\\framework\\src\\Illuminate\\Filesystem\\Filesystem.php(123): require('D:\\\\SMT 6\\\\PPL\\\\cl...')
#7 D:\\SMT 6\\PPL\\clone ppl\\BojongStore\\vendor\\laravel\\framework\\src\\Illuminate\\Filesystem\\Filesystem.php(124): Illuminate\\Filesystem\\Filesystem::Illuminate\\Filesystem\\{closure}()
#8 D:\\SMT 6\\PPL\\clone ppl\\BojongStore\\vendor\\laravel\\framework\\src\\Illuminate\\View\\Engines\\PhpEngine.php(57): Illuminate\\Filesystem\\Filesystem->getRequire('D:\\\\SMT 6\\\\PPL\\\\cl...', Array)
#9 D:\\SMT 6\\PPL\\clone ppl\\BojongStore\\vendor\\laravel\\framework\\src\\Illuminate\\View\\Engines\\CompilerEngine.php(74): Illuminate\\View\\Engines\\PhpEngine->evaluatePath('D:\\\\SMT 6\\\\PPL\\\\cl...', Array)
#10 D:\\SMT 6\\PPL\\clone ppl\\BojongStore\\vendor\\laravel\\framework\\src\\Illuminate\\View\\View.php(208): Illuminate\\View\\Engines\\CompilerEngine->get('D:\\\\SMT 6\\\\PPL\\\\cl...', Array)
#11 D:\\SMT 6\\PPL\\clone ppl\\BojongStore\\vendor\\laravel\\framework\\src\\Illuminate\\View\\View.php(191): Illuminate\\View\\View->getContents()
#12 D:\\SMT 6\\PPL\\clone ppl\\BojongStore\\vendor\\laravel\\framework\\src\\Illuminate\\View\\View.php(160): Illuminate\\View\\View->renderContents()
#13 D:\\SMT 6\\PPL\\clone ppl\\BojongStore\\vendor\\laravel\\framework\\src\\Illuminate\\Http\\Response.php(78): Illuminate\\View\\View->render()
#14 D:\\SMT 6\\PPL\\clone ppl\\BojongStore\\vendor\\laravel\\framework\\src\\Illuminate\\Http\\Response.php(34): Illuminate\\Http\\Response->setContent(Object(Illuminate\\View\\View))
#15 D:\\SMT 6\\PPL\\clone ppl\\BojongStore\\vendor\\laravel\\framework\\src\\Illuminate\\Routing\\Router.php(924): Illuminate\\Http\\Response->__construct(Object(Illuminate\\View\\View), 200, Array)
#16 D:\\SMT 6\\PPL\\clone ppl\\BojongStore\\vendor\\laravel\\framework\\src\\Illuminate\\Routing\\Router.php(891): Illuminate\\Routing\\Router::toResponse(Object(Illuminate\\Http\\Request), Object(Illuminate\\View\\View))
#17 D:\\SMT 6\\PPL\\clone ppl\\BojongStore\\vendor\\laravel\\framework\\src\\Illuminate\\Routing\\Router.php(807): Illuminate\\Routing\\Router->prepareResponse(Object(Illuminate\\Http\\Request), Object(Illuminate\\View\\View))
#18 D:\\SMT 6\\PPL\\clone ppl\\BojongStore\\vendor\\laravel\\framework\\src\\Illuminate\\Pipeline\\Pipeline.php(169): Illuminate\\Routing\\Router->Illuminate\\Routing\\{closure}(Object(Illuminate\\Http\\Request))
#19 D:\\SMT 6\\PPL\\clone ppl\\BojongStore\\vendor\\laravel\\framework\\src\\Illuminate\\Auth\\Middleware\\RedirectIfAuthenticated.php(35): Illuminate\\Pipeline\\Pipeline->Illuminate\\Pipeline\\{closure}(Object(Illuminate\\Http\\Request))
#20 D:\\SMT 6\\PPL\\clone ppl\\BojongStore\\vendor\\laravel\\framework\\src\\Illuminate\\Pipeline\\Pipeline.php(208): Illuminate\\Auth\\Middleware\\RedirectIfAuthenticated->handle(Object(Illuminate\\Http\\Request), Object(Closure))
#21 D:\\SMT 6\\PPL\\clone ppl\\BojongStore\\app\\Http\\Middleware\\LogVisitor.php(36): Illuminate\\Pipeline\\Pipeline->Illuminate\\Pipeline\\{closure}(Object(Illuminate\\Http\\Request))
#22 D:\\SMT 6\\PPL\\clone ppl\\BojongStore\\vendor\\laravel\\framework\\src\\Illuminate\\Pipeline\\Pipeline.php(208): App\\Http\\Middleware\\LogVisitor->handle(Object(Illuminate\\Http\\Request), Object(Closure))
#23 D:\\SMT 6\\PPL\\clone ppl\\BojongStore\\vendor\\laravel\\framework\\src\\Illuminate\\Routing\\Middleware\\SubstituteBindings.php(50): Illuminate\\Pipeline\\Pipeline->Illuminate\\Pipeline\\{closure}(Object(Illuminate\\Http\\Request))
#24 D:\\SMT 6\\PPL\\clone ppl\\BojongStore\\vendor\\laravel\\framework\\src\\Illuminate\\Pipeline\\Pipeline.php(208): Illuminate\\Routing\\Middleware\\SubstituteBindings->handle(Object(Illuminate\\Http\\Request), Object(Closure))
#25 D:\\SMT 6\\PPL\\clone ppl\\BojongStore\\vendor\\laravel\\framework\\src\\Illuminate\\Foundation\\Http\\Middleware\\VerifyCsrfToken.php(87): Illuminate\\Pipeline\\Pipeline->Illuminate\\Pipeline\\{closure}(Object(Illuminate\\Http\\Request))
#26 D:\\SMT 6\\PPL\\clone ppl\\BojongStore\\vendor\\laravel\\framework\\src\\Illuminate\\Pipeline\\Pipeline.php(208): Illuminate\\Foundation\\Http\\Middleware\\VerifyCsrfToken->handle(Object(Illuminate\\Http\\Request), Object(Closure))
#27 D:\\SMT 6\\PPL\\clone ppl\\BojongStore\\vendor\\laravel\\framework\\src\\Illuminate\\View\\Middleware\\ShareErrorsFromSession.php(48): Illuminate\\Pipeline\\Pipeline->Illuminate\\Pipeline\\{closure}(Object(Illuminate\\Http\\Request))
#28 D:\\SMT 6\\PPL\\clone ppl\\BojongStore\\vendor\\laravel\\framework\\src\\Illuminate\\Pipeline\\Pipeline.php(208): Illuminate\\View\\Middleware\\ShareErrorsFromSession->handle(Object(Illuminate\\Http\\Request), Object(Closure))
#29 D:\\SMT 6\\PPL\\clone ppl\\BojongStore\\vendor\\laravel\\framework\\src\\Illuminate\\Session\\Middleware\\StartSession.php(120): Illuminate\\Pipeline\\Pipeline->Illuminate\\Pipeline\\{closure}(Object(Illuminate\\Http\\Request))
#30 D:\\SMT 6\\PPL\\clone ppl\\BojongStore\\vendor\\laravel\\framework\\src\\Illuminate\\Session\\Middleware\\StartSession.php(63): Illuminate\\Session\\Middleware\\StartSession->handleStatefulRequest(Object(Illuminate\\Http\\Request), Object(Illuminate\\Session\\Store), Object(Closure))
#31 D:\\SMT 6\\PPL\\clone ppl\\BojongStore\\vendor\\laravel\\framework\\src\\Illuminate\\Pipeline\\Pipeline.php(208): Illuminate\\Session\\Middleware\\StartSession->handle(Object(Illuminate\\Http\\Request), Object(Closure))
#32 D:\\SMT 6\\PPL\\clone ppl\\BojongStore\\vendor\\laravel\\framework\\src\\Illuminate\\Cookie\\Middleware\\AddQueuedCookiesToResponse.php(36): Illuminate\\Pipeline\\Pipeline->Illuminate\\Pipeline\\{closure}(Object(Illuminate\\Http\\Request))
#33 D:\\SMT 6\\PPL\\clone ppl\\BojongStore\\vendor\\laravel\\framework\\src\\Illuminate\\Pipeline\\Pipeline.php(208): Illuminate\\Cookie\\Middleware\\AddQueuedCookiesToResponse->handle(Object(Illuminate\\Http\\Request), Object(Closure))
#34 D:\\SMT 6\\PPL\\clone ppl\\BojongStore\\vendor\\laravel\\framework\\src\\Illuminate\\Cookie\\Middleware\\EncryptCookies.php(74): Illuminate\\Pipeline\\Pipeline->Illuminate\\Pipeline\\{closure}(Object(Illuminate\\Http\\Request))
#35 D:\\SMT 6\\PPL\\clone ppl\\BojongStore\\vendor\\laravel\\framework\\src\\Illuminate\\Pipeline\\Pipeline.php(208): Illuminate\\Cookie\\Middleware\\EncryptCookies->handle(Object(Illuminate\\Http\\Request), Object(Closure))
#36 D:\\SMT 6\\PPL\\clone ppl\\BojongStore\\vendor\\laravel\\framework\\src\\Illuminate\\Pipeline\\Pipeline.php(126): Illuminate\\Pipeline\\Pipeline->Illuminate\\Pipeline\\{closure}(Object(Illuminate\\Http\\Request))
#37 D:\\SMT 6\\PPL\\clone ppl\\BojongStore\\vendor\\laravel\\framework\\src\\Illuminate\\Routing\\Router.php(807): Illuminate\\Pipeline\\Pipeline->then(Object(Closure))
#38 D:\\SMT 6\\PPL\\clone ppl\\BojongStore\\vendor\\laravel\\framework\\src\\Illuminate\\Routing\\Router.php(786): Illuminate\\Routing\\Router->runRouteWithinStack(Object(Illuminate\\Routing\\Route), Object(Illuminate\\Http\\Request))
#39 D:\\SMT 6\\PPL\\clone ppl\\BojongStore\\vendor\\laravel\\framework\\src\\Illuminate\\Routing\\Router.php(750): Illuminate\\Routing\\Router->runRoute(Object(Illuminate\\Http\\Request), Object(Illuminate\\Routing\\Route))
#40 D:\\SMT 6\\PPL\\clone ppl\\BojongStore\\vendor\\laravel\\framework\\src\\Illuminate\\Routing\\Router.php(739): Illuminate\\Routing\\Router->dispatchToRoute(Object(Illuminate\\Http\\Request))
#41 D:\\SMT 6\\PPL\\clone ppl\\BojongStore\\vendor\\laravel\\framework\\src\\Illuminate\\Foundation\\Http\\Kernel.php(200): Illuminate\\Routing\\Router->dispatch(Object(Illuminate\\Http\\Request))
#42 D:\\SMT 6\\PPL\\clone ppl\\BojongStore\\vendor\\laravel\\framework\\src\\Illuminate\\Pipeline\\Pipeline.php(169): Illuminate\\Foundation\\Http\\Kernel->Illuminate\\Foundation\\Http\\{closure}(Object(Illuminate\\Http\\Request))
#43 D:\\SMT 6\\PPL\\clone ppl\\BojongStore\\vendor\\laravel\\framework\\src\\Illuminate\\Foundation\\Http\\Middleware\\TransformsRequest.php(21): Illuminate\\Pipeline\\Pipeline->Illuminate\\Pipeline\\{closure}(Object(Illuminate\\Http\\Request))
#44 D:\\SMT 6\\PPL\\clone ppl\\BojongStore\\vendor\\laravel\\framework\\src\\Illuminate\\Foundation\\Http\\Middleware\\ConvertEmptyStringsToNull.php(31): Illuminate\\Foundation\\Http\\Middleware\\TransformsRequest->handle(Object(Illuminate\\Http\\Request), Object(Closure))
#45 D:\\SMT 6\\PPL\\clone ppl\\BojongStore\\vendor\\laravel\\framework\\src\\Illuminate\\Pipeline\\Pipeline.php(208): Illuminate\\Foundation\\Http\\Middleware\\ConvertEmptyStringsToNull->handle(Object(Illuminate\\Http\\Request), Object(Closure))
#46 D:\\SMT 6\\PPL\\clone ppl\\BojongStore\\vendor\\laravel\\framework\\src\\Illuminate\\Foundation\\Http\\Middleware\\TransformsRequest.php(21): Illuminate\\Pipeline\\Pipeline->Illuminate\\Pipeline\\{closure}(Object(Illuminate\\Http\\Request))
#47 D:\\SMT 6\\PPL\\clone ppl\\BojongStore\\vendor\\laravel\\framework\\src\\Illuminate\\Foundation\\Http\\Middleware\\TrimStrings.php(51): Illuminate\\Foundation\\Http\\Middleware\\TransformsRequest->handle(Object(Illuminate\\Http\\Request), Object(Closure))
#48 D:\\SMT 6\\PPL\\clone ppl\\BojongStore\\vendor\\laravel\\framework\\src\\Illuminate\\Pipeline\\Pipeline.php(208): Illuminate\\Foundation\\Http\\Middleware\\TrimStrings->handle(Object(Illuminate\\Http\\Request), Object(Closure))
#49 D:\\SMT 6\\PPL\\clone ppl\\BojongStore\\vendor\\laravel\\framework\\src\\Illuminate\\Http\\Middleware\\ValidatePostSize.php(27): Illuminate\\Pipeline\\Pipeline->Illuminate\\Pipeline\\{closure}(Object(Illuminate\\Http\\Request))
#50 D:\\SMT 6\\PPL\\clone ppl\\BojongStore\\vendor\\laravel\\framework\\src\\Illuminate\\Pipeline\\Pipeline.php(208): Illuminate\\Http\\Middleware\\ValidatePostSize->handle(Object(Illuminate\\Http\\Request), Object(Closure))
#51 D:\\SMT 6\\PPL\\clone ppl\\BojongStore\\vendor\\laravel\\framework\\src\\Illuminate\\Foundation\\Http\\Middleware\\PreventRequestsDuringMaintenance.php(109): Illuminate\\Pipeline\\Pipeline->Illuminate\\Pipeline\\{closure}(Object(Illuminate\\Http\\Request))
#52 D:\\SMT 6\\PPL\\clone ppl\\BojongStore\\vendor\\laravel\\framework\\src\\Illuminate\\Pipeline\\Pipeline.php(208): Illuminate\\Foundation\\Http\\Middleware\\PreventRequestsDuringMaintenance->handle(Object(Illuminate\\Http\\Request), Object(Closure))
#53 D:\\SMT 6\\PPL\\clone ppl\\BojongStore\\vendor\\laravel\\framework\\src\\Illuminate\\Http\\Middleware\\HandleCors.php(48): Illuminate\\Pipeline\\Pipeline->Illuminate\\Pipeline\\{closure}(Object(Illuminate\\Http\\Request))
#54 D:\\SMT 6\\PPL\\clone ppl\\BojongStore\\vendor\\laravel\\framework\\src\\Illuminate\\Pipeline\\Pipeline.php(208): Illuminate\\Http\\Middleware\\HandleCors->handle(Object(Illuminate\\Http\\Request), Object(Closure))
#55 D:\\SMT 6\\PPL\\clone ppl\\BojongStore\\vendor\\laravel\\framework\\src\\Illuminate\\Http\\Middleware\\TrustProxies.php(58): Illuminate\\Pipeline\\Pipeline->Illuminate\\Pipeline\\{closure}(Object(Illuminate\\Http\\Request))
#56 D:\\SMT 6\\PPL\\clone ppl\\BojongStore\\vendor\\laravel\\framework\\src\\Illuminate\\Pipeline\\Pipeline.php(208): Illuminate\\Http\\Middleware\\TrustProxies->handle(Object(Illuminate\\Http\\Request), Object(Closure))
#57 D:\\SMT 6\\PPL\\clone ppl\\BojongStore\\vendor\\laravel\\framework\\src\\Illuminate\\Foundation\\Http\\Middleware\\InvokeDeferredCallbacks.php(22): Illuminate\\Pipeline\\Pipeline->Illuminate\\Pipeline\\{closure}(Object(Illuminate\\Http\\Request))
#58 D:\\SMT 6\\PPL\\clone ppl\\BojongStore\\vendor\\laravel\\framework\\src\\Illuminate\\Pipeline\\Pipeline.php(208): Illuminate\\Foundation\\Http\\Middleware\\InvokeDeferredCallbacks->handle(Object(Illuminate\\Http\\Request), Object(Closure))
#59 D:\\SMT 6\\PPL\\clone ppl\\BojongStore\\vendor\\laravel\\framework\\src\\Illuminate\\Http\\Middleware\\ValidatePathEncoding.php(26): Illuminate\\Pipeline\\Pipeline->Illuminate\\Pipeline\\{closure}(Object(Illuminate\\Http\\Request))
#60 D:\\SMT 6\\PPL\\clone ppl\\BojongStore\\vendor\\laravel\\framework\\src\\Illuminate\\Pipeline\\Pipeline.php(208): Illuminate\\Http\\Middleware\\ValidatePathEncoding->handle(Object(Illuminate\\Http\\Request), Object(Closure))
#61 D:\\SMT 6\\PPL\\clone ppl\\BojongStore\\vendor\\laravel\\framework\\src\\Illuminate\\Pipeline\\Pipeline.php(126): Illuminate\\Pipeline\\Pipeline->Illuminate\\Pipeline\\{closure}(Object(Illuminate\\Http\\Request))
#62 D:\\SMT 6\\PPL\\clone ppl\\BojongStore\\vendor\\laravel\\framework\\src\\Illuminate\\Foundation\\Http\\Kernel.php(175): Illuminate\\Pipeline\\Pipeline->then(Object(Closure))
#63 D:\\SMT 6\\PPL\\clone ppl\\BojongStore\\vendor\\laravel\\framework\\src\\Illuminate\\Foundation\\Http\\Kernel.php(144): Illuminate\\Foundation\\Http\\Kernel->sendRequestThroughRouter(Object(Illuminate\\Http\\Request))
#64 D:\\SMT 6\\PPL\\clone ppl\\BojongStore\\vendor\\laravel\\framework\\src\\Illuminate\\Foundation\\Testing\\Concerns\\MakesHttpRequests.php(607): Illuminate\\Foundation\\Http\\Kernel->handle(Object(Illuminate\\Http\\Request))
#65 D:\\SMT 6\\PPL\\clone ppl\\BojongStore\\vendor\\laravel\\framework\\src\\Illuminate\\Foundation\\Testing\\Concerns\\MakesHttpRequests.php(368): Illuminate\\Foundation\\Testing\\TestCase->call('GET', '/forgot-passwor...', Array, Array, Array, Array)
#66 D:\\SMT 6\\PPL\\clone ppl\\BojongStore\\tests\\Feature\\Auth\\PasswordResetTest.php(17): Illuminate\\Foundation\\Testing\\TestCase->get('/forgot-passwor...')
#67 D:\\SMT 6\\PPL\\clone ppl\\BojongStore\\vendor\\phpunit\\phpunit\\src\\Framework\\TestCase.php(1656): Tests\\Feature\\Auth\\PasswordResetTest->test_reset_password_link_screen_can_be_rendered()
#68 D:\\SMT 6\\PPL\\clone ppl\\BojongStore\\vendor\\phpunit\\phpunit\\src\\Framework\\TestCase.php(514): PHPUnit\\Framework\\TestCase->runTest()
#69 D:\\SMT 6\\PPL\\clone ppl\\BojongStore\\vendor\\phpunit\\phpunit\\src\\Framework\\TestRunner\\TestRunner.php(87): PHPUnit\\Framework\\TestCase->runBare()
#70 D:\\SMT 6\\PPL\\clone ppl\\BojongStore\\vendor\\phpunit\\phpunit\\src\\Framework\\TestCase.php(361): PHPUnit\\Framework\\TestRunner->run(Object(Tests\\Feature\\Auth\\PasswordResetTest))
#71 D:\\SMT 6\\PPL\\clone ppl\\BojongStore\\vendor\\phpunit\\phpunit\\src\\Framework\\TestSuite.php(369): PHPUnit\\Framework\\TestCase->run()
#72 D:\\SMT 6\\PPL\\clone ppl\\BojongStore\\vendor\\phpunit\\phpunit\\src\\Framework\\TestSuite.php(369): PHPUnit\\Framework\\TestSuite->run()
#73 D:\\SMT 6\\PPL\\clone ppl\\BojongStore\\vendor\\phpunit\\phpunit\\src\\Framework\\TestSuite.php(369): PHPUnit\\Framework\\TestSuite->run()
#74 D:\\SMT 6\\PPL\\clone ppl\\BojongStore\\vendor\\phpunit\\phpunit\\src\\TextUI\\TestRunner.php(64): PHPUnit\\Framework\\TestSuite->run()
#75 D:\\SMT 6\\PPL\\clone ppl\\BojongStore\\vendor\\phpunit\\phpunit\\src\\TextUI\\Application.php(210): PHPUnit\\TextUI\\TestRunner->run(Object(PHPUnit\\TextUI\\Configuration\\Configuration), Object(PHPUnit\\Runner\\ResultCache\\DefaultResultCache), Object(PHPUnit\\Framework\\TestSuite))
#76 D:\\SMT 6\\PPL\\clone ppl\\BojongStore\\vendor\\phpunit\\phpunit\\phpunit(104): PHPUnit\\TextUI\\Application->run(Array)
#77 {main}
"} 
[2026-06-03 10:49:44] testing.ERROR: View [layouts.guest] not found. (View: D:\SMT 6\PPL\clone ppl\BojongStore\resources\views\auth\reset-password.blade.php) {"exception":"[object] (Illuminate\\View\\ViewException(code: 0): View [layouts.guest] not found. (View: D:\\SMT 6\\PPL\\clone ppl\\BojongStore\\resources\\views\\auth\\reset-password.blade.php) at D:\\SMT 6\\PPL\\clone ppl\\BojongStore\\vendor\\laravel\\framework\\src\\Illuminate\\View\\FileViewFinder.php:138)
[stacktrace]
#0 D:\\SMT 6\\PPL\\clone ppl\\BojongStore\\vendor\\laravel\\framework\\src\\Illuminate\\View\\Engines\\PhpEngine.php(59): Illuminate\\View\\Engines\\CompilerEngine->handleViewException(Object(InvalidArgumentException), 1)
#1 D:\\SMT 6\\PPL\\clone ppl\\BojongStore\\vendor\\laravel\\framework\\src\\Illuminate\\View\\Engines\\CompilerEngine.php(74): Illuminate\\View\\Engines\\PhpEngine->evaluatePath('D:\\\\SMT 6\\\\PPL\\\\cl...', Array)
#2 D:\\SMT 6\\PPL\\clone ppl\\BojongStore\\vendor\\laravel\\framework\\src\\Illuminate\\View\\View.php(208): Illuminate\\View\\Engines\\CompilerEngine->get('D:\\\\SMT 6\\\\PPL\\\\cl...', Array)
#3 D:\\SMT 6\\PPL\\clone ppl\\BojongStore\\vendor\\laravel\\framework\\src\\Illuminate\\View\\View.php(191): Illuminate\\View\\View->getContents()
#4 D:\\SMT 6\\PPL\\clone ppl\\BojongStore\\vendor\\laravel\\framework\\src\\Illuminate\\View\\View.php(160): Illuminate\\View\\View->renderContents()
#5 D:\\SMT 6\\PPL\\clone ppl\\BojongStore\\vendor\\laravel\\framework\\src\\Illuminate\\Http\\Response.php(78): Illuminate\\View\\View->render()
#6 D:\\SMT 6\\PPL\\clone ppl\\BojongStore\\vendor\\laravel\\framework\\src\\Illuminate\\Http\\Response.php(34): Illuminate\\Http\\Response->setContent(Object(Illuminate\\View\\View))
#7 D:\\SMT 6\\PPL\\clone ppl\\BojongStore\\vendor\\laravel\\framework\\src\\Illuminate\\Routing\\Router.php(924): Illuminate\\Http\\Response->__construct(Object(Illuminate\\View\\View), 200, Array)
#8 D:\\SMT 6\\PPL\\clone ppl\\BojongStore\\vendor\\laravel\\framework\\src\\Illuminate\\Routing\\Router.php(891): Illuminate\\Routing\\Router::toResponse(Object(Illuminate\\Http\\Request), Object(Illuminate\\View\\View))
#9 D:\\SMT 6\\PPL\\clone ppl\\BojongStore\\vendor\\laravel\\framework\\src\\Illuminate\\Routing\\Router.php(807): Illuminate\\Routing\\Router->prepareResponse(Object(Illuminate\\Http\\Request), Object(Illuminate\\View\\View))
#10 D:\\SMT 6\\PPL\\clone ppl\\BojongStore\\vendor\\laravel\\framework\\src\\Illuminate\\Pipeline\\Pipeline.php(169): Illuminate\\Routing\\Router->Illuminate\\Routing\\{closure}(Object(Illuminate\\Http\\Request))
#11 D:\\SMT 6\\PPL\\clone ppl\\BojongStore\\vendor\\laravel\\framework\\src\\Illuminate\\Auth\\Middleware\\RedirectIfAuthenticated.php(35): Illuminate\\Pipeline\\Pipeline->Illuminate\\Pipeline\\{closure}(Object(Illuminate\\Http\\Request))
#12 D:\\SMT 6\\PPL\\clone ppl\\BojongStore\\vendor\\laravel\\framework\\src\\Illuminate\\Pipeline\\Pipeline.php(208): Illuminate\\Auth\\Middleware\\RedirectIfAuthenticated->handle(Object(Illuminate\\Http\\Request), Object(Closure))
#13 D:\\SMT 6\\PPL\\clone ppl\\BojongStore\\app\\Http\\Middleware\\LogVisitor.php(36): Illuminate\\Pipeline\\Pipeline->Illuminate\\Pipeline\\{closure}(Object(Illuminate\\Http\\Request))
#14 D:\\SMT 6\\PPL\\clone ppl\\BojongStore\\vendor\\laravel\\framework\\src\\Illuminate\\Pipeline\\Pipeline.php(208): App\\Http\\Middleware\\LogVisitor->handle(Object(Illuminate\\Http\\Request), Object(Closure))
#15 D:\\SMT 6\\PPL\\clone ppl\\BojongStore\\vendor\\laravel\\framework\\src\\Illuminate\\Routing\\Middleware\\SubstituteBindings.php(50): Illuminate\\Pipeline\\Pipeline->Illuminate\\Pipeline\\{closure}(Object(Illuminate\\Http\\Request))
#16 D:\\SMT 6\\PPL\\clone ppl\\BojongStore\\vendor\\laravel\\framework\\src\\Illuminate\\Pipeline\\Pipeline.php(208): Illuminate\\Routing\\Middleware\\SubstituteBindings->handle(Object(Illuminate\\Http\\Request), Object(Closure))
#17 D:\\SMT 6\\PPL\\clone ppl\\BojongStore\\vendor\\laravel\\framework\\src\\Illuminate\\Foundation\\Http\\Middleware\\VerifyCsrfToken.php(87): Illuminate\\Pipeline\\Pipeline->Illuminate\\Pipeline\\{closure}(Object(Illuminate\\Http\\Request))
#18 D:\\SMT 6\\PPL\\clone ppl\\BojongStore\\vendor\\laravel\\framework\\src\\Illuminate\\Pipeline\\Pipeline.php(208): Illuminate\\Foundation\\Http\\Middleware\\VerifyCsrfToken->handle(Object(Illuminate\\Http\\Request), Object(Closure))
#19 D:\\SMT 6\\PPL\\clone ppl\\BojongStore\\vendor\\laravel\\framework\\src\\Illuminate\\View\\Middleware\\ShareErrorsFromSession.php(48): Illuminate\\Pipeline\\Pipeline->Illuminate\\Pipeline\\{closure}(Object(Illuminate\\Http\\Request))
#20 D:\\SMT 6\\PPL\\clone ppl\\BojongStore\\vendor\\laravel\\framework\\src\\Illuminate\\Pipeline\\Pipeline.php(208): Illuminate\\View\\Middleware\\ShareErrorsFromSession->handle(Object(Illuminate\\Http\\Request), Object(Closure))
#21 D:\\SMT 6\\PPL\\clone ppl\\BojongStore\\vendor\\laravel\\framework\\src\\Illuminate\\Session\\Middleware\\StartSession.php(120): Illuminate\\Pipeline\\Pipeline->Illuminate\\Pipeline\\{closure}(Object(Illuminate\\Http\\Request))
#22 D:\\SMT 6\\PPL\\clone ppl\\BojongStore\\vendor\\laravel\\framework\\src\\Illuminate\\Session\\Middleware\\StartSession.php(63): Illuminate\\Session\\Middleware\\StartSession->handleStatefulRequest(Object(Illuminate\\Http\\Request), Object(Illuminate\\Session\\Store), Object(Closure))
#23 D:\\SMT 6\\PPL\\clone ppl\\BojongStore\\vendor\\laravel\\framework\\src\\Illuminate\\Pipeline\\Pipeline.php(208): Illuminate\\Session\\Middleware\\StartSession->handle(Object(Illuminate\\Http\\Request), Object(Closure))
#24 D:\\SMT 6\\PPL\\clone ppl\\BojongStore\\vendor\\laravel\\framework\\src\\Illuminate\\Cookie\\Middleware\\AddQueuedCookiesToResponse.php(36): Illuminate\\Pipeline\\Pipeline->Illuminate\\Pipeline\\{closure}(Object(Illuminate\\Http\\Request))
#25 D:\\SMT 6\\PPL\\clone ppl\\BojongStore\\vendor\\laravel\\framework\\src\\Illuminate\\Pipeline\\Pipeline.php(208): Illuminate\\Cookie\\Middleware\\AddQueuedCookiesToResponse->handle(Object(Illuminate\\Http\\Request), Object(Closure))
#26 D:\\SMT 6\\PPL\\clone ppl\\BojongStore\\vendor\\laravel\\framework\\src\\Illuminate\\Cookie\\Middleware\\EncryptCookies.php(74): Illuminate\\Pipeline\\Pipeline->Illuminate\\Pipeline\\{closure}(Object(Illuminate\\Http\\Request))
#27 D:\\SMT 6\\PPL\\clone ppl\\BojongStore\\vendor\\laravel\\framework\\src\\Illuminate\\Pipeline\\Pipeline.php(208): Illuminate\\Cookie\\Middleware\\EncryptCookies->handle(Object(Illuminate\\Http\\Request), Object(Closure))
#28 D:\\SMT 6\\PPL\\clone ppl\\BojongStore\\vendor\\laravel\\framework\\src\\Illuminate\\Pipeline\\Pipeline.php(126): Illuminate\\Pipeline\\Pipeline->Illuminate\\Pipeline\\{closure}(Object(Illuminate\\Http\\Request))
#29 D:\\SMT 6\\PPL\\clone ppl\\BojongStore\\vendor\\laravel\\framework\\src\\Illuminate\\Routing\\Router.php(807): Illuminate\\Pipeline\\Pipeline->then(Object(Closure))
#30 D:\\SMT 6\\PPL\\clone ppl\\BojongStore\\vendor\\laravel\\framework\\src\\Illuminate\\Routing\\Router.php(786): Illuminate\\Routing\\Router->runRouteWithinStack(Object(Illuminate\\Routing\\Route), Object(Illuminate\\Http\\Request))
#31 D:\\SMT 6\\PPL\\clone ppl\\BojongStore\\vendor\\laravel\\framework\\src\\Illuminate\\Routing\\Router.php(750): Illuminate\\Routing\\Router->runRoute(Object(Illuminate\\Http\\Request), Object(Illuminate\\Routing\\Route))
#32 D:\\SMT 6\\PPL\\clone ppl\\BojongStore\\vendor\\laravel\\framework\\src\\Illuminate\\Routing\\Router.php(739): Illuminate\\Routing\\Router->dispatchToRoute(Object(Illuminate\\Http\\Request))
#33 D:\\SMT 6\\PPL\\clone ppl\\BojongStore\\vendor\\laravel\\framework\\src\\Illuminate\\Foundation\\Http\\Kernel.php(200): Illuminate\\Routing\\Router->dispatch(Object(Illuminate\\Http\\Request))
#34 D:\\SMT 6\\PPL\\clone ppl\\BojongStore\\vendor\\laravel\\framework\\src\\Illuminate\\Pipeline\\Pipeline.php(169): Illuminate\\Foundation\\Http\\Kernel->Illuminate\\Foundation\\Http\\{closure}(Object(Illuminate\\Http\\Request))
#35 D:\\SMT 6\\PPL\\clone ppl\\BojongStore\\vendor\\laravel\\framework\\src\\Illuminate\\Foundation\\Http\\Middleware\\TransformsRequest.php(21): Illuminate\\Pipeline\\Pipeline->Illuminate\\Pipeline\\{closure}(Object(Illuminate\\Http\\Request))
#36 D:\\SMT 6\\PPL\\clone ppl\\BojongStore\\vendor\\laravel\\framework\\src\\Illuminate\\Foundation\\Http\\Middleware\\ConvertEmptyStringsToNull.php(31): Illuminate\\Foundation\\Http\\Middleware\\TransformsRequest->handle(Object(Illuminate\\Http\\Request), Object(Closure))
#37 D:\\SMT 6\\PPL\\clone ppl\\BojongStore\\vendor\\laravel\\framework\\src\\Illuminate\\Pipeline\\Pipeline.php(208): Illuminate\\Foundation\\Http\\Middleware\\ConvertEmptyStringsToNull->handle(Object(Illuminate\\Http\\Request), Object(Closure))
#38 D:\\SMT 6\\PPL\\clone ppl\\BojongStore\\vendor\\laravel\\framework\\src\\Illuminate\\Foundation\\Http\\Middleware\\TransformsRequest.php(21): Illuminate\\Pipeline\\Pipeline->Illuminate\\Pipeline\\{closure}(Object(Illuminate\\Http\\Request))
#39 D:\\SMT 6\\PPL\\clone ppl\\BojongStore\\vendor\\laravel\\framework\\src\\Illuminate\\Foundation\\Http\\Middleware\\TrimStrings.php(51): Illuminate\\Foundation\\Http\\Middleware\\TransformsRequest->handle(Object(Illuminate\\Http\\Request), Object(Closure))
#40 D:\\SMT 6\\PPL\\clone ppl\\BojongStore\\vendor\\laravel\\framework\\src\\Illuminate\\Pipeline\\Pipeline.php(208): Illuminate\\Foundation\\Http\\Middleware\\TrimStrings->handle(Object(Illuminate\\Http\\Request), Object(Closure))
#41 D:\\SMT 6\\PPL\\clone ppl\\BojongStore\\vendor\\laravel\\framework\\src\\Illuminate\\Http\\Middleware\\ValidatePostSize.php(27): Illuminate\\Pipeline\\Pipeline->Illuminate\\Pipeline\\{closure}(Object(Illuminate\\Http\\Request))
#42 D:\\SMT 6\\PPL\\clone ppl\\BojongStore\\vendor\\laravel\\framework\\src\\Illuminate\\Pipeline\\Pipeline.php(208): Illuminate\\Http\\Middleware\\ValidatePostSize->handle(Object(Illuminate\\Http\\Request), Object(Closure))
#43 D:\\SMT 6\\PPL\\clone ppl\\BojongStore\\vendor\\laravel\\framework\\src\\Illuminate\\Foundation\\Http\\Middleware\\PreventRequestsDuringMaintenance.php(109): Illuminate\\Pipeline\\Pipeline->Illuminate\\Pipeline\\{closure}(Object(Illuminate\\Http\\Request))
#44 D:\\SMT 6\\PPL\\clone ppl\\BojongStore\\vendor\\laravel\\framework\\src\\Illuminate\\Pipeline\\Pipeline.php(208): Illuminate\\Foundation\\Http\\Middleware\\PreventRequestsDuringMaintenance->handle(Object(Illuminate\\Http\\Request), Object(Closure))
#45 D:\\SMT 6\\PPL\\clone ppl\\BojongStore\\vendor\\laravel\\framework\\src\\Illuminate\\Http\\Middleware\\HandleCors.php(48): Illuminate\\Pipeline\\Pipeline->Illuminate\\Pipeline\\{closure}(Object(Illuminate\\Http\\Request))
#46 D:\\SMT 6\\PPL\\clone ppl\\BojongStore\\vendor\\laravel\\framework\\src\\Illuminate\\Pipeline\\Pipeline.php(208): Illuminate\\Http\\Middleware\\HandleCors->handle(Object(Illuminate\\Http\\Request), Object(Closure))
#47 D:\\SMT 6\\PPL\\clone ppl\\BojongStore\\vendor\\laravel\\framework\\src\\Illuminate\\Http\\Middleware\\TrustProxies.php(58): Illuminate\\Pipeline\\Pipeline->Illuminate\\Pipeline\\{closure}(Object(Illuminate\\Http\\Request))
#48 D:\\SMT 6\\PPL\\clone ppl\\BojongStore\\vendor\\laravel\\framework\\src\\Illuminate\\Pipeline\\Pipeline.php(208): Illuminate\\Http\\Middleware\\TrustProxies->handle(Object(Illuminate\\Http\\Request), Object(Closure))
#49 D:\\SMT 6\\PPL\\clone ppl\\BojongStore\\vendor\\laravel\\framework\\src\\Illuminate\\Foundation\\Http\\Middleware\\InvokeDeferredCallbacks.php(22): Illuminate\\Pipeline\\Pipeline->Illuminate\\Pipeline\\{closure}(Object(Illuminate\\Http\\Request))
#50 D:\\SMT 6\\PPL\\clone ppl\\BojongStore\\vendor\\laravel\\framework\\src\\Illuminate\\Pipeline\\Pipeline.php(208): Illuminate\\Foundation\\Http\\Middleware\\InvokeDeferredCallbacks->handle(Object(Illuminate\\Http\\Request), Object(Closure))
#51 D:\\SMT 6\\PPL\\clone ppl\\BojongStore\\vendor\\laravel\\framework\\src\\Illuminate\\Http\\Middleware\\ValidatePathEncoding.php(26): Illuminate\\Pipeline\\Pipeline->Illuminate\\Pipeline\\{closure}(Object(Illuminate\\Http\\Request))
#52 D:\\SMT 6\\PPL\\clone ppl\\BojongStore\\vendor\\laravel\\framework\\src\\Illuminate\\Pipeline\\Pipeline.php(208): Illuminate\\Http\\Middleware\\ValidatePathEncoding->handle(Object(Illuminate\\Http\\Request), Object(Closure))
#53 D:\\SMT 6\\PPL\\clone ppl\\BojongStore\\vendor\\laravel\\framework\\src\\Illuminate\\Pipeline\\Pipeline.php(126): Illuminate\\Pipeline\\Pipeline->Illuminate\\Pipeline\\{closure}(Object(Illuminate\\Http\\Request))
#54 D:\\SMT 6\\PPL\\clone ppl\\BojongStore\\vendor\\laravel\\framework\\src\\Illuminate\\Foundation\\Http\\Kernel.php(175): Illuminate\\Pipeline\\Pipeline->then(Object(Closure))
#55 D:\\SMT 6\\PPL\\clone ppl\\BojongStore\\vendor\\laravel\\framework\\src\\Illuminate\\Foundation\\Http\\Kernel.php(144): Illuminate\\Foundation\\Http\\Kernel->sendRequestThroughRouter(Object(Illuminate\\Http\\Request))
#56 D:\\SMT 6\\PPL\\clone ppl\\BojongStore\\vendor\\laravel\\framework\\src\\Illuminate\\Foundation\\Testing\\Concerns\\MakesHttpRequests.php(607): Illuminate\\Foundation\\Http\\Kernel->handle(Object(Illuminate\\Http\\Request))
#57 D:\\SMT 6\\PPL\\clone ppl\\BojongStore\\vendor\\laravel\\framework\\src\\Illuminate\\Foundation\\Testing\\Concerns\\MakesHttpRequests.php(368): Illuminate\\Foundation\\Testing\\TestCase->call('GET', '/reset-password...', Array, Array, Array, Array)
#58 D:\\SMT 6\\PPL\\clone ppl\\BojongStore\\tests\\Feature\\Auth\\PasswordResetTest.php(42): Illuminate\\Foundation\\Testing\\TestCase->get('/reset-password...')
#59 D:\\SMT 6\\PPL\\clone ppl\\BojongStore\\vendor\\laravel\\framework\\src\\Illuminate\\Support\\Testing\\Fakes\\NotificationFake.php(257): Tests\\Feature\\Auth\\PasswordResetTest->Tests\\Feature\\Auth\\{closure}(Object(Illuminate\\Auth\\Notifications\\ResetPassword), Array, Object(App\\Models\\User), NULL)
#60 [internal function]: Illuminate\\Support\\Testing\\Fakes\\NotificationFake->Illuminate\\Support\\Testing\\Fakes\\{closure}(Array, 0)
#61 D:\\SMT 6\\PPL\\clone ppl\\BojongStore\\vendor\\laravel\\framework\\src\\Illuminate\\Collections\\Arr.php(1114): array_filter(Array, Object(Closure), 1)
#62 D:\\SMT 6\\PPL\\clone ppl\\BojongStore\\vendor\\laravel\\framework\\src\\Illuminate\\Collections\\Collection.php(400): Illuminate\\Support\\Arr::where(Array, Object(Closure))
#63 D:\\SMT 6\\PPL\\clone ppl\\BojongStore\\vendor\\laravel\\framework\\src\\Illuminate\\Support\\Testing\\Fakes\\NotificationFake.php(256): Illuminate\\Support\\Collection->filter(Object(Closure))
#64 D:\\SMT 6\\PPL\\clone ppl\\BojongStore\\vendor\\laravel\\framework\\src\\Illuminate\\Support\\Testing\\Fakes\\NotificationFake.php(90): Illuminate\\Support\\Testing\\Fakes\\NotificationFake->sent(Object(App\\Models\\User), 'Illuminate\\\\Auth...', Object(Closure))
#65 D:\\SMT 6\\PPL\\clone ppl\\BojongStore\\vendor\\laravel\\framework\\src\\Illuminate\\Support\\Facades\\Facade.php(361): Illuminate\\Support\\Testing\\Fakes\\NotificationFake->assertSentTo(Object(App\\Models\\User), 'Illuminate\\\\Auth...', Object(Closure))
#66 D:\\SMT 6\\PPL\\clone ppl\\BojongStore\\tests\\Feature\\Auth\\PasswordResetTest.php(41): Illuminate\\Support\\Facades\\Facade::__callStatic('assertSentTo', Array)
#67 D:\\SMT 6\\PPL\\clone ppl\\BojongStore\\vendor\\phpunit\\phpunit\\src\\Framework\\TestCase.php(1656): Tests\\Feature\\Auth\\PasswordResetTest->test_reset_password_screen_can_be_rendered()
#68 D:\\SMT 6\\PPL\\clone ppl\\BojongStore\\vendor\\phpunit\\phpunit\\src\\Framework\\TestCase.php(514): PHPUnit\\Framework\\TestCase->runTest()
#69 D:\\SMT 6\\PPL\\clone ppl\\BojongStore\\vendor\\phpunit\\phpunit\\src\\Framework\\TestRunner\\TestRunner.php(87): PHPUnit\\Framework\\TestCase->runBare()
#70 D:\\SMT 6\\PPL\\clone ppl\\BojongStore\\vendor\\phpunit\\phpunit\\src\\Framework\\TestCase.php(361): PHPUnit\\Framework\\TestRunner->run(Object(Tests\\Feature\\Auth\\PasswordResetTest))
#71 D:\\SMT 6\\PPL\\clone ppl\\BojongStore\\vendor\\phpunit\\phpunit\\src\\Framework\\TestSuite.php(369): PHPUnit\\Framework\\TestCase->run()
#72 D:\\SMT 6\\PPL\\clone ppl\\BojongStore\\vendor\\phpunit\\phpunit\\src\\Framework\\TestSuite.php(369): PHPUnit\\Framework\\TestSuite->run()
#73 D:\\SMT 6\\PPL\\clone ppl\\BojongStore\\vendor\\phpunit\\phpunit\\src\\Framework\\TestSuite.php(369): PHPUnit\\Framework\\TestSuite->run()
#74 D:\\SMT 6\\PPL\\clone ppl\\BojongStore\\vendor\\phpunit\\phpunit\\src\\TextUI\\TestRunner.php(64): PHPUnit\\Framework\\TestSuite->run()
#75 D:\\SMT 6\\PPL\\clone ppl\\BojongStore\\vendor\\phpunit\\phpunit\\src\\TextUI\\Application.php(210): PHPUnit\\TextUI\\TestRunner->run(Object(PHPUnit\\TextUI\\Configuration\\Configuration), Object(PHPUnit\\Runner\\ResultCache\\DefaultResultCache), Object(PHPUnit\\Framework\\TestSuite))
#76 D:\\SMT 6\\PPL\\clone ppl\\BojongStore\\vendor\\phpunit\\phpunit\\phpunit(104): PHPUnit\\TextUI\\Application->run(Array)
#77 {main}

[previous exception] [object] (InvalidArgumentException(code: 0): View [layouts.guest] not found. at D:\\SMT 6\\PPL\\clone ppl\\BojongStore\\vendor\\laravel\\framework\\src\\Illuminate\\View\\FileViewFinder.php:138)
[stacktrace]
#0 D:\\SMT 6\\PPL\\clone ppl\\BojongStore\\vendor\\laravel\\framework\\src\\Illuminate\\View\\FileViewFinder.php(78): Illuminate\\View\\FileViewFinder->findInPaths('layouts.guest', Array)
#1 D:\\SMT 6\\PPL\\clone ppl\\BojongStore\\vendor\\laravel\\framework\\src\\Illuminate\\View\\Factory.php(150): Illuminate\\View\\FileViewFinder->find('layouts.guest')
#2 D:\\SMT 6\\PPL\\clone ppl\\BojongStore\\vendor\\laravel\\framework\\src\\Illuminate\\Foundation\\helpers.php(1079): Illuminate\\View\\Factory->make('layouts.guest', Array, Array)
#3 D:\\SMT 6\\PPL\\clone ppl\\BojongStore\\app\\View\\Components\\GuestLayout.php(15): view('layouts.guest')
#4 D:\\SMT 6\\PPL\\clone ppl\\BojongStore\\vendor\\laravel\\framework\\src\\Illuminate\\View\\Component.php(143): App\\View\\Components\\GuestLayout->render()
#5 D:\\SMT 6\\PPL\\clone ppl\\BojongStore\\storage\\framework\\views\\20bb65f2daa54cad4a4ee34656a2b5b5.php(6): Illuminate\\View\\Component->resolveView()
#6 D:\\SMT 6\\PPL\\clone ppl\\BojongStore\\vendor\\laravel\\framework\\src\\Illuminate\\Filesystem\\Filesystem.php(123): require('D:\\\\SMT 6\\\\PPL\\\\cl...')
#7 D:\\SMT 6\\PPL\\clone ppl\\BojongStore\\vendor\\laravel\\framework\\src\\Illuminate\\Filesystem\\Filesystem.php(124): Illuminate\\Filesystem\\Filesystem::Illuminate\\Filesystem\\{closure}()
#8 D:\\SMT 6\\PPL\\clone ppl\\BojongStore\\vendor\\laravel\\framework\\src\\Illuminate\\View\\Engines\\PhpEngine.php(57): Illuminate\\Filesystem\\Filesystem->getRequire('D:\\\\SMT 6\\\\PPL\\\\cl...', Array)
#9 D:\\SMT 6\\PPL\\clone ppl\\BojongStore\\vendor\\laravel\\framework\\src\\Illuminate\\View\\Engines\\CompilerEngine.php(74): Illuminate\\View\\Engines\\PhpEngine->evaluatePath('D:\\\\SMT 6\\\\PPL\\\\cl...', Array)
#10 D:\\SMT 6\\PPL\\clone ppl\\BojongStore\\vendor\\laravel\\framework\\src\\Illuminate\\View\\View.php(208): Illuminate\\View\\Engines\\CompilerEngine->get('D:\\\\SMT 6\\\\PPL\\\\cl...', Array)
#11 D:\\SMT 6\\PPL\\clone ppl\\BojongStore\\vendor\\laravel\\framework\\src\\Illuminate\\View\\View.php(191): Illuminate\\View\\View->getContents()
#12 D:\\SMT 6\\PPL\\clone ppl\\BojongStore\\vendor\\laravel\\framework\\src\\Illuminate\\View\\View.php(160): Illuminate\\View\\View->renderContents()
#13 D:\\SMT 6\\PPL\\clone ppl\\BojongStore\\vendor\\laravel\\framework\\src\\Illuminate\\Http\\Response.php(78): Illuminate\\View\\View->render()
#14 D:\\SMT 6\\PPL\\clone ppl\\BojongStore\\vendor\\laravel\\framework\\src\\Illuminate\\Http\\Response.php(34): Illuminate\\Http\\Response->setContent(Object(Illuminate\\View\\View))
#15 D:\\SMT 6\\PPL\\clone ppl\\BojongStore\\vendor\\laravel\\framework\\src\\Illuminate\\Routing\\Router.php(924): Illuminate\\Http\\Response->__construct(Object(Illuminate\\View\\View), 200, Array)
#16 D:\\SMT 6\\PPL\\clone ppl\\BojongStore\\vendor\\laravel\\framework\\src\\Illuminate\\Routing\\Router.php(891): Illuminate\\Routing\\Router::toResponse(Object(Illuminate\\Http\\Request), Object(Illuminate\\View\\View))
#17 D:\\SMT 6\\PPL\\clone ppl\\BojongStore\\vendor\\laravel\\framework\\src\\Illuminate\\Routing\\Router.php(807): Illuminate\\Routing\\Router->prepareResponse(Object(Illuminate\\Http\\Request), Object(Illuminate\\View\\View))
#18 D:\\SMT 6\\PPL\\clone ppl\\BojongStore\\vendor\\laravel\\framework\\src\\Illuminate\\Pipeline\\Pipeline.php(169): Illuminate\\Routing\\Router->Illuminate\\Routing\\{closure}(Object(Illuminate\\Http\\Request))
#19 D:\\SMT 6\\PPL\\clone ppl\\BojongStore\\vendor\\laravel\\framework\\src\\Illuminate\\Auth\\Middleware\\RedirectIfAuthenticated.php(35): Illuminate\\Pipeline\\Pipeline->Illuminate\\Pipeline\\{closure}(Object(Illuminate\\Http\\Request))
#20 D:\\SMT 6\\PPL\\clone ppl\\BojongStore\\vendor\\laravel\\framework\\src\\Illuminate\\Pipeline\\Pipeline.php(208): Illuminate\\Auth\\Middleware\\RedirectIfAuthenticated->handle(Object(Illuminate\\Http\\Request), Object(Closure))
#21 D:\\SMT 6\\PPL\\clone ppl\\BojongStore\\app\\Http\\Middleware\\LogVisitor.php(36): Illuminate\\Pipeline\\Pipeline->Illuminate\\Pipeline\\{closure}(Object(Illuminate\\Http\\Request))
#22 D:\\SMT 6\\PPL\\clone ppl\\BojongStore\\vendor\\laravel\\framework\\src\\Illuminate\\Pipeline\\Pipeline.php(208): App\\Http\\Middleware\\LogVisitor->handle(Object(Illuminate\\Http\\Request), Object(Closure))
#23 D:\\SMT 6\\PPL\\clone ppl\\BojongStore\\vendor\\laravel\\framework\\src\\Illuminate\\Routing\\Middleware\\SubstituteBindings.php(50): Illuminate\\Pipeline\\Pipeline->Illuminate\\Pipeline\\{closure}(Object(Illuminate\\Http\\Request))
#24 D:\\SMT 6\\PPL\\clone ppl\\BojongStore\\vendor\\laravel\\framework\\src\\Illuminate\\Pipeline\\Pipeline.php(208): Illuminate\\Routing\\Middleware\\SubstituteBindings->handle(Object(Illuminate\\Http\\Request), Object(Closure))
#25 D:\\SMT 6\\PPL\\clone ppl\\BojongStore\\vendor\\laravel\\framework\\src\\Illuminate\\Foundation\\Http\\Middleware\\VerifyCsrfToken.php(87): Illuminate\\Pipeline\\Pipeline->Illuminate\\Pipeline\\{closure}(Object(Illuminate\\Http\\Request))
#26 D:\\SMT 6\\PPL\\clone ppl\\BojongStore\\vendor\\laravel\\framework\\src\\Illuminate\\Pipeline\\Pipeline.php(208): Illuminate\\Foundation\\Http\\Middleware\\VerifyCsrfToken->handle(Object(Illuminate\\Http\\Request), Object(Closure))
#27 D:\\SMT 6\\PPL\\clone ppl\\BojongStore\\vendor\\laravel\\framework\\src\\Illuminate\\View\\Middleware\\ShareErrorsFromSession.php(48): Illuminate\\Pipeline\\Pipeline->Illuminate\\Pipeline\\{closure}(Object(Illuminate\\Http\\Request))
#28 D:\\SMT 6\\PPL\\clone ppl\\BojongStore\\vendor\\laravel\\framework\\src\\Illuminate\\Pipeline\\Pipeline.php(208): Illuminate\\View\\Middleware\\ShareErrorsFromSession->handle(Object(Illuminate\\Http\\Request), Object(Closure))
#29 D:\\SMT 6\\PPL\\clone ppl\\BojongStore\\vendor\\laravel\\framework\\src\\Illuminate\\Session\\Middleware\\StartSession.php(120): Illuminate\\Pipeline\\Pipeline->Illuminate\\Pipeline\\{closure}(Object(Illuminate\\Http\\Request))
#30 D:\\SMT 6\\PPL\\clone ppl\\BojongStore\\vendor\\laravel\\framework\\src\\Illuminate\\Session\\Middleware\\StartSession.php(63): Illuminate\\Session\\Middleware\\StartSession->handleStatefulRequest(Object(Illuminate\\Http\\Request), Object(Illuminate\\Session\\Store), Object(Closure))
#31 D:\\SMT 6\\PPL\\clone ppl\\BojongStore\\vendor\\laravel\\framework\\src\\Illuminate\\Pipeline\\Pipeline.php(208): Illuminate\\Session\\Middleware\\StartSession->handle(Object(Illuminate\\Http\\Request), Object(Closure))
#32 D:\\SMT 6\\PPL\\clone ppl\\BojongStore\\vendor\\laravel\\framework\\src\\Illuminate\\Cookie\\Middleware\\AddQueuedCookiesToResponse.php(36): Illuminate\\Pipeline\\Pipeline->Illuminate\\Pipeline\\{closure}(Object(Illuminate\\Http\\Request))
#33 D:\\SMT 6\\PPL\\clone ppl\\BojongStore\\vendor\\laravel\\framework\\src\\Illuminate\\Pipeline\\Pipeline.php(208): Illuminate\\Cookie\\Middleware\\AddQueuedCookiesToResponse->handle(Object(Illuminate\\Http\\Request), Object(Closure))
#34 D:\\SMT 6\\PPL\\clone ppl\\BojongStore\\vendor\\laravel\\framework\\src\\Illuminate\\Cookie\\Middleware\\EncryptCookies.php(74): Illuminate\\Pipeline\\Pipeline->Illuminate\\Pipeline\\{closure}(Object(Illuminate\\Http\\Request))
#35 D:\\SMT 6\\PPL\\clone ppl\\BojongStore\\vendor\\laravel\\framework\\src\\Illuminate\\Pipeline\\Pipeline.php(208): Illuminate\\Cookie\\Middleware\\EncryptCookies->handle(Object(Illuminate\\Http\\Request), Object(Closure))
#36 D:\\SMT 6\\PPL\\clone ppl\\BojongStore\\vendor\\laravel\\framework\\src\\Illuminate\\Pipeline\\Pipeline.php(126): Illuminate\\Pipeline\\Pipeline->Illuminate\\Pipeline\\{closure}(Object(Illuminate\\Http\\Request))
#37 D:\\SMT 6\\PPL\\clone ppl\\BojongStore\\vendor\\laravel\\framework\\src\\Illuminate\\Routing\\Router.php(807): Illuminate\\Pipeline\\Pipeline->then(Object(Closure))
#38 D:\\SMT 6\\PPL\\clone ppl\\BojongStore\\vendor\\laravel\\framework\\src\\Illuminate\\Routing\\Router.php(786): Illuminate\\Routing\\Router->runRouteWithinStack(Object(Illuminate\\Routing\\Route), Object(Illuminate\\Http\\Request))
#39 D:\\SMT 6\\PPL\\clone ppl\\BojongStore\\vendor\\laravel\\framework\\src\\Illuminate\\Routing\\Router.php(750): Illuminate\\Routing\\Router->runRoute(Object(Illuminate\\Http\\Request), Object(Illuminate\\Routing\\Route))
#40 D:\\SMT 6\\PPL\\clone ppl\\BojongStore\\vendor\\laravel\\framework\\src\\Illuminate\\Routing\\Router.php(739): Illuminate\\Routing\\Router->dispatchToRoute(Object(Illuminate\\Http\\Request))
#41 D:\\SMT 6\\PPL\\clone ppl\\BojongStore\\vendor\\laravel\\framework\\src\\Illuminate\\Foundation\\Http\\Kernel.php(200): Illuminate\\Routing\\Router->dispatch(Object(Illuminate\\Http\\Request))
#42 D:\\SMT 6\\PPL\\clone ppl\\BojongStore\\vendor\\laravel\\framework\\src\\Illuminate\\Pipeline\\Pipeline.php(169): Illuminate\\Foundation\\Http\\Kernel->Illuminate\\Foundation\\Http\\{closure}(Object(Illuminate\\Http\\Request))
#43 D:\\SMT 6\\PPL\\clone ppl\\BojongStore\\vendor\\laravel\\framework\\src\\Illuminate\\Foundation\\Http\\Middleware\\TransformsRequest.php(21): Illuminate\\Pipeline\\Pipeline->Illuminate\\Pipeline\\{closure}(Object(Illuminate\\Http\\Request))
#44 D:\\SMT 6\\PPL\\clone ppl\\BojongStore\\vendor\\laravel\\framework\\src\\Illuminate\\Foundation\\Http\\Middleware\\ConvertEmptyStringsToNull.php(31): Illuminate\\Foundation\\Http\\Middleware\\TransformsRequest->handle(Object(Illuminate\\Http\\Request), Object(Closure))
#45 D:\\SMT 6\\PPL\\clone ppl\\BojongStore\\vendor\\laravel\\framework\\src\\Illuminate\\Pipeline\\Pipeline.php(208): Illuminate\\Foundation\\Http\\Middleware\\ConvertEmptyStringsToNull->handle(Object(Illuminate\\Http\\Request), Object(Closure))
#46 D:\\SMT 6\\PPL\\clone ppl\\BojongStore\\vendor\\laravel\\framework\\src\\Illuminate\\Foundation\\Http\\Middleware\\TransformsRequest.php(21): Illuminate\\Pipeline\\Pipeline->Illuminate\\Pipeline\\{closure}(Object(Illuminate\\Http\\Request))
#47 D:\\SMT 6\\PPL\\clone ppl\\BojongStore\\vendor\\laravel\\framework\\src\\Illuminate\\Foundation\\Http\\Middleware\\TrimStrings.php(51): Illuminate\\Foundation\\Http\\Middleware\\TransformsRequest->handle(Object(Illuminate\\Http\\Request), Object(Closure))
#48 D:\\SMT 6\\PPL\\clone ppl\\BojongStore\\vendor\\laravel\\framework\\src\\Illuminate\\Pipeline\\Pipeline.php(208): Illuminate\\Foundation\\Http\\Middleware\\TrimStrings->handle(Object(Illuminate\\Http\\Request), Object(Closure))
#49 D:\\SMT 6\\PPL\\clone ppl\\BojongStore\\vendor\\laravel\\framework\\src\\Illuminate\\Http\\Middleware\\ValidatePostSize.php(27): Illuminate\\Pipeline\\Pipeline->Illuminate\\Pipeline\\{closure}(Object(Illuminate\\Http\\Request))
#50 D:\\SMT 6\\PPL\\clone ppl\\BojongStore\\vendor\\laravel\\framework\\src\\Illuminate\\Pipeline\\Pipeline.php(208): Illuminate\\Http\\Middleware\\ValidatePostSize->handle(Object(Illuminate\\Http\\Request), Object(Closure))
#51 D:\\SMT 6\\PPL\\clone ppl\\BojongStore\\vendor\\laravel\\framework\\src\\Illuminate\\Foundation\\Http\\Middleware\\PreventRequestsDuringMaintenance.php(109): Illuminate\\Pipeline\\Pipeline->Illuminate\\Pipeline\\{closure}(Object(Illuminate\\Http\\Request))
#52 D:\\SMT 6\\PPL\\clone ppl\\BojongStore\\vendor\\laravel\\framework\\src\\Illuminate\\Pipeline\\Pipeline.php(208): Illuminate\\Foundation\\Http\\Middleware\\PreventRequestsDuringMaintenance->handle(Object(Illuminate\\Http\\Request), Object(Closure))
#53 D:\\SMT 6\\PPL\\clone ppl\\BojongStore\\vendor\\laravel\\framework\\src\\Illuminate\\Http\\Middleware\\HandleCors.php(48): Illuminate\\Pipeline\\Pipeline->Illuminate\\Pipeline\\{closure}(Object(Illuminate\\Http\\Request))
#54 D:\\SMT 6\\PPL\\clone ppl\\BojongStore\\vendor\\laravel\\framework\\src\\Illuminate\\Pipeline\\Pipeline.php(208): Illuminate\\Http\\Middleware\\HandleCors->handle(Object(Illuminate\\Http\\Request), Object(Closure))
#55 D:\\SMT 6\\PPL\\clone ppl\\BojongStore\\vendor\\laravel\\framework\\src\\Illuminate\\Http\\Middleware\\TrustProxies.php(58): Illuminate\\Pipeline\\Pipeline->Illuminate\\Pipeline\\{closure}(Object(Illuminate\\Http\\Request))
#56 D:\\SMT 6\\PPL\\clone ppl\\BojongStore\\vendor\\laravel\\framework\\src\\Illuminate\\Pipeline\\Pipeline.php(208): Illuminate\\Http\\Middleware\\TrustProxies->handle(Object(Illuminate\\Http\\Request), Object(Closure))
#57 D:\\SMT 6\\PPL\\clone ppl\\BojongStore\\vendor\\laravel\\framework\\src\\Illuminate\\Foundation\\Http\\Middleware\\InvokeDeferredCallbacks.php(22): Illuminate\\Pipeline\\Pipeline->Illuminate\\Pipeline\\{closure}(Object(Illuminate\\Http\\Request))
#58 D:\\SMT 6\\PPL\\clone ppl\\BojongStore\\vendor\\laravel\\framework\\src\\Illuminate\\Pipeline\\Pipeline.php(208): Illuminate\\Foundation\\Http\\Middleware\\InvokeDeferredCallbacks->handle(Object(Illuminate\\Http\\Request), Object(Closure))
#59 D:\\SMT 6\\PPL\\clone ppl\\BojongStore\\vendor\\laravel\\framework\\src\\Illuminate\\Http\\Middleware\\ValidatePathEncoding.php(26): Illuminate\\Pipeline\\Pipeline->Illuminate\\Pipeline\\{closure}(Object(Illuminate\\Http\\Request))
#60 D:\\SMT 6\\PPL\\clone ppl\\BojongStore\\vendor\\laravel\\framework\\src\\Illuminate\\Pipeline\\Pipeline.php(208): Illuminate\\Http\\Middleware\\ValidatePathEncoding->handle(Object(Illuminate\\Http\\Request), Object(Closure))
#61 D:\\SMT 6\\PPL\\clone ppl\\BojongStore\\vendor\\laravel\\framework\\src\\Illuminate\\Pipeline\\Pipeline.php(126): Illuminate\\Pipeline\\Pipeline->Illuminate\\Pipeline\\{closure}(Object(Illuminate\\Http\\Request))
#62 D:\\SMT 6\\PPL\\clone ppl\\BojongStore\\vendor\\laravel\\framework\\src\\Illuminate\\Foundation\\Http\\Kernel.php(175): Illuminate\\Pipeline\\Pipeline->then(Object(Closure))
#63 D:\\SMT 6\\PPL\\clone ppl\\BojongStore\\vendor\\laravel\\framework\\src\\Illuminate\\Foundation\\Http\\Kernel.php(144): Illuminate\\Foundation\\Http\\Kernel->sendRequestThroughRouter(Object(Illuminate\\Http\\Request))
#64 D:\\SMT 6\\PPL\\clone ppl\\BojongStore\\vendor\\laravel\\framework\\src\\Illuminate\\Foundation\\Testing\\Concerns\\MakesHttpRequests.php(607): Illuminate\\Foundation\\Http\\Kernel->handle(Object(Illuminate\\Http\\Request))
#65 D:\\SMT 6\\PPL\\clone ppl\\BojongStore\\vendor\\laravel\\framework\\src\\Illuminate\\Foundation\\Testing\\Concerns\\MakesHttpRequests.php(368): Illuminate\\Foundation\\Testing\\TestCase->call('GET', '/reset-password...', Array, Array, Array, Array)
#66 D:\\SMT 6\\PPL\\clone ppl\\BojongStore\\tests\\Feature\\Auth\\PasswordResetTest.php(42): Illuminate\\Foundation\\Testing\\TestCase->get('/reset-password...')
#67 D:\\SMT 6\\PPL\\clone ppl\\BojongStore\\vendor\\laravel\\framework\\src\\Illuminate\\Support\\Testing\\Fakes\\NotificationFake.php(257): Tests\\Feature\\Auth\\PasswordResetTest->Tests\\Feature\\Auth\\{closure}(Object(Illuminate\\Auth\\Notifications\\ResetPassword), Array, Object(App\\Models\\User), NULL)
#68 [internal function]: Illuminate\\Support\\Testing\\Fakes\\NotificationFake->Illuminate\\Support\\Testing\\Fakes\\{closure}(Array, 0)
#69 D:\\SMT 6\\PPL\\clone ppl\\BojongStore\\vendor\\laravel\\framework\\src\\Illuminate\\Collections\\Arr.php(1114): array_filter(Array, Object(Closure), 1)
#70 D:\\SMT 6\\PPL\\clone ppl\\BojongStore\\vendor\\laravel\\framework\\src\\Illuminate\\Collections\\Collection.php(400): Illuminate\\Support\\Arr::where(Array, Object(Closure))
#71 D:\\SMT 6\\PPL\\clone ppl\\BojongStore\\vendor\\laravel\\framework\\src\\Illuminate\\Support\\Testing\\Fakes\\NotificationFake.php(256): Illuminate\\Support\\Collection->filter(Object(Closure))
#72 D:\\SMT 6\\PPL\\clone ppl\\BojongStore\\vendor\\laravel\\framework\\src\\Illuminate\\Support\\Testing\\Fakes\\NotificationFake.php(90): Illuminate\\Support\\Testing\\Fakes\\NotificationFake->sent(Object(App\\Models\\User), 'Illuminate\\\\Auth...', Object(Closure))
#73 D:\\SMT 6\\PPL\\clone ppl\\BojongStore\\vendor\\laravel\\framework\\src\\Illuminate\\Support\\Facades\\Facade.php(361): Illuminate\\Support\\Testing\\Fakes\\NotificationFake->assertSentTo(Object(App\\Models\\User), 'Illuminate\\\\Auth...', Object(Closure))
#74 D:\\SMT 6\\PPL\\clone ppl\\BojongStore\\tests\\Feature\\Auth\\PasswordResetTest.php(41): Illuminate\\Support\\Facades\\Facade::__callStatic('assertSentTo', Array)
#75 D:\\SMT 6\\PPL\\clone ppl\\BojongStore\\vendor\\phpunit\\phpunit\\src\\Framework\\TestCase.php(1656): Tests\\Feature\\Auth\\PasswordResetTest->test_reset_password_screen_can_be_rendered()
#76 D:\\SMT 6\\PPL\\clone ppl\\BojongStore\\vendor\\phpunit\\phpunit\\src\\Framework\\TestCase.php(514): PHPUnit\\Framework\\TestCase->runTest()
#77 D:\\SMT 6\\PPL\\clone ppl\\BojongStore\\vendor\\phpunit\\phpunit\\src\\Framework\\TestRunner\\TestRunner.php(87): PHPUnit\\Framework\\TestCase->runBare()
#78 D:\\SMT 6\\PPL\\clone ppl\\BojongStore\\vendor\\phpunit\\phpunit\\src\\Framework\\TestCase.php(361): PHPUnit\\Framework\\TestRunner->run(Object(Tests\\Feature\\Auth\\PasswordResetTest))
#79 D:\\SMT 6\\PPL\\clone ppl\\BojongStore\\vendor\\phpunit\\phpunit\\src\\Framework\\TestSuite.php(369): PHPUnit\\Framework\\TestCase->run()
#80 D:\\SMT 6\\PPL\\clone ppl\\BojongStore\\vendor\\phpunit\\phpunit\\src\\Framework\\TestSuite.php(369): PHPUnit\\Framework\\TestSuite->run()
#81 D:\\SMT 6\\PPL\\clone ppl\\BojongStore\\vendor\\phpunit\\phpunit\\src\\Framework\\TestSuite.php(369): PHPUnit\\Framework\\TestSuite->run()
#82 D:\\SMT 6\\PPL\\clone ppl\\BojongStore\\vendor\\phpunit\\phpunit\\src\\TextUI\\TestRunner.php(64): PHPUnit\\Framework\\TestSuite->run()
#83 D:\\SMT 6\\PPL\\clone ppl\\BojongStore\\vendor\\phpunit\\phpunit\\src\\TextUI\\Application.php(210): PHPUnit\\TextUI\\TestRunner->run(Object(PHPUnit\\TextUI\\Configuration\\Configuration), Object(PHPUnit\\Runner\\ResultCache\\DefaultResultCache), Object(PHPUnit\\Framework\\TestSuite))
#84 D:\\SMT 6\\PPL\\clone ppl\\BojongStore\\vendor\\phpunit\\phpunit\\phpunit(104): PHPUnit\\TextUI\\Application->run(Array)
#85 {main}
"} 
[2026-06-03 10:49:45] testing.ERROR: SQLSTATE[HY000]: General error: 1 no such table: products (Connection: sqlite, SQL: select * from "products" order by "views" desc limit 1) {"exception":"[object] (Illuminate\\Database\\QueryException(code: HY000): SQLSTATE[HY000]: General error: 1 no such table: products (Connection: sqlite, SQL: select * from \"products\" order by \"views\" desc limit 1) at D:\\SMT 6\\PPL\\clone ppl\\BojongStore\\vendor\\laravel\\framework\\src\\Illuminate\\Database\\Connection.php:822)
[stacktrace]
#0 D:\\SMT 6\\PPL\\clone ppl\\BojongStore\\vendor\\laravel\\framework\\src\\Illuminate\\Database\\Connection.php(776): Illuminate\\Database\\Connection->runQueryCallback('select * from \"...', Array, Object(Closure))
#1 D:\\SMT 6\\PPL\\clone ppl\\BojongStore\\vendor\\laravel\\framework\\src\\Illuminate\\Database\\Connection.php(395): Illuminate\\Database\\Connection->run('select * from \"...', Array, Object(Closure))
#2 D:\\SMT 6\\PPL\\clone ppl\\BojongStore\\vendor\\laravel\\framework\\src\\Illuminate\\Database\\Query\\Builder.php(3131): Illuminate\\Database\\Connection->select('select * from \"...', Array, true)
#3 D:\\SMT 6\\PPL\\clone ppl\\BojongStore\\vendor\\laravel\\framework\\src\\Illuminate\\Database\\Query\\Builder.php(3116): Illuminate\\Database\\Query\\Builder->runSelect()
#4 D:\\SMT 6\\PPL\\clone ppl\\BojongStore\\vendor\\laravel\\framework\\src\\Illuminate\\Database\\Query\\Builder.php(3706): Illuminate\\Database\\Query\\Builder->Illuminate\\Database\\Query\\{closure}()
#5 D:\\SMT 6\\PPL\\clone ppl\\BojongStore\\vendor\\laravel\\framework\\src\\Illuminate\\Database\\Query\\Builder.php(3115): Illuminate\\Database\\Query\\Builder->onceWithColumns(Array, Object(Closure))
#6 D:\\SMT 6\\PPL\\clone ppl\\BojongStore\\vendor\\laravel\\framework\\src\\Illuminate\\Database\\Eloquent\\Builder.php(872): Illuminate\\Database\\Query\\Builder->get(Array)
#7 D:\\SMT 6\\PPL\\clone ppl\\BojongStore\\vendor\\laravel\\framework\\src\\Illuminate\\Database\\Eloquent\\Builder.php(854): Illuminate\\Database\\Eloquent\\Builder->getModels(Array)
#8 D:\\SMT 6\\PPL\\clone ppl\\BojongStore\\vendor\\laravel\\framework\\src\\Illuminate\\Database\\Concerns\\BuildsQueries.php(366): Illuminate\\Database\\Eloquent\\Builder->get(Array)
#9 D:\\SMT 6\\PPL\\clone ppl\\BojongStore\\routes\\web.php(18): Illuminate\\Database\\Eloquent\\Builder->first()
#10 D:\\SMT 6\\PPL\\clone ppl\\BojongStore\\vendor\\laravel\\framework\\src\\Illuminate\\Routing\\CallableDispatcher.php(39): Illuminate\\Routing\\RouteFileRegistrar->{closure}()
#11 D:\\SMT 6\\PPL\\clone ppl\\BojongStore\\vendor\\laravel\\framework\\src\\Illuminate\\Routing\\Route.php(243): Illuminate\\Routing\\CallableDispatcher->dispatch(Object(Illuminate\\Routing\\Route), Object(Closure))
#12 D:\\SMT 6\\PPL\\clone ppl\\BojongStore\\vendor\\laravel\\framework\\src\\Illuminate\\Routing\\Route.php(214): Illuminate\\Routing\\Route->runCallable()
#13 D:\\SMT 6\\PPL\\clone ppl\\BojongStore\\vendor\\laravel\\framework\\src\\Illuminate\\Routing\\Router.php(808): Illuminate\\Routing\\Route->run()
#14 D:\\SMT 6\\PPL\\clone ppl\\BojongStore\\vendor\\laravel\\framework\\src\\Illuminate\\Pipeline\\Pipeline.php(169): Illuminate\\Routing\\Router->Illuminate\\Routing\\{closure}(Object(Illuminate\\Http\\Request))
#15 D:\\SMT 6\\PPL\\clone ppl\\BojongStore\\app\\Http\\Middleware\\LogVisitor.php(36): Illuminate\\Pipeline\\Pipeline->Illuminate\\Pipeline\\{closure}(Object(Illuminate\\Http\\Request))
#16 D:\\SMT 6\\PPL\\clone ppl\\BojongStore\\vendor\\laravel\\framework\\src\\Illuminate\\Pipeline\\Pipeline.php(208): App\\Http\\Middleware\\LogVisitor->handle(Object(Illuminate\\Http\\Request), Object(Closure))
#17 D:\\SMT 6\\PPL\\clone ppl\\BojongStore\\vendor\\laravel\\framework\\src\\Illuminate\\Routing\\Middleware\\SubstituteBindings.php(50): Illuminate\\Pipeline\\Pipeline->Illuminate\\Pipeline\\{closure}(Object(Illuminate\\Http\\Request))
#18 D:\\SMT 6\\PPL\\clone ppl\\BojongStore\\vendor\\laravel\\framework\\src\\Illuminate\\Pipeline\\Pipeline.php(208): Illuminate\\Routing\\Middleware\\SubstituteBindings->handle(Object(Illuminate\\Http\\Request), Object(Closure))
#19 D:\\SMT 6\\PPL\\clone ppl\\BojongStore\\vendor\\laravel\\framework\\src\\Illuminate\\Foundation\\Http\\Middleware\\VerifyCsrfToken.php(87): Illuminate\\Pipeline\\Pipeline->Illuminate\\Pipeline\\{closure}(Object(Illuminate\\Http\\Request))
#20 D:\\SMT 6\\PPL\\clone ppl\\BojongStore\\vendor\\laravel\\framework\\src\\Illuminate\\Pipeline\\Pipeline.php(208): Illuminate\\Foundation\\Http\\Middleware\\VerifyCsrfToken->handle(Object(Illuminate\\Http\\Request), Object(Closure))
#21 D:\\SMT 6\\PPL\\clone ppl\\BojongStore\\vendor\\laravel\\framework\\src\\Illuminate\\View\\Middleware\\ShareErrorsFromSession.php(48): Illuminate\\Pipeline\\Pipeline->Illuminate\\Pipeline\\{closure}(Object(Illuminate\\Http\\Request))
#22 D:\\SMT 6\\PPL\\clone ppl\\BojongStore\\vendor\\laravel\\framework\\src\\Illuminate\\Pipeline\\Pipeline.php(208): Illuminate\\View\\Middleware\\ShareErrorsFromSession->handle(Object(Illuminate\\Http\\Request), Object(Closure))
#23 D:\\SMT 6\\PPL\\clone ppl\\BojongStore\\vendor\\laravel\\framework\\src\\Illuminate\\Session\\Middleware\\StartSession.php(120): Illuminate\\Pipeline\\Pipeline->Illuminate\\Pipeline\\{closure}(Object(Illuminate\\Http\\Request))
#24 D:\\SMT 6\\PPL\\clone ppl\\BojongStore\\vendor\\laravel\\framework\\src\\Illuminate\\Session\\Middleware\\StartSession.php(63): Illuminate\\Session\\Middleware\\StartSession->handleStatefulRequest(Object(Illuminate\\Http\\Request), Object(Illuminate\\Session\\Store), Object(Closure))
#25 D:\\SMT 6\\PPL\\clone ppl\\BojongStore\\vendor\\laravel\\framework\\src\\Illuminate\\Pipeline\\Pipeline.php(208): Illuminate\\Session\\Middleware\\StartSession->handle(Object(Illuminate\\Http\\Request), Object(Closure))
#26 D:\\SMT 6\\PPL\\clone ppl\\BojongStore\\vendor\\laravel\\framework\\src\\Illuminate\\Cookie\\Middleware\\AddQueuedCookiesToResponse.php(36): Illuminate\\Pipeline\\Pipeline->Illuminate\\Pipeline\\{closure}(Object(Illuminate\\Http\\Request))
#27 D:\\SMT 6\\PPL\\clone ppl\\BojongStore\\vendor\\laravel\\framework\\src\\Illuminate\\Pipeline\\Pipeline.php(208): Illuminate\\Cookie\\Middleware\\AddQueuedCookiesToResponse->handle(Object(Illuminate\\Http\\Request), Object(Closure))
#28 D:\\SMT 6\\PPL\\clone ppl\\BojongStore\\vendor\\laravel\\framework\\src\\Illuminate\\Cookie\\Middleware\\EncryptCookies.php(74): Illuminate\\Pipeline\\Pipeline->Illuminate\\Pipeline\\{closure}(Object(Illuminate\\Http\\Request))
#29 D:\\SMT 6\\PPL\\clone ppl\\BojongStore\\vendor\\laravel\\framework\\src\\Illuminate\\Pipeline\\Pipeline.php(208): Illuminate\\Cookie\\Middleware\\EncryptCookies->handle(Object(Illuminate\\Http\\Request), Object(Closure))
#30 D:\\SMT 6\\PPL\\clone ppl\\BojongStore\\vendor\\laravel\\framework\\src\\Illuminate\\Pipeline\\Pipeline.php(126): Illuminate\\Pipeline\\Pipeline->Illuminate\\Pipeline\\{closure}(Object(Illuminate\\Http\\Request))
#31 D:\\SMT 6\\PPL\\clone ppl\\BojongStore\\vendor\\laravel\\framework\\src\\Illuminate\\Routing\\Router.php(807): Illuminate\\Pipeline\\Pipeline->then(Object(Closure))
#32 D:\\SMT 6\\PPL\\clone ppl\\BojongStore\\vendor\\laravel\\framework\\src\\Illuminate\\Routing\\Router.php(786): Illuminate\\Routing\\Router->runRouteWithinStack(Object(Illuminate\\Routing\\Route), Object(Illuminate\\Http\\Request))
#33 D:\\SMT 6\\PPL\\clone ppl\\BojongStore\\vendor\\laravel\\framework\\src\\Illuminate\\Routing\\Router.php(750): Illuminate\\Routing\\Router->runRoute(Object(Illuminate\\Http\\Request), Object(Illuminate\\Routing\\Route))
#34 D:\\SMT 6\\PPL\\clone ppl\\BojongStore\\vendor\\laravel\\framework\\src\\Illuminate\\Routing\\Router.php(739): Illuminate\\Routing\\Router->dispatchToRoute(Object(Illuminate\\Http\\Request))
#35 D:\\SMT 6\\PPL\\clone ppl\\BojongStore\\vendor\\laravel\\framework\\src\\Illuminate\\Foundation\\Http\\Kernel.php(200): Illuminate\\Routing\\Router->dispatch(Object(Illuminate\\Http\\Request))
#36 D:\\SMT 6\\PPL\\clone ppl\\BojongStore\\vendor\\laravel\\framework\\src\\Illuminate\\Pipeline\\Pipeline.php(169): Illuminate\\Foundation\\Http\\Kernel->Illuminate\\Foundation\\Http\\{closure}(Object(Illuminate\\Http\\Request))
#37 D:\\SMT 6\\PPL\\clone ppl\\BojongStore\\vendor\\laravel\\framework\\src\\Illuminate\\Foundation\\Http\\Middleware\\TransformsRequest.php(21): Illuminate\\Pipeline\\Pipeline->Illuminate\\Pipeline\\{closure}(Object(Illuminate\\Http\\Request))
#38 D:\\SMT 6\\PPL\\clone ppl\\BojongStore\\vendor\\laravel\\framework\\src\\Illuminate\\Foundation\\Http\\Middleware\\ConvertEmptyStringsToNull.php(31): Illuminate\\Foundation\\Http\\Middleware\\TransformsRequest->handle(Object(Illuminate\\Http\\Request), Object(Closure))
#39 D:\\SMT 6\\PPL\\clone ppl\\BojongStore\\vendor\\laravel\\framework\\src\\Illuminate\\Pipeline\\Pipeline.php(208): Illuminate\\Foundation\\Http\\Middleware\\ConvertEmptyStringsToNull->handle(Object(Illuminate\\Http\\Request), Object(Closure))
#40 D:\\SMT 6\\PPL\\clone ppl\\BojongStore\\vendor\\laravel\\framework\\src\\Illuminate\\Foundation\\Http\\Middleware\\TransformsRequest.php(21): Illuminate\\Pipeline\\Pipeline->Illuminate\\Pipeline\\{closure}(Object(Illuminate\\Http\\Request))
#41 D:\\SMT 6\\PPL\\clone ppl\\BojongStore\\vendor\\laravel\\framework\\src\\Illuminate\\Foundation\\Http\\Middleware\\TrimStrings.php(51): Illuminate\\Foundation\\Http\\Middleware\\TransformsRequest->handle(Object(Illuminate\\Http\\Request), Object(Closure))
#42 D:\\SMT 6\\PPL\\clone ppl\\BojongStore\\vendor\\laravel\\framework\\src\\Illuminate\\Pipeline\\Pipeline.php(208): Illuminate\\Foundation\\Http\\Middleware\\TrimStrings->handle(Object(Illuminate\\Http\\Request), Object(Closure))
#43 D:\\SMT 6\\PPL\\clone ppl\\BojongStore\\vendor\\laravel\\framework\\src\\Illuminate\\Http\\Middleware\\ValidatePostSize.php(27): Illuminate\\Pipeline\\Pipeline->Illuminate\\Pipeline\\{closure}(Object(Illuminate\\Http\\Request))
#44 D:\\SMT 6\\PPL\\clone ppl\\BojongStore\\vendor\\laravel\\framework\\src\\Illuminate\\Pipeline\\Pipeline.php(208): Illuminate\\Http\\Middleware\\ValidatePostSize->handle(Object(Illuminate\\Http\\Request), Object(Closure))
#45 D:\\SMT 6\\PPL\\clone ppl\\BojongStore\\vendor\\laravel\\framework\\src\\Illuminate\\Foundation\\Http\\Middleware\\PreventRequestsDuringMaintenance.php(109): Illuminate\\Pipeline\\Pipeline->Illuminate\\Pipeline\\{closure}(Object(Illuminate\\Http\\Request))
#46 D:\\SMT 6\\PPL\\clone ppl\\BojongStore\\vendor\\laravel\\framework\\src\\Illuminate\\Pipeline\\Pipeline.php(208): Illuminate\\Foundation\\Http\\Middleware\\PreventRequestsDuringMaintenance->handle(Object(Illuminate\\Http\\Request), Object(Closure))
#47 D:\\SMT 6\\PPL\\clone ppl\\BojongStore\\vendor\\laravel\\framework\\src\\Illuminate\\Http\\Middleware\\HandleCors.php(48): Illuminate\\Pipeline\\Pipeline->Illuminate\\Pipeline\\{closure}(Object(Illuminate\\Http\\Request))
#48 D:\\SMT 6\\PPL\\clone ppl\\BojongStore\\vendor\\laravel\\framework\\src\\Illuminate\\Pipeline\\Pipeline.php(208): Illuminate\\Http\\Middleware\\HandleCors->handle(Object(Illuminate\\Http\\Request), Object(Closure))
#49 D:\\SMT 6\\PPL\\clone ppl\\BojongStore\\vendor\\laravel\\framework\\src\\Illuminate\\Http\\Middleware\\TrustProxies.php(58): Illuminate\\Pipeline\\Pipeline->Illuminate\\Pipeline\\{closure}(Object(Illuminate\\Http\\Request))
#50 D:\\SMT 6\\PPL\\clone ppl\\BojongStore\\vendor\\laravel\\framework\\src\\Illuminate\\Pipeline\\Pipeline.php(208): Illuminate\\Http\\Middleware\\TrustProxies->handle(Object(Illuminate\\Http\\Request), Object(Closure))
#51 D:\\SMT 6\\PPL\\clone ppl\\BojongStore\\vendor\\laravel\\framework\\src\\Illuminate\\Foundation\\Http\\Middleware\\InvokeDeferredCallbacks.php(22): Illuminate\\Pipeline\\Pipeline->Illuminate\\Pipeline\\{closure}(Object(Illuminate\\Http\\Request))
#52 D:\\SMT 6\\PPL\\clone ppl\\BojongStore\\vendor\\laravel\\framework\\src\\Illuminate\\Pipeline\\Pipeline.php(208): Illuminate\\Foundation\\Http\\Middleware\\InvokeDeferredCallbacks->handle(Object(Illuminate\\Http\\Request), Object(Closure))
#53 D:\\SMT 6\\PPL\\clone ppl\\BojongStore\\vendor\\laravel\\framework\\src\\Illuminate\\Http\\Middleware\\ValidatePathEncoding.php(26): Illuminate\\Pipeline\\Pipeline->Illuminate\\Pipeline\\{closure}(Object(Illuminate\\Http\\Request))
#54 D:\\SMT 6\\PPL\\clone ppl\\BojongStore\\vendor\\laravel\\framework\\src\\Illuminate\\Pipeline\\Pipeline.php(208): Illuminate\\Http\\Middleware\\ValidatePathEncoding->handle(Object(Illuminate\\Http\\Request), Object(Closure))
#55 D:\\SMT 6\\PPL\\clone ppl\\BojongStore\\vendor\\laravel\\framework\\src\\Illuminate\\Pipeline\\Pipeline.php(126): Illuminate\\Pipeline\\Pipeline->Illuminate\\Pipeline\\{closure}(Object(Illuminate\\Http\\Request))
#56 D:\\SMT 6\\PPL\\clone ppl\\BojongStore\\vendor\\laravel\\framework\\src\\Illuminate\\Foundation\\Http\\Kernel.php(175): Illuminate\\Pipeline\\Pipeline->then(Object(Closure))
#57 D:\\SMT 6\\PPL\\clone ppl\\BojongStore\\vendor\\laravel\\framework\\src\\Illuminate\\Foundation\\Http\\Kernel.php(144): Illuminate\\Foundation\\Http\\Kernel->sendRequestThroughRouter(Object(Illuminate\\Http\\Request))
#58 D:\\SMT 6\\PPL\\clone ppl\\BojongStore\\vendor\\laravel\\framework\\src\\Illuminate\\Foundation\\Testing\\Concerns\\MakesHttpRequests.php(607): Illuminate\\Foundation\\Http\\Kernel->handle(Object(Illuminate\\Http\\Request))
#59 D:\\SMT 6\\PPL\\clone ppl\\BojongStore\\vendor\\laravel\\framework\\src\\Illuminate\\Foundation\\Testing\\Concerns\\MakesHttpRequests.php(368): Illuminate\\Foundation\\Testing\\TestCase->call('GET', '/', Array, Array, Array, Array)
#60 D:\\SMT 6\\PPL\\clone ppl\\BojongStore\\tests\\Feature\\ExampleTest.php(15): Illuminate\\Foundation\\Testing\\TestCase->get('/')
#61 D:\\SMT 6\\PPL\\clone ppl\\BojongStore\\vendor\\phpunit\\phpunit\\src\\Framework\\TestCase.php(1656): Tests\\Feature\\ExampleTest->test_the_application_returns_a_successful_response()
#62 D:\\SMT 6\\PPL\\clone ppl\\BojongStore\\vendor\\phpunit\\phpunit\\src\\Framework\\TestCase.php(514): PHPUnit\\Framework\\TestCase->runTest()
#63 D:\\SMT 6\\PPL\\clone ppl\\BojongStore\\vendor\\phpunit\\phpunit\\src\\Framework\\TestRunner\\TestRunner.php(87): PHPUnit\\Framework\\TestCase->runBare()
#64 D:\\SMT 6\\PPL\\clone ppl\\BojongStore\\vendor\\phpunit\\phpunit\\src\\Framework\\TestCase.php(361): PHPUnit\\Framework\\TestRunner->run(Object(Tests\\Feature\\ExampleTest))
#65 D:\\SMT 6\\PPL\\clone ppl\\BojongStore\\vendor\\phpunit\\phpunit\\src\\Framework\\TestSuite.php(369): PHPUnit\\Framework\\TestCase->run()
#66 D:\\SMT 6\\PPL\\clone ppl\\BojongStore\\vendor\\phpunit\\phpunit\\src\\Framework\\TestSuite.php(369): PHPUnit\\Framework\\TestSuite->run()
#67 D:\\SMT 6\\PPL\\clone ppl\\BojongStore\\vendor\\phpunit\\phpunit\\src\\Framework\\TestSuite.php(369): PHPUnit\\Framework\\TestSuite->run()
#68 D:\\SMT 6\\PPL\\clone ppl\\BojongStore\\vendor\\phpunit\\phpunit\\src\\TextUI\\TestRunner.php(64): PHPUnit\\Framework\\TestSuite->run()
#69 D:\\SMT 6\\PPL\\clone ppl\\BojongStore\\vendor\\phpunit\\phpunit\\src\\TextUI\\Application.php(210): PHPUnit\\TextUI\\TestRunner->run(Object(PHPUnit\\TextUI\\Configuration\\Configuration), Object(PHPUnit\\Runner\\ResultCache\\DefaultResultCache), Object(PHPUnit\\Framework\\TestSuite))
#70 D:\\SMT 6\\PPL\\clone ppl\\BojongStore\\vendor\\phpunit\\phpunit\\phpunit(104): PHPUnit\\TextUI\\Application->run(Array)
#71 {main}

[previous exception] [object] (PDOException(code: HY000): SQLSTATE[HY000]: General error: 1 no such table: products at D:\\SMT 6\\PPL\\clone ppl\\BojongStore\\vendor\\laravel\\framework\\src\\Illuminate\\Database\\Connection.php:404)
[stacktrace]
#0 D:\\SMT 6\\PPL\\clone ppl\\BojongStore\\vendor\\laravel\\framework\\src\\Illuminate\\Database\\Connection.php(404): PDO->prepare('select * from \"...')
#1 D:\\SMT 6\\PPL\\clone ppl\\BojongStore\\vendor\\laravel\\framework\\src\\Illuminate\\Database\\Connection.php(809): Illuminate\\Database\\Connection->Illuminate\\Database\\{closure}('select * from \"...', Array)
#2 D:\\SMT 6\\PPL\\clone ppl\\BojongStore\\vendor\\laravel\\framework\\src\\Illuminate\\Database\\Connection.php(776): Illuminate\\Database\\Connection->runQueryCallback('select * from \"...', Array, Object(Closure))
#3 D:\\SMT 6\\PPL\\clone ppl\\BojongStore\\vendor\\laravel\\framework\\src\\Illuminate\\Database\\Connection.php(395): Illuminate\\Database\\Connection->run('select * from \"...', Array, Object(Closure))
#4 D:\\SMT 6\\PPL\\clone ppl\\BojongStore\\vendor\\laravel\\framework\\src\\Illuminate\\Database\\Query\\Builder.php(3131): Illuminate\\Database\\Connection->select('select * from \"...', Array, true)
#5 D:\\SMT 6\\PPL\\clone ppl\\BojongStore\\vendor\\laravel\\framework\\src\\Illuminate\\Database\\Query\\Builder.php(3116): Illuminate\\Database\\Query\\Builder->runSelect()
#6 D:\\SMT 6\\PPL\\clone ppl\\BojongStore\\vendor\\laravel\\framework\\src\\Illuminate\\Database\\Query\\Builder.php(3706): Illuminate\\Database\\Query\\Builder->Illuminate\\Database\\Query\\{closure}()
#7 D:\\SMT 6\\PPL\\clone ppl\\BojongStore\\vendor\\laravel\\framework\\src\\Illuminate\\Database\\Query\\Builder.php(3115): Illuminate\\Database\\Query\\Builder->onceWithColumns(Array, Object(Closure))
#8 D:\\SMT 6\\PPL\\clone ppl\\BojongStore\\vendor\\laravel\\framework\\src\\Illuminate\\Database\\Eloquent\\Builder.php(872): Illuminate\\Database\\Query\\Builder->get(Array)
#9 D:\\SMT 6\\PPL\\clone ppl\\BojongStore\\vendor\\laravel\\framework\\src\\Illuminate\\Database\\Eloquent\\Builder.php(854): Illuminate\\Database\\Eloquent\\Builder->getModels(Array)
#10 D:\\SMT 6\\PPL\\clone ppl\\BojongStore\\vendor\\laravel\\framework\\src\\Illuminate\\Database\\Concerns\\BuildsQueries.php(366): Illuminate\\Database\\Eloquent\\Builder->get(Array)
#11 D:\\SMT 6\\PPL\\clone ppl\\BojongStore\\routes\\web.php(18): Illuminate\\Database\\Eloquent\\Builder->first()
#12 D:\\SMT 6\\PPL\\clone ppl\\BojongStore\\vendor\\laravel\\framework\\src\\Illuminate\\Routing\\CallableDispatcher.php(39): Illuminate\\Routing\\RouteFileRegistrar->{closure}()
#13 D:\\SMT 6\\PPL\\clone ppl\\BojongStore\\vendor\\laravel\\framework\\src\\Illuminate\\Routing\\Route.php(243): Illuminate\\Routing\\CallableDispatcher->dispatch(Object(Illuminate\\Routing\\Route), Object(Closure))
#14 D:\\SMT 6\\PPL\\clone ppl\\BojongStore\\vendor\\laravel\\framework\\src\\Illuminate\\Routing\\Route.php(214): Illuminate\\Routing\\Route->runCallable()
#15 D:\\SMT 6\\PPL\\clone ppl\\BojongStore\\vendor\\laravel\\framework\\src\\Illuminate\\Routing\\Router.php(808): Illuminate\\Routing\\Route->run()
#16 D:\\SMT 6\\PPL\\clone ppl\\BojongStore\\vendor\\laravel\\framework\\src\\Illuminate\\Pipeline\\Pipeline.php(169): Illuminate\\Routing\\Router->Illuminate\\Routing\\{closure}(Object(Illuminate\\Http\\Request))
#17 D:\\SMT 6\\PPL\\clone ppl\\BojongStore\\app\\Http\\Middleware\\LogVisitor.php(36): Illuminate\\Pipeline\\Pipeline->Illuminate\\Pipeline\\{closure}(Object(Illuminate\\Http\\Request))
#18 D:\\SMT 6\\PPL\\clone ppl\\BojongStore\\vendor\\laravel\\framework\\src\\Illuminate\\Pipeline\\Pipeline.php(208): App\\Http\\Middleware\\LogVisitor->handle(Object(Illuminate\\Http\\Request), Object(Closure))
#19 D:\\SMT 6\\PPL\\clone ppl\\BojongStore\\vendor\\laravel\\framework\\src\\Illuminate\\Routing\\Middleware\\SubstituteBindings.php(50): Illuminate\\Pipeline\\Pipeline->Illuminate\\Pipeline\\{closure}(Object(Illuminate\\Http\\Request))
#20 D:\\SMT 6\\PPL\\clone ppl\\BojongStore\\vendor\\laravel\\framework\\src\\Illuminate\\Pipeline\\Pipeline.php(208): Illuminate\\Routing\\Middleware\\SubstituteBindings->handle(Object(Illuminate\\Http\\Request), Object(Closure))
#21 D:\\SMT 6\\PPL\\clone ppl\\BojongStore\\vendor\\laravel\\framework\\src\\Illuminate\\Foundation\\Http\\Middleware\\VerifyCsrfToken.php(87): Illuminate\\Pipeline\\Pipeline->Illuminate\\Pipeline\\{closure}(Object(Illuminate\\Http\\Request))
#22 D:\\SMT 6\\PPL\\clone ppl\\BojongStore\\vendor\\laravel\\framework\\src\\Illuminate\\Pipeline\\Pipeline.php(208): Illuminate\\Foundation\\Http\\Middleware\\VerifyCsrfToken->handle(Object(Illuminate\\Http\\Request), Object(Closure))
#23 D:\\SMT 6\\PPL\\clone ppl\\BojongStore\\vendor\\laravel\\framework\\src\\Illuminate\\View\\Middleware\\ShareErrorsFromSession.php(48): Illuminate\\Pipeline\\Pipeline->Illuminate\\Pipeline\\{closure}(Object(Illuminate\\Http\\Request))
#24 D:\\SMT 6\\PPL\\clone ppl\\BojongStore\\vendor\\laravel\\framework\\src\\Illuminate\\Pipeline\\Pipeline.php(208): Illuminate\\View\\Middleware\\ShareErrorsFromSession->handle(Object(Illuminate\\Http\\Request), Object(Closure))
#25 D:\\SMT 6\\PPL\\clone ppl\\BojongStore\\vendor\\laravel\\framework\\src\\Illuminate\\Session\\Middleware\\StartSession.php(120): Illuminate\\Pipeline\\Pipeline->Illuminate\\Pipeline\\{closure}(Object(Illuminate\\Http\\Request))
#26 D:\\SMT 6\\PPL\\clone ppl\\BojongStore\\vendor\\laravel\\framework\\src\\Illuminate\\Session\\Middleware\\StartSession.php(63): Illuminate\\Session\\Middleware\\StartSession->handleStatefulRequest(Object(Illuminate\\Http\\Request), Object(Illuminate\\Session\\Store), Object(Closure))
#27 D:\\SMT 6\\PPL\\clone ppl\\BojongStore\\vendor\\laravel\\framework\\src\\Illuminate\\Pipeline\\Pipeline.php(208): Illuminate\\Session\\Middleware\\StartSession->handle(Object(Illuminate\\Http\\Request), Object(Closure))
#28 D:\\SMT 6\\PPL\\clone ppl\\BojongStore\\vendor\\laravel\\framework\\src\\Illuminate\\Cookie\\Middleware\\AddQueuedCookiesToResponse.php(36): Illuminate\\Pipeline\\Pipeline->Illuminate\\Pipeline\\{closure}(Object(Illuminate\\Http\\Request))
#29 D:\\SMT 6\\PPL\\clone ppl\\BojongStore\\vendor\\laravel\\framework\\src\\Illuminate\\Pipeline\\Pipeline.php(208): Illuminate\\Cookie\\Middleware\\AddQueuedCookiesToResponse->handle(Object(Illuminate\\Http\\Request), Object(Closure))
#30 D:\\SMT 6\\PPL\\clone ppl\\BojongStore\\vendor\\laravel\\framework\\src\\Illuminate\\Cookie\\Middleware\\EncryptCookies.php(74): Illuminate\\Pipeline\\Pipeline->Illuminate\\Pipeline\\{closure}(Object(Illuminate\\Http\\Request))
#31 D:\\SMT 6\\PPL\\clone ppl\\BojongStore\\vendor\\laravel\\framework\\src\\Illuminate\\Pipeline\\Pipeline.php(208): Illuminate\\Cookie\\Middleware\\EncryptCookies->handle(Object(Illuminate\\Http\\Request), Object(Closure))
#32 D:\\SMT 6\\PPL\\clone ppl\\BojongStore\\vendor\\laravel\\framework\\src\\Illuminate\\Pipeline\\Pipeline.php(126): Illuminate\\Pipeline\\Pipeline->Illuminate\\Pipeline\\{closure}(Object(Illuminate\\Http\\Request))
#33 D:\\SMT 6\\PPL\\clone ppl\\BojongStore\\vendor\\laravel\\framework\\src\\Illuminate\\Routing\\Router.php(807): Illuminate\\Pipeline\\Pipeline->then(Object(Closure))
#34 D:\\SMT 6\\PPL\\clone ppl\\BojongStore\\vendor\\laravel\\framework\\src\\Illuminate\\Routing\\Router.php(786): Illuminate\\Routing\\Router->runRouteWithinStack(Object(Illuminate\\Routing\\Route), Object(Illuminate\\Http\\Request))
#35 D:\\SMT 6\\PPL\\clone ppl\\BojongStore\\vendor\\laravel\\framework\\src\\Illuminate\\Routing\\Router.php(750): Illuminate\\Routing\\Router->runRoute(Object(Illuminate\\Http\\Request), Object(Illuminate\\Routing\\Route))
#36 D:\\SMT 6\\PPL\\clone ppl\\BojongStore\\vendor\\laravel\\framework\\src\\Illuminate\\Routing\\Router.php(739): Illuminate\\Routing\\Router->dispatchToRoute(Object(Illuminate\\Http\\Request))
#37 D:\\SMT 6\\PPL\\clone ppl\\BojongStore\\vendor\\laravel\\framework\\src\\Illuminate\\Foundation\\Http\\Kernel.php(200): Illuminate\\Routing\\Router->dispatch(Object(Illuminate\\Http\\Request))
#38 D:\\SMT 6\\PPL\\clone ppl\\BojongStore\\vendor\\laravel\\framework\\src\\Illuminate\\Pipeline\\Pipeline.php(169): Illuminate\\Foundation\\Http\\Kernel->Illuminate\\Foundation\\Http\\{closure}(Object(Illuminate\\Http\\Request))
#39 D:\\SMT 6\\PPL\\clone ppl\\BojongStore\\vendor\\laravel\\framework\\src\\Illuminate\\Foundation\\Http\\Middleware\\TransformsRequest.php(21): Illuminate\\Pipeline\\Pipeline->Illuminate\\Pipeline\\{closure}(Object(Illuminate\\Http\\Request))
#40 D:\\SMT 6\\PPL\\clone ppl\\BojongStore\\vendor\\laravel\\framework\\src\\Illuminate\\Foundation\\Http\\Middleware\\ConvertEmptyStringsToNull.php(31): Illuminate\\Foundation\\Http\\Middleware\\TransformsRequest->handle(Object(Illuminate\\Http\\Request), Object(Closure))
#41 D:\\SMT 6\\PPL\\clone ppl\\BojongStore\\vendor\\laravel\\framework\\src\\Illuminate\\Pipeline\\Pipeline.php(208): Illuminate\\Foundation\\Http\\Middleware\\ConvertEmptyStringsToNull->handle(Object(Illuminate\\Http\\Request), Object(Closure))
#42 D:\\SMT 6\\PPL\\clone ppl\\BojongStore\\vendor\\laravel\\framework\\src\\Illuminate\\Foundation\\Http\\Middleware\\TransformsRequest.php(21): Illuminate\\Pipeline\\Pipeline->Illuminate\\Pipeline\\{closure}(Object(Illuminate\\Http\\Request))
#43 D:\\SMT 6\\PPL\\clone ppl\\BojongStore\\vendor\\laravel\\framework\\src\\Illuminate\\Foundation\\Http\\Middleware\\TrimStrings.php(51): Illuminate\\Foundation\\Http\\Middleware\\TransformsRequest->handle(Object(Illuminate\\Http\\Request), Object(Closure))
#44 D:\\SMT 6\\PPL\\clone ppl\\BojongStore\\vendor\\laravel\\framework\\src\\Illuminate\\Pipeline\\Pipeline.php(208): Illuminate\\Foundation\\Http\\Middleware\\TrimStrings->handle(Object(Illuminate\\Http\\Request), Object(Closure))
#45 D:\\SMT 6\\PPL\\clone ppl\\BojongStore\\vendor\\laravel\\framework\\src\\Illuminate\\Http\\Middleware\\ValidatePostSize.php(27): Illuminate\\Pipeline\\Pipeline->Illuminate\\Pipeline\\{closure}(Object(Illuminate\\Http\\Request))
#46 D:\\SMT 6\\PPL\\clone ppl\\BojongStore\\vendor\\laravel\\framework\\src\\Illuminate\\Pipeline\\Pipeline.php(208): Illuminate\\Http\\Middleware\\ValidatePostSize->handle(Object(Illuminate\\Http\\Request), Object(Closure))
#47 D:\\SMT 6\\PPL\\clone ppl\\BojongStore\\vendor\\laravel\\framework\\src\\Illuminate\\Foundation\\Http\\Middleware\\PreventRequestsDuringMaintenance.php(109): Illuminate\\Pipeline\\Pipeline->Illuminate\\Pipeline\\{closure}(Object(Illuminate\\Http\\Request))
#48 D:\\SMT 6\\PPL\\clone ppl\\BojongStore\\vendor\\laravel\\framework\\src\\Illuminate\\Pipeline\\Pipeline.php(208): Illuminate\\Foundation\\Http\\Middleware\\PreventRequestsDuringMaintenance->handle(Object(Illuminate\\Http\\Request), Object(Closure))
#49 D:\\SMT 6\\PPL\\clone ppl\\BojongStore\\vendor\\laravel\\framework\\src\\Illuminate\\Http\\Middleware\\HandleCors.php(48): Illuminate\\Pipeline\\Pipeline->Illuminate\\Pipeline\\{closure}(Object(Illuminate\\Http\\Request))
#50 D:\\SMT 6\\PPL\\clone ppl\\BojongStore\\vendor\\laravel\\framework\\src\\Illuminate\\Pipeline\\Pipeline.php(208): Illuminate\\Http\\Middleware\\HandleCors->handle(Object(Illuminate\\Http\\Request), Object(Closure))
#51 D:\\SMT 6\\PPL\\clone ppl\\BojongStore\\vendor\\laravel\\framework\\src\\Illuminate\\Http\\Middleware\\TrustProxies.php(58): Illuminate\\Pipeline\\Pipeline->Illuminate\\Pipeline\\{closure}(Object(Illuminate\\Http\\Request))
#52 D:\\SMT 6\\PPL\\clone ppl\\BojongStore\\vendor\\laravel\\framework\\src\\Illuminate\\Pipeline\\Pipeline.php(208): Illuminate\\Http\\Middleware\\TrustProxies->handle(Object(Illuminate\\Http\\Request), Object(Closure))
#53 D:\\SMT 6\\PPL\\clone ppl\\BojongStore\\vendor\\laravel\\framework\\src\\Illuminate\\Foundation\\Http\\Middleware\\InvokeDeferredCallbacks.php(22): Illuminate\\Pipeline\\Pipeline->Illuminate\\Pipeline\\{closure}(Object(Illuminate\\Http\\Request))
#54 D:\\SMT 6\\PPL\\clone ppl\\BojongStore\\vendor\\laravel\\framework\\src\\Illuminate\\Pipeline\\Pipeline.php(208): Illuminate\\Foundation\\Http\\Middleware\\InvokeDeferredCallbacks->handle(Object(Illuminate\\Http\\Request), Object(Closure))
#55 D:\\SMT 6\\PPL\\clone ppl\\BojongStore\\vendor\\laravel\\framework\\src\\Illuminate\\Http\\Middleware\\ValidatePathEncoding.php(26): Illuminate\\Pipeline\\Pipeline->Illuminate\\Pipeline\\{closure}(Object(Illuminate\\Http\\Request))
#56 D:\\SMT 6\\PPL\\clone ppl\\BojongStore\\vendor\\laravel\\framework\\src\\Illuminate\\Pipeline\\Pipeline.php(208): Illuminate\\Http\\Middleware\\ValidatePathEncoding->handle(Object(Illuminate\\Http\\Request), Object(Closure))
#57 D:\\SMT 6\\PPL\\clone ppl\\BojongStore\\vendor\\laravel\\framework\\src\\Illuminate\\Pipeline\\Pipeline.php(126): Illuminate\\Pipeline\\Pipeline->Illuminate\\Pipeline\\{closure}(Object(Illuminate\\Http\\Request))
#58 D:\\SMT 6\\PPL\\clone ppl\\BojongStore\\vendor\\laravel\\framework\\src\\Illuminate\\Foundation\\Http\\Kernel.php(175): Illuminate\\Pipeline\\Pipeline->then(Object(Closure))
#59 D:\\SMT 6\\PPL\\clone ppl\\BojongStore\\vendor\\laravel\\framework\\src\\Illuminate\\Foundation\\Http\\Kernel.php(144): Illuminate\\Foundation\\Http\\Kernel->sendRequestThroughRouter(Object(Illuminate\\Http\\Request))
#60 D:\\SMT 6\\PPL\\clone ppl\\BojongStore\\vendor\\laravel\\framework\\src\\Illuminate\\Foundation\\Testing\\Concerns\\MakesHttpRequests.php(607): Illuminate\\Foundation\\Http\\Kernel->handle(Object(Illuminate\\Http\\Request))
#61 D:\\SMT 6\\PPL\\clone ppl\\BojongStore\\vendor\\laravel\\framework\\src\\Illuminate\\Foundation\\Testing\\Concerns\\MakesHttpRequests.php(368): Illuminate\\Foundation\\Testing\\TestCase->call('GET', '/', Array, Array, Array, Array)
#62 D:\\SMT 6\\PPL\\clone ppl\\BojongStore\\tests\\Feature\\ExampleTest.php(15): Illuminate\\Foundation\\Testing\\TestCase->get('/')
#63 D:\\SMT 6\\PPL\\clone ppl\\BojongStore\\vendor\\phpunit\\phpunit\\src\\Framework\\TestCase.php(1656): Tests\\Feature\\ExampleTest->test_the_application_returns_a_successful_response()
#64 D:\\SMT 6\\PPL\\clone ppl\\BojongStore\\vendor\\phpunit\\phpunit\\src\\Framework\\TestCase.php(514): PHPUnit\\Framework\\TestCase->runTest()
#65 D:\\SMT 6\\PPL\\clone ppl\\BojongStore\\vendor\\phpunit\\phpunit\\src\\Framework\\TestRunner\\TestRunner.php(87): PHPUnit\\Framework\\TestCase->runBare()
#66 D:\\SMT 6\\PPL\\clone ppl\\BojongStore\\vendor\\phpunit\\phpunit\\src\\Framework\\TestCase.php(361): PHPUnit\\Framework\\TestRunner->run(Object(Tests\\Feature\\ExampleTest))
#67 D:\\SMT 6\\PPL\\clone ppl\\BojongStore\\vendor\\phpunit\\phpunit\\src\\Framework\\TestSuite.php(369): PHPUnit\\Framework\\TestCase->run()
#68 D:\\SMT 6\\PPL\\clone ppl\\BojongStore\\vendor\\phpunit\\phpunit\\src\\Framework\\TestSuite.php(369): PHPUnit\\Framework\\TestSuite->run()
#69 D:\\SMT 6\\PPL\\clone ppl\\BojongStore\\vendor\\phpunit\\phpunit\\src\\Framework\\TestSuite.php(369): PHPUnit\\Framework\\TestSuite->run()
#70 D:\\SMT 6\\PPL\\clone ppl\\BojongStore\\vendor\\phpunit\\phpunit\\src\\TextUI\\TestRunner.php(64): PHPUnit\\Framework\\TestSuite->run()
#71 D:\\SMT 6\\PPL\\clone ppl\\BojongStore\\vendor\\phpunit\\phpunit\\src\\TextUI\\Application.php(210): PHPUnit\\TextUI\\TestRunner->run(Object(PHPUnit\\TextUI\\Configuration\\Configuration), Object(PHPUnit\\Runner\\ResultCache\\DefaultResultCache), Object(PHPUnit\\Framework\\TestSuite))
#72 D:\\SMT 6\\PPL\\clone ppl\\BojongStore\\vendor\\phpunit\\phpunit\\phpunit(104): PHPUnit\\TextUI\\Application->run(Array)
#73 {main}
"} 
[2026-06-03 10:58:20] testing.ERROR: SQLSTATE[HY000]: General error: 1 no such table: products (Connection: sqlite, SQL: select * from "products" order by "views" desc limit 1) {"exception":"[object] (Illuminate\\Database\\QueryException(code: HY000): SQLSTATE[HY000]: General error: 1 no such table: products (Connection: sqlite, SQL: select * from \"products\" order by \"views\" desc limit 1) at D:\\SMT 6\\PPL\\clone ppl\\BojongStore\\vendor\\laravel\\framework\\src\\Illuminate\\Database\\Connection.php:822)
[stacktrace]
#0 D:\\SMT 6\\PPL\\clone ppl\\BojongStore\\vendor\\laravel\\framework\\src\\Illuminate\\Database\\Connection.php(776): Illuminate\\Database\\Connection->runQueryCallback('select * from \"...', Array, Object(Closure))
#1 D:\\SMT 6\\PPL\\clone ppl\\BojongStore\\vendor\\laravel\\framework\\src\\Illuminate\\Database\\Connection.php(395): Illuminate\\Database\\Connection->run('select * from \"...', Array, Object(Closure))
#2 D:\\SMT 6\\PPL\\clone ppl\\BojongStore\\vendor\\laravel\\framework\\src\\Illuminate\\Database\\Query\\Builder.php(3131): Illuminate\\Database\\Connection->select('select * from \"...', Array, true)
#3 D:\\SMT 6\\PPL\\clone ppl\\BojongStore\\vendor\\laravel\\framework\\src\\Illuminate\\Database\\Query\\Builder.php(3116): Illuminate\\Database\\Query\\Builder->runSelect()
#4 D:\\SMT 6\\PPL\\clone ppl\\BojongStore\\vendor\\laravel\\framework\\src\\Illuminate\\Database\\Query\\Builder.php(3706): Illuminate\\Database\\Query\\Builder->Illuminate\\Database\\Query\\{closure}()
#5 D:\\SMT 6\\PPL\\clone ppl\\BojongStore\\vendor\\laravel\\framework\\src\\Illuminate\\Database\\Query\\Builder.php(3115): Illuminate\\Database\\Query\\Builder->onceWithColumns(Array, Object(Closure))
#6 D:\\SMT 6\\PPL\\clone ppl\\BojongStore\\vendor\\laravel\\framework\\src\\Illuminate\\Database\\Eloquent\\Builder.php(872): Illuminate\\Database\\Query\\Builder->get(Array)
#7 D:\\SMT 6\\PPL\\clone ppl\\BojongStore\\vendor\\laravel\\framework\\src\\Illuminate\\Database\\Eloquent\\Builder.php(854): Illuminate\\Database\\Eloquent\\Builder->getModels(Array)
#8 D:\\SMT 6\\PPL\\clone ppl\\BojongStore\\vendor\\laravel\\framework\\src\\Illuminate\\Database\\Concerns\\BuildsQueries.php(366): Illuminate\\Database\\Eloquent\\Builder->get(Array)
#9 D:\\SMT 6\\PPL\\clone ppl\\BojongStore\\routes\\web.php(18): Illuminate\\Database\\Eloquent\\Builder->first()
#10 D:\\SMT 6\\PPL\\clone ppl\\BojongStore\\vendor\\laravel\\framework\\src\\Illuminate\\Routing\\CallableDispatcher.php(39): Illuminate\\Routing\\RouteFileRegistrar->{closure}()
#11 D:\\SMT 6\\PPL\\clone ppl\\BojongStore\\vendor\\laravel\\framework\\src\\Illuminate\\Routing\\Route.php(243): Illuminate\\Routing\\CallableDispatcher->dispatch(Object(Illuminate\\Routing\\Route), Object(Closure))
#12 D:\\SMT 6\\PPL\\clone ppl\\BojongStore\\vendor\\laravel\\framework\\src\\Illuminate\\Routing\\Route.php(214): Illuminate\\Routing\\Route->runCallable()
#13 D:\\SMT 6\\PPL\\clone ppl\\BojongStore\\vendor\\laravel\\framework\\src\\Illuminate\\Routing\\Router.php(808): Illuminate\\Routing\\Route->run()
#14 D:\\SMT 6\\PPL\\clone ppl\\BojongStore\\vendor\\laravel\\framework\\src\\Illuminate\\Pipeline\\Pipeline.php(169): Illuminate\\Routing\\Router->Illuminate\\Routing\\{closure}(Object(Illuminate\\Http\\Request))
#15 D:\\SMT 6\\PPL\\clone ppl\\BojongStore\\app\\Http\\Middleware\\LogVisitor.php(36): Illuminate\\Pipeline\\Pipeline->Illuminate\\Pipeline\\{closure}(Object(Illuminate\\Http\\Request))
#16 D:\\SMT 6\\PPL\\clone ppl\\BojongStore\\vendor\\laravel\\framework\\src\\Illuminate\\Pipeline\\Pipeline.php(208): App\\Http\\Middleware\\LogVisitor->handle(Object(Illuminate\\Http\\Request), Object(Closure))
#17 D:\\SMT 6\\PPL\\clone ppl\\BojongStore\\vendor\\laravel\\framework\\src\\Illuminate\\Routing\\Middleware\\SubstituteBindings.php(50): Illuminate\\Pipeline\\Pipeline->Illuminate\\Pipeline\\{closure}(Object(Illuminate\\Http\\Request))
#18 D:\\SMT 6\\PPL\\clone ppl\\BojongStore\\vendor\\laravel\\framework\\src\\Illuminate\\Pipeline\\Pipeline.php(208): Illuminate\\Routing\\Middleware\\SubstituteBindings->handle(Object(Illuminate\\Http\\Request), Object(Closure))
#19 D:\\SMT 6\\PPL\\clone ppl\\BojongStore\\vendor\\laravel\\framework\\src\\Illuminate\\Foundation\\Http\\Middleware\\VerifyCsrfToken.php(87): Illuminate\\Pipeline\\Pipeline->Illuminate\\Pipeline\\{closure}(Object(Illuminate\\Http\\Request))
#20 D:\\SMT 6\\PPL\\clone ppl\\BojongStore\\vendor\\laravel\\framework\\src\\Illuminate\\Pipeline\\Pipeline.php(208): Illuminate\\Foundation\\Http\\Middleware\\VerifyCsrfToken->handle(Object(Illuminate\\Http\\Request), Object(Closure))
#21 D:\\SMT 6\\PPL\\clone ppl\\BojongStore\\vendor\\laravel\\framework\\src\\Illuminate\\View\\Middleware\\ShareErrorsFromSession.php(48): Illuminate\\Pipeline\\Pipeline->Illuminate\\Pipeline\\{closure}(Object(Illuminate\\Http\\Request))
#22 D:\\SMT 6\\PPL\\clone ppl\\BojongStore\\vendor\\laravel\\framework\\src\\Illuminate\\Pipeline\\Pipeline.php(208): Illuminate\\View\\Middleware\\ShareErrorsFromSession->handle(Object(Illuminate\\Http\\Request), Object(Closure))
#23 D:\\SMT 6\\PPL\\clone ppl\\BojongStore\\vendor\\laravel\\framework\\src\\Illuminate\\Session\\Middleware\\StartSession.php(120): Illuminate\\Pipeline\\Pipeline->Illuminate\\Pipeline\\{closure}(Object(Illuminate\\Http\\Request))
#24 D:\\SMT 6\\PPL\\clone ppl\\BojongStore\\vendor\\laravel\\framework\\src\\Illuminate\\Session\\Middleware\\StartSession.php(63): Illuminate\\Session\\Middleware\\StartSession->handleStatefulRequest(Object(Illuminate\\Http\\Request), Object(Illuminate\\Session\\Store), Object(Closure))
#25 D:\\SMT 6\\PPL\\clone ppl\\BojongStore\\vendor\\laravel\\framework\\src\\Illuminate\\Pipeline\\Pipeline.php(208): Illuminate\\Session\\Middleware\\StartSession->handle(Object(Illuminate\\Http\\Request), Object(Closure))
#26 D:\\SMT 6\\PPL\\clone ppl\\BojongStore\\vendor\\laravel\\framework\\src\\Illuminate\\Cookie\\Middleware\\AddQueuedCookiesToResponse.php(36): Illuminate\\Pipeline\\Pipeline->Illuminate\\Pipeline\\{closure}(Object(Illuminate\\Http\\Request))
#27 D:\\SMT 6\\PPL\\clone ppl\\BojongStore\\vendor\\laravel\\framework\\src\\Illuminate\\Pipeline\\Pipeline.php(208): Illuminate\\Cookie\\Middleware\\AddQueuedCookiesToResponse->handle(Object(Illuminate\\Http\\Request), Object(Closure))
#28 D:\\SMT 6\\PPL\\clone ppl\\BojongStore\\vendor\\laravel\\framework\\src\\Illuminate\\Cookie\\Middleware\\EncryptCookies.php(74): Illuminate\\Pipeline\\Pipeline->Illuminate\\Pipeline\\{closure}(Object(Illuminate\\Http\\Request))
#29 D:\\SMT 6\\PPL\\clone ppl\\BojongStore\\vendor\\laravel\\framework\\src\\Illuminate\\Pipeline\\Pipeline.php(208): Illuminate\\Cookie\\Middleware\\EncryptCookies->handle(Object(Illuminate\\Http\\Request), Object(Closure))
#30 D:\\SMT 6\\PPL\\clone ppl\\BojongStore\\vendor\\laravel\\framework\\src\\Illuminate\\Pipeline\\Pipeline.php(126): Illuminate\\Pipeline\\Pipeline->Illuminate\\Pipeline\\{closure}(Object(Illuminate\\Http\\Request))
#31 D:\\SMT 6\\PPL\\clone ppl\\BojongStore\\vendor\\laravel\\framework\\src\\Illuminate\\Routing\\Router.php(807): Illuminate\\Pipeline\\Pipeline->then(Object(Closure))
#32 D:\\SMT 6\\PPL\\clone ppl\\BojongStore\\vendor\\laravel\\framework\\src\\Illuminate\\Routing\\Router.php(786): Illuminate\\Routing\\Router->runRouteWithinStack(Object(Illuminate\\Routing\\Route), Object(Illuminate\\Http\\Request))
#33 D:\\SMT 6\\PPL\\clone ppl\\BojongStore\\vendor\\laravel\\framework\\src\\Illuminate\\Routing\\Router.php(750): Illuminate\\Routing\\Router->runRoute(Object(Illuminate\\Http\\Request), Object(Illuminate\\Routing\\Route))
#34 D:\\SMT 6\\PPL\\clone ppl\\BojongStore\\vendor\\laravel\\framework\\src\\Illuminate\\Routing\\Router.php(739): Illuminate\\Routing\\Router->dispatchToRoute(Object(Illuminate\\Http\\Request))
#35 D:\\SMT 6\\PPL\\clone ppl\\BojongStore\\vendor\\laravel\\framework\\src\\Illuminate\\Foundation\\Http\\Kernel.php(200): Illuminate\\Routing\\Router->dispatch(Object(Illuminate\\Http\\Request))
#36 D:\\SMT 6\\PPL\\clone ppl\\BojongStore\\vendor\\laravel\\framework\\src\\Illuminate\\Pipeline\\Pipeline.php(169): Illuminate\\Foundation\\Http\\Kernel->Illuminate\\Foundation\\Http\\{closure}(Object(Illuminate\\Http\\Request))
#37 D:\\SMT 6\\PPL\\clone ppl\\BojongStore\\vendor\\laravel\\framework\\src\\Illuminate\\Foundation\\Http\\Middleware\\TransformsRequest.php(21): Illuminate\\Pipeline\\Pipeline->Illuminate\\Pipeline\\{closure}(Object(Illuminate\\Http\\Request))
#38 D:\\SMT 6\\PPL\\clone ppl\\BojongStore\\vendor\\laravel\\framework\\src\\Illuminate\\Foundation\\Http\\Middleware\\ConvertEmptyStringsToNull.php(31): Illuminate\\Foundation\\Http\\Middleware\\TransformsRequest->handle(Object(Illuminate\\Http\\Request), Object(Closure))
#39 D:\\SMT 6\\PPL\\clone ppl\\BojongStore\\vendor\\laravel\\framework\\src\\Illuminate\\Pipeline\\Pipeline.php(208): Illuminate\\Foundation\\Http\\Middleware\\ConvertEmptyStringsToNull->handle(Object(Illuminate\\Http\\Request), Object(Closure))
#40 D:\\SMT 6\\PPL\\clone ppl\\BojongStore\\vendor\\laravel\\framework\\src\\Illuminate\\Foundation\\Http\\Middleware\\TransformsRequest.php(21): Illuminate\\Pipeline\\Pipeline->Illuminate\\Pipeline\\{closure}(Object(Illuminate\\Http\\Request))
#41 D:\\SMT 6\\PPL\\clone ppl\\BojongStore\\vendor\\laravel\\framework\\src\\Illuminate\\Foundation\\Http\\Middleware\\TrimStrings.php(51): Illuminate\\Foundation\\Http\\Middleware\\TransformsRequest->handle(Object(Illuminate\\Http\\Request), Object(Closure))
#42 D:\\SMT 6\\PPL\\clone ppl\\BojongStore\\vendor\\laravel\\framework\\src\\Illuminate\\Pipeline\\Pipeline.php(208): Illuminate\\Foundation\\Http\\Middleware\\TrimStrings->handle(Object(Illuminate\\Http\\Request), Object(Closure))
#43 D:\\SMT 6\\PPL\\clone ppl\\BojongStore\\vendor\\laravel\\framework\\src\\Illuminate\\Http\\Middleware\\ValidatePostSize.php(27): Illuminate\\Pipeline\\Pipeline->Illuminate\\Pipeline\\{closure}(Object(Illuminate\\Http\\Request))
#44 D:\\SMT 6\\PPL\\clone ppl\\BojongStore\\vendor\\laravel\\framework\\src\\Illuminate\\Pipeline\\Pipeline.php(208): Illuminate\\Http\\Middleware\\ValidatePostSize->handle(Object(Illuminate\\Http\\Request), Object(Closure))
#45 D:\\SMT 6\\PPL\\clone ppl\\BojongStore\\vendor\\laravel\\framework\\src\\Illuminate\\Foundation\\Http\\Middleware\\PreventRequestsDuringMaintenance.php(109): Illuminate\\Pipeline\\Pipeline->Illuminate\\Pipeline\\{closure}(Object(Illuminate\\Http\\Request))
#46 D:\\SMT 6\\PPL\\clone ppl\\BojongStore\\vendor\\laravel\\framework\\src\\Illuminate\\Pipeline\\Pipeline.php(208): Illuminate\\Foundation\\Http\\Middleware\\PreventRequestsDuringMaintenance->handle(Object(Illuminate\\Http\\Request), Object(Closure))
#47 D:\\SMT 6\\PPL\\clone ppl\\BojongStore\\vendor\\laravel\\framework\\src\\Illuminate\\Http\\Middleware\\HandleCors.php(48): Illuminate\\Pipeline\\Pipeline->Illuminate\\Pipeline\\{closure}(Object(Illuminate\\Http\\Request))
#48 D:\\SMT 6\\PPL\\clone ppl\\BojongStore\\vendor\\laravel\\framework\\src\\Illuminate\\Pipeline\\Pipeline.php(208): Illuminate\\Http\\Middleware\\HandleCors->handle(Object(Illuminate\\Http\\Request), Object(Closure))
#49 D:\\SMT 6\\PPL\\clone ppl\\BojongStore\\vendor\\laravel\\framework\\src\\Illuminate\\Http\\Middleware\\TrustProxies.php(58): Illuminate\\Pipeline\\Pipeline->Illuminate\\Pipeline\\{closure}(Object(Illuminate\\Http\\Request))
#50 D:\\SMT 6\\PPL\\clone ppl\\BojongStore\\vendor\\laravel\\framework\\src\\Illuminate\\Pipeline\\Pipeline.php(208): Illuminate\\Http\\Middleware\\TrustProxies->handle(Object(Illuminate\\Http\\Request), Object(Closure))
#51 D:\\SMT 6\\PPL\\clone ppl\\BojongStore\\vendor\\laravel\\framework\\src\\Illuminate\\Foundation\\Http\\Middleware\\InvokeDeferredCallbacks.php(22): Illuminate\\Pipeline\\Pipeline->Illuminate\\Pipeline\\{closure}(Object(Illuminate\\Http\\Request))
#52 D:\\SMT 6\\PPL\\clone ppl\\BojongStore\\vendor\\laravel\\framework\\src\\Illuminate\\Pipeline\\Pipeline.php(208): Illuminate\\Foundation\\Http\\Middleware\\InvokeDeferredCallbacks->handle(Object(Illuminate\\Http\\Request), Object(Closure))
#53 D:\\SMT 6\\PPL\\clone ppl\\BojongStore\\vendor\\laravel\\framework\\src\\Illuminate\\Http\\Middleware\\ValidatePathEncoding.php(26): Illuminate\\Pipeline\\Pipeline->Illuminate\\Pipeline\\{closure}(Object(Illuminate\\Http\\Request))
#54 D:\\SMT 6\\PPL\\clone ppl\\BojongStore\\vendor\\laravel\\framework\\src\\Illuminate\\Pipeline\\Pipeline.php(208): Illuminate\\Http\\Middleware\\ValidatePathEncoding->handle(Object(Illuminate\\Http\\Request), Object(Closure))
#55 D:\\SMT 6\\PPL\\clone ppl\\BojongStore\\vendor\\laravel\\framework\\src\\Illuminate\\Pipeline\\Pipeline.php(126): Illuminate\\Pipeline\\Pipeline->Illuminate\\Pipeline\\{closure}(Object(Illuminate\\Http\\Request))
#56 D:\\SMT 6\\PPL\\clone ppl\\BojongStore\\vendor\\laravel\\framework\\src\\Illuminate\\Foundation\\Http\\Kernel.php(175): Illuminate\\Pipeline\\Pipeline->then(Object(Closure))
#57 D:\\SMT 6\\PPL\\clone ppl\\BojongStore\\vendor\\laravel\\framework\\src\\Illuminate\\Foundation\\Http\\Kernel.php(144): Illuminate\\Foundation\\Http\\Kernel->sendRequestThroughRouter(Object(Illuminate\\Http\\Request))
#58 D:\\SMT 6\\PPL\\clone ppl\\BojongStore\\vendor\\laravel\\framework\\src\\Illuminate\\Foundation\\Testing\\Concerns\\MakesHttpRequests.php(607): Illuminate\\Foundation\\Http\\Kernel->handle(Object(Illuminate\\Http\\Request))
#59 D:\\SMT 6\\PPL\\clone ppl\\BojongStore\\vendor\\laravel\\framework\\src\\Illuminate\\Foundation\\Testing\\Concerns\\MakesHttpRequests.php(368): Illuminate\\Foundation\\Testing\\TestCase->call('GET', '/', Array, Array, Array, Array)
#60 D:\\SMT 6\\PPL\\clone ppl\\BojongStore\\tests\\Feature\\ExampleTest.php(15): Illuminate\\Foundation\\Testing\\TestCase->get('/')
#61 D:\\SMT 6\\PPL\\clone ppl\\BojongStore\\vendor\\phpunit\\phpunit\\src\\Framework\\TestCase.php(1656): Tests\\Feature\\ExampleTest->test_the_application_returns_a_successful_response()
#62 D:\\SMT 6\\PPL\\clone ppl\\BojongStore\\vendor\\phpunit\\phpunit\\src\\Framework\\TestCase.php(514): PHPUnit\\Framework\\TestCase->runTest()
#63 D:\\SMT 6\\PPL\\clone ppl\\BojongStore\\vendor\\phpunit\\phpunit\\src\\Framework\\TestRunner\\TestRunner.php(87): PHPUnit\\Framework\\TestCase->runBare()
#64 D:\\SMT 6\\PPL\\clone ppl\\BojongStore\\vendor\\phpunit\\phpunit\\src\\Framework\\TestCase.php(361): PHPUnit\\Framework\\TestRunner->run(Object(Tests\\Feature\\ExampleTest))
#65 D:\\SMT 6\\PPL\\clone ppl\\BojongStore\\vendor\\phpunit\\phpunit\\src\\Framework\\TestSuite.php(369): PHPUnit\\Framework\\TestCase->run()
#66 D:\\SMT 6\\PPL\\clone ppl\\BojongStore\\vendor\\phpunit\\phpunit\\src\\Framework\\TestSuite.php(369): PHPUnit\\Framework\\TestSuite->run()
#67 D:\\SMT 6\\PPL\\clone ppl\\BojongStore\\vendor\\phpunit\\phpunit\\src\\Framework\\TestSuite.php(369): PHPUnit\\Framework\\TestSuite->run()
#68 D:\\SMT 6\\PPL\\clone ppl\\BojongStore\\vendor\\phpunit\\phpunit\\src\\TextUI\\TestRunner.php(64): PHPUnit\\Framework\\TestSuite->run()
#69 D:\\SMT 6\\PPL\\clone ppl\\BojongStore\\vendor\\phpunit\\phpunit\\src\\TextUI\\Application.php(210): PHPUnit\\TextUI\\TestRunner->run(Object(PHPUnit\\TextUI\\Configuration\\Configuration), Object(PHPUnit\\Runner\\ResultCache\\DefaultResultCache), Object(PHPUnit\\Framework\\TestSuite))
#70 D:\\SMT 6\\PPL\\clone ppl\\BojongStore\\vendor\\phpunit\\phpunit\\phpunit(104): PHPUnit\\TextUI\\Application->run(Array)
#71 {main}

[previous exception] [object] (PDOException(code: HY000): SQLSTATE[HY000]: General error: 1 no such table: products at D:\\SMT 6\\PPL\\clone ppl\\BojongStore\\vendor\\laravel\\framework\\src\\Illuminate\\Database\\Connection.php:404)
[stacktrace]
#0 D:\\SMT 6\\PPL\\clone ppl\\BojongStore\\vendor\\laravel\\framework\\src\\Illuminate\\Database\\Connection.php(404): PDO->prepare('select * from \"...')
#1 D:\\SMT 6\\PPL\\clone ppl\\BojongStore\\vendor\\laravel\\framework\\src\\Illuminate\\Database\\Connection.php(809): Illuminate\\Database\\Connection->Illuminate\\Database\\{closure}('select * from \"...', Array)
#2 D:\\SMT 6\\PPL\\clone ppl\\BojongStore\\vendor\\laravel\\framework\\src\\Illuminate\\Database\\Connection.php(776): Illuminate\\Database\\Connection->runQueryCallback('select * from \"...', Array, Object(Closure))
#3 D:\\SMT 6\\PPL\\clone ppl\\BojongStore\\vendor\\laravel\\framework\\src\\Illuminate\\Database\\Connection.php(395): Illuminate\\Database\\Connection->run('select * from \"...', Array, Object(Closure))
#4 D:\\SMT 6\\PPL\\clone ppl\\BojongStore\\vendor\\laravel\\framework\\src\\Illuminate\\Database\\Query\\Builder.php(3131): Illuminate\\Database\\Connection->select('select * from \"...', Array, true)
#5 D:\\SMT 6\\PPL\\clone ppl\\BojongStore\\vendor\\laravel\\framework\\src\\Illuminate\\Database\\Query\\Builder.php(3116): Illuminate\\Database\\Query\\Builder->runSelect()
#6 D:\\SMT 6\\PPL\\clone ppl\\BojongStore\\vendor\\laravel\\framework\\src\\Illuminate\\Database\\Query\\Builder.php(3706): Illuminate\\Database\\Query\\Builder->Illuminate\\Database\\Query\\{closure}()
#7 D:\\SMT 6\\PPL\\clone ppl\\BojongStore\\vendor\\laravel\\framework\\src\\Illuminate\\Database\\Query\\Builder.php(3115): Illuminate\\Database\\Query\\Builder->onceWithColumns(Array, Object(Closure))
#8 D:\\SMT 6\\PPL\\clone ppl\\BojongStore\\vendor\\laravel\\framework\\src\\Illuminate\\Database\\Eloquent\\Builder.php(872): Illuminate\\Database\\Query\\Builder->get(Array)
#9 D:\\SMT 6\\PPL\\clone ppl\\BojongStore\\vendor\\laravel\\framework\\src\\Illuminate\\Database\\Eloquent\\Builder.php(854): Illuminate\\Database\\Eloquent\\Builder->getModels(Array)
#10 D:\\SMT 6\\PPL\\clone ppl\\BojongStore\\vendor\\laravel\\framework\\src\\Illuminate\\Database\\Concerns\\BuildsQueries.php(366): Illuminate\\Database\\Eloquent\\Builder->get(Array)
#11 D:\\SMT 6\\PPL\\clone ppl\\BojongStore\\routes\\web.php(18): Illuminate\\Database\\Eloquent\\Builder->first()
#12 D:\\SMT 6\\PPL\\clone ppl\\BojongStore\\vendor\\laravel\\framework\\src\\Illuminate\\Routing\\CallableDispatcher.php(39): Illuminate\\Routing\\RouteFileRegistrar->{closure}()
#13 D:\\SMT 6\\PPL\\clone ppl\\BojongStore\\vendor\\laravel\\framework\\src\\Illuminate\\Routing\\Route.php(243): Illuminate\\Routing\\CallableDispatcher->dispatch(Object(Illuminate\\Routing\\Route), Object(Closure))
#14 D:\\SMT 6\\PPL\\clone ppl\\BojongStore\\vendor\\laravel\\framework\\src\\Illuminate\\Routing\\Route.php(214): Illuminate\\Routing\\Route->runCallable()
#15 D:\\SMT 6\\PPL\\clone ppl\\BojongStore\\vendor\\laravel\\framework\\src\\Illuminate\\Routing\\Router.php(808): Illuminate\\Routing\\Route->run()
#16 D:\\SMT 6\\PPL\\clone ppl\\BojongStore\\vendor\\laravel\\framework\\src\\Illuminate\\Pipeline\\Pipeline.php(169): Illuminate\\Routing\\Router->Illuminate\\Routing\\{closure}(Object(Illuminate\\Http\\Request))
#17 D:\\SMT 6\\PPL\\clone ppl\\BojongStore\\app\\Http\\Middleware\\LogVisitor.php(36): Illuminate\\Pipeline\\Pipeline->Illuminate\\Pipeline\\{closure}(Object(Illuminate\\Http\\Request))
#18 D:\\SMT 6\\PPL\\clone ppl\\BojongStore\\vendor\\laravel\\framework\\src\\Illuminate\\Pipeline\\Pipeline.php(208): App\\Http\\Middleware\\LogVisitor->handle(Object(Illuminate\\Http\\Request), Object(Closure))
#19 D:\\SMT 6\\PPL\\clone ppl\\BojongStore\\vendor\\laravel\\framework\\src\\Illuminate\\Routing\\Middleware\\SubstituteBindings.php(50): Illuminate\\Pipeline\\Pipeline->Illuminate\\Pipeline\\{closure}(Object(Illuminate\\Http\\Request))
#20 D:\\SMT 6\\PPL\\clone ppl\\BojongStore\\vendor\\laravel\\framework\\src\\Illuminate\\Pipeline\\Pipeline.php(208): Illuminate\\Routing\\Middleware\\SubstituteBindings->handle(Object(Illuminate\\Http\\Request), Object(Closure))
#21 D:\\SMT 6\\PPL\\clone ppl\\BojongStore\\vendor\\laravel\\framework\\src\\Illuminate\\Foundation\\Http\\Middleware\\VerifyCsrfToken.php(87): Illuminate\\Pipeline\\Pipeline->Illuminate\\Pipeline\\{closure}(Object(Illuminate\\Http\\Request))
#22 D:\\SMT 6\\PPL\\clone ppl\\BojongStore\\vendor\\laravel\\framework\\src\\Illuminate\\Pipeline\\Pipeline.php(208): Illuminate\\Foundation\\Http\\Middleware\\VerifyCsrfToken->handle(Object(Illuminate\\Http\\Request), Object(Closure))
#23 D:\\SMT 6\\PPL\\clone ppl\\BojongStore\\vendor\\laravel\\framework\\src\\Illuminate\\View\\Middleware\\ShareErrorsFromSession.php(48): Illuminate\\Pipeline\\Pipeline->Illuminate\\Pipeline\\{closure}(Object(Illuminate\\Http\\Request))
#24 D:\\SMT 6\\PPL\\clone ppl\\BojongStore\\vendor\\laravel\\framework\\src\\Illuminate\\Pipeline\\Pipeline.php(208): Illuminate\\View\\Middleware\\ShareErrorsFromSession->handle(Object(Illuminate\\Http\\Request), Object(Closure))
#25 D:\\SMT 6\\PPL\\clone ppl\\BojongStore\\vendor\\laravel\\framework\\src\\Illuminate\\Session\\Middleware\\StartSession.php(120): Illuminate\\Pipeline\\Pipeline->Illuminate\\Pipeline\\{closure}(Object(Illuminate\\Http\\Request))
#26 D:\\SMT 6\\PPL\\clone ppl\\BojongStore\\vendor\\laravel\\framework\\src\\Illuminate\\Session\\Middleware\\StartSession.php(63): Illuminate\\Session\\Middleware\\StartSession->handleStatefulRequest(Object(Illuminate\\Http\\Request), Object(Illuminate\\Session\\Store), Object(Closure))
#27 D:\\SMT 6\\PPL\\clone ppl\\BojongStore\\vendor\\laravel\\framework\\src\\Illuminate\\Pipeline\\Pipeline.php(208): Illuminate\\Session\\Middleware\\StartSession->handle(Object(Illuminate\\Http\\Request), Object(Closure))
#28 D:\\SMT 6\\PPL\\clone ppl\\BojongStore\\vendor\\laravel\\framework\\src\\Illuminate\\Cookie\\Middleware\\AddQueuedCookiesToResponse.php(36): Illuminate\\Pipeline\\Pipeline->Illuminate\\Pipeline\\{closure}(Object(Illuminate\\Http\\Request))
#29 D:\\SMT 6\\PPL\\clone ppl\\BojongStore\\vendor\\laravel\\framework\\src\\Illuminate\\Pipeline\\Pipeline.php(208): Illuminate\\Cookie\\Middleware\\AddQueuedCookiesToResponse->handle(Object(Illuminate\\Http\\Request), Object(Closure))
#30 D:\\SMT 6\\PPL\\clone ppl\\BojongStore\\vendor\\laravel\\framework\\src\\Illuminate\\Cookie\\Middleware\\EncryptCookies.php(74): Illuminate\\Pipeline\\Pipeline->Illuminate\\Pipeline\\{closure}(Object(Illuminate\\Http\\Request))
#31 D:\\SMT 6\\PPL\\clone ppl\\BojongStore\\vendor\\laravel\\framework\\src\\Illuminate\\Pipeline\\Pipeline.php(208): Illuminate\\Cookie\\Middleware\\EncryptCookies->handle(Object(Illuminate\\Http\\Request), Object(Closure))
#32 D:\\SMT 6\\PPL\\clone ppl\\BojongStore\\vendor\\laravel\\framework\\src\\Illuminate\\Pipeline\\Pipeline.php(126): Illuminate\\Pipeline\\Pipeline->Illuminate\\Pipeline\\{closure}(Object(Illuminate\\Http\\Request))
#33 D:\\SMT 6\\PPL\\clone ppl\\BojongStore\\vendor\\laravel\\framework\\src\\Illuminate\\Routing\\Router.php(807): Illuminate\\Pipeline\\Pipeline->then(Object(Closure))
#34 D:\\SMT 6\\PPL\\clone ppl\\BojongStore\\vendor\\laravel\\framework\\src\\Illuminate\\Routing\\Router.php(786): Illuminate\\Routing\\Router->runRouteWithinStack(Object(Illuminate\\Routing\\Route), Object(Illuminate\\Http\\Request))
#35 D:\\SMT 6\\PPL\\clone ppl\\BojongStore\\vendor\\laravel\\framework\\src\\Illuminate\\Routing\\Router.php(750): Illuminate\\Routing\\Router->runRoute(Object(Illuminate\\Http\\Request), Object(Illuminate\\Routing\\Route))
#36 D:\\SMT 6\\PPL\\clone ppl\\BojongStore\\vendor\\laravel\\framework\\src\\Illuminate\\Routing\\Router.php(739): Illuminate\\Routing\\Router->dispatchToRoute(Object(Illuminate\\Http\\Request))
#37 D:\\SMT 6\\PPL\\clone ppl\\BojongStore\\vendor\\laravel\\framework\\src\\Illuminate\\Foundation\\Http\\Kernel.php(200): Illuminate\\Routing\\Router->dispatch(Object(Illuminate\\Http\\Request))
#38 D:\\SMT 6\\PPL\\clone ppl\\BojongStore\\vendor\\laravel\\framework\\src\\Illuminate\\Pipeline\\Pipeline.php(169): Illuminate\\Foundation\\Http\\Kernel->Illuminate\\Foundation\\Http\\{closure}(Object(Illuminate\\Http\\Request))
#39 D:\\SMT 6\\PPL\\clone ppl\\BojongStore\\vendor\\laravel\\framework\\src\\Illuminate\\Foundation\\Http\\Middleware\\TransformsRequest.php(21): Illuminate\\Pipeline\\Pipeline->Illuminate\\Pipeline\\{closure}(Object(Illuminate\\Http\\Request))
#40 D:\\SMT 6\\PPL\\clone ppl\\BojongStore\\vendor\\laravel\\framework\\src\\Illuminate\\Foundation\\Http\\Middleware\\ConvertEmptyStringsToNull.php(31): Illuminate\\Foundation\\Http\\Middleware\\TransformsRequest->handle(Object(Illuminate\\Http\\Request), Object(Closure))
#41 D:\\SMT 6\\PPL\\clone ppl\\BojongStore\\vendor\\laravel\\framework\\src\\Illuminate\\Pipeline\\Pipeline.php(208): Illuminate\\Foundation\\Http\\Middleware\\ConvertEmptyStringsToNull->handle(Object(Illuminate\\Http\\Request), Object(Closure))
#42 D:\\SMT 6\\PPL\\clone ppl\\BojongStore\\vendor\\laravel\\framework\\src\\Illuminate\\Foundation\\Http\\Middleware\\TransformsRequest.php(21): Illuminate\\Pipeline\\Pipeline->Illuminate\\Pipeline\\{closure}(Object(Illuminate\\Http\\Request))
#43 D:\\SMT 6\\PPL\\clone ppl\\BojongStore\\vendor\\laravel\\framework\\src\\Illuminate\\Foundation\\Http\\Middleware\\TrimStrings.php(51): Illuminate\\Foundation\\Http\\Middleware\\TransformsRequest->handle(Object(Illuminate\\Http\\Request), Object(Closure))
#44 D:\\SMT 6\\PPL\\clone ppl\\BojongStore\\vendor\\laravel\\framework\\src\\Illuminate\\Pipeline\\Pipeline.php(208): Illuminate\\Foundation\\Http\\Middleware\\TrimStrings->handle(Object(Illuminate\\Http\\Request), Object(Closure))
#45 D:\\SMT 6\\PPL\\clone ppl\\BojongStore\\vendor\\laravel\\framework\\src\\Illuminate\\Http\\Middleware\\ValidatePostSize.php(27): Illuminate\\Pipeline\\Pipeline->Illuminate\\Pipeline\\{closure}(Object(Illuminate\\Http\\Request))
#46 D:\\SMT 6\\PPL\\clone ppl\\BojongStore\\vendor\\laravel\\framework\\src\\Illuminate\\Pipeline\\Pipeline.php(208): Illuminate\\Http\\Middleware\\ValidatePostSize->handle(Object(Illuminate\\Http\\Request), Object(Closure))
#47 D:\\SMT 6\\PPL\\clone ppl\\BojongStore\\vendor\\laravel\\framework\\src\\Illuminate\\Foundation\\Http\\Middleware\\PreventRequestsDuringMaintenance.php(109): Illuminate\\Pipeline\\Pipeline->Illuminate\\Pipeline\\{closure}(Object(Illuminate\\Http\\Request))
#48 D:\\SMT 6\\PPL\\clone ppl\\BojongStore\\vendor\\laravel\\framework\\src\\Illuminate\\Pipeline\\Pipeline.php(208): Illuminate\\Foundation\\Http\\Middleware\\PreventRequestsDuringMaintenance->handle(Object(Illuminate\\Http\\Request), Object(Closure))
#49 D:\\SMT 6\\PPL\\clone ppl\\BojongStore\\vendor\\laravel\\framework\\src\\Illuminate\\Http\\Middleware\\HandleCors.php(48): Illuminate\\Pipeline\\Pipeline->Illuminate\\Pipeline\\{closure}(Object(Illuminate\\Http\\Request))
#50 D:\\SMT 6\\PPL\\clone ppl\\BojongStore\\vendor\\laravel\\framework\\src\\Illuminate\\Pipeline\\Pipeline.php(208): Illuminate\\Http\\Middleware\\HandleCors->handle(Object(Illuminate\\Http\\Request), Object(Closure))
#51 D:\\SMT 6\\PPL\\clone ppl\\BojongStore\\vendor\\laravel\\framework\\src\\Illuminate\\Http\\Middleware\\TrustProxies.php(58): Illuminate\\Pipeline\\Pipeline->Illuminate\\Pipeline\\{closure}(Object(Illuminate\\Http\\Request))
#52 D:\\SMT 6\\PPL\\clone ppl\\BojongStore\\vendor\\laravel\\framework\\src\\Illuminate\\Pipeline\\Pipeline.php(208): Illuminate\\Http\\Middleware\\TrustProxies->handle(Object(Illuminate\\Http\\Request), Object(Closure))
#53 D:\\SMT 6\\PPL\\clone ppl\\BojongStore\\vendor\\laravel\\framework\\src\\Illuminate\\Foundation\\Http\\Middleware\\InvokeDeferredCallbacks.php(22): Illuminate\\Pipeline\\Pipeline->Illuminate\\Pipeline\\{closure}(Object(Illuminate\\Http\\Request))
#54 D:\\SMT 6\\PPL\\clone ppl\\BojongStore\\vendor\\laravel\\framework\\src\\Illuminate\\Pipeline\\Pipeline.php(208): Illuminate\\Foundation\\Http\\Middleware\\InvokeDeferredCallbacks->handle(Object(Illuminate\\Http\\Request), Object(Closure))
#55 D:\\SMT 6\\PPL\\clone ppl\\BojongStore\\vendor\\laravel\\framework\\src\\Illuminate\\Http\\Middleware\\ValidatePathEncoding.php(26): Illuminate\\Pipeline\\Pipeline->Illuminate\\Pipeline\\{closure}(Object(Illuminate\\Http\\Request))
#56 D:\\SMT 6\\PPL\\clone ppl\\BojongStore\\vendor\\laravel\\framework\\src\\Illuminate\\Pipeline\\Pipeline.php(208): Illuminate\\Http\\Middleware\\ValidatePathEncoding->handle(Object(Illuminate\\Http\\Request), Object(Closure))
#57 D:\\SMT 6\\PPL\\clone ppl\\BojongStore\\vendor\\laravel\\framework\\src\\Illuminate\\Pipeline\\Pipeline.php(126): Illuminate\\Pipeline\\Pipeline->Illuminate\\Pipeline\\{closure}(Object(Illuminate\\Http\\Request))
#58 D:\\SMT 6\\PPL\\clone ppl\\BojongStore\\vendor\\laravel\\framework\\src\\Illuminate\\Foundation\\Http\\Kernel.php(175): Illuminate\\Pipeline\\Pipeline->then(Object(Closure))
#59 D:\\SMT 6\\PPL\\clone ppl\\BojongStore\\vendor\\laravel\\framework\\src\\Illuminate\\Foundation\\Http\\Kernel.php(144): Illuminate\\Foundation\\Http\\Kernel->sendRequestThroughRouter(Object(Illuminate\\Http\\Request))
#60 D:\\SMT 6\\PPL\\clone ppl\\BojongStore\\vendor\\laravel\\framework\\src\\Illuminate\\Foundation\\Testing\\Concerns\\MakesHttpRequests.php(607): Illuminate\\Foundation\\Http\\Kernel->handle(Object(Illuminate\\Http\\Request))
#61 D:\\SMT 6\\PPL\\clone ppl\\BojongStore\\vendor\\laravel\\framework\\src\\Illuminate\\Foundation\\Testing\\Concerns\\MakesHttpRequests.php(368): Illuminate\\Foundation\\Testing\\TestCase->call('GET', '/', Array, Array, Array, Array)
#62 D:\\SMT 6\\PPL\\clone ppl\\BojongStore\\tests\\Feature\\ExampleTest.php(15): Illuminate\\Foundation\\Testing\\TestCase->get('/')
#63 D:\\SMT 6\\PPL\\clone ppl\\BojongStore\\vendor\\phpunit\\phpunit\\src\\Framework\\TestCase.php(1656): Tests\\Feature\\ExampleTest->test_the_application_returns_a_successful_response()
#64 D:\\SMT 6\\PPL\\clone ppl\\BojongStore\\vendor\\phpunit\\phpunit\\src\\Framework\\TestCase.php(514): PHPUnit\\Framework\\TestCase->runTest()
#65 D:\\SMT 6\\PPL\\clone ppl\\BojongStore\\vendor\\phpunit\\phpunit\\src\\Framework\\TestRunner\\TestRunner.php(87): PHPUnit\\Framework\\TestCase->runBare()
#66 D:\\SMT 6\\PPL\\clone ppl\\BojongStore\\vendor\\phpunit\\phpunit\\src\\Framework\\TestCase.php(361): PHPUnit\\Framework\\TestRunner->run(Object(Tests\\Feature\\ExampleTest))
#67 D:\\SMT 6\\PPL\\clone ppl\\BojongStore\\vendor\\phpunit\\phpunit\\src\\Framework\\TestSuite.php(369): PHPUnit\\Framework\\TestCase->run()
#68 D:\\SMT 6\\PPL\\clone ppl\\BojongStore\\vendor\\phpunit\\phpunit\\src\\Framework\\TestSuite.php(369): PHPUnit\\Framework\\TestSuite->run()
#69 D:\\SMT 6\\PPL\\clone ppl\\BojongStore\\vendor\\phpunit\\phpunit\\src\\Framework\\TestSuite.php(369): PHPUnit\\Framework\\TestSuite->run()
#70 D:\\SMT 6\\PPL\\clone ppl\\BojongStore\\vendor\\phpunit\\phpunit\\src\\TextUI\\TestRunner.php(64): PHPUnit\\Framework\\TestSuite->run()
#71 D:\\SMT 6\\PPL\\clone ppl\\BojongStore\\vendor\\phpunit\\phpunit\\src\\TextUI\\Application.php(210): PHPUnit\\TextUI\\TestRunner->run(Object(PHPUnit\\TextUI\\Configuration\\Configuration), Object(PHPUnit\\Runner\\ResultCache\\DefaultResultCache), Object(PHPUnit\\Framework\\TestSuite))
#72 D:\\SMT 6\\PPL\\clone ppl\\BojongStore\\vendor\\phpunit\\phpunit\\phpunit(104): PHPUnit\\TextUI\\Application->run(Array)
#73 {main}
"} 
[2026-06-03 15:58:46] local.ERROR: could not find driver (Connection: pgsql, SQL: select exists (select 1 from pg_class c, pg_namespace n where n.nspname = current_schema() and c.relname = 'migrations' and c.relkind in ('r', 'p') and n.oid = c.relnamespace)) {"exception":"[object] (Illuminate\\Database\\QueryException(code: 0): could not find driver (Connection: pgsql, SQL: select exists (select 1 from pg_class c, pg_namespace n where n.nspname = current_schema() and c.relname = 'migrations' and c.relkind in ('r', 'p') and n.oid = c.relnamespace)) at D:\\SMT 6\\PPL\\clone ppl\\BojongStore\\vendor\\laravel\\framework\\src\\Illuminate\\Database\\Connection.php:822)
[stacktrace]
#0 D:\\SMT 6\\PPL\\clone ppl\\BojongStore\\vendor\\laravel\\framework\\src\\Illuminate\\Database\\Connection.php(776): Illuminate\\Database\\Connection->runQueryCallback('select exists (...', Array, Object(Closure))
#1 D:\\SMT 6\\PPL\\clone ppl\\BojongStore\\vendor\\laravel\\framework\\src\\Illuminate\\Database\\Connection.php(395): Illuminate\\Database\\Connection->run('select exists (...', Array, Object(Closure))
#2 D:\\SMT 6\\PPL\\clone ppl\\BojongStore\\vendor\\laravel\\framework\\src\\Illuminate\\Database\\Connection.php(341): Illuminate\\Database\\Connection->select('select exists (...', Array, true)
#3 D:\\SMT 6\\PPL\\clone ppl\\BojongStore\\vendor\\laravel\\framework\\src\\Illuminate\\Database\\Connection.php(358): Illuminate\\Database\\Connection->selectOne('select exists (...', Array, true)
#4 D:\\SMT 6\\PPL\\clone ppl\\BojongStore\\vendor\\laravel\\framework\\src\\Illuminate\\Database\\Schema\\Builder.php(174): Illuminate\\Database\\Connection->scalar('select exists (...')
#5 D:\\SMT 6\\PPL\\clone ppl\\BojongStore\\vendor\\laravel\\framework\\src\\Illuminate\\Database\\Migrations\\DatabaseMigrationRepository.php(183): Illuminate\\Database\\Schema\\Builder->hasTable('migrations')
#6 D:\\SMT 6\\PPL\\clone ppl\\BojongStore\\vendor\\laravel\\framework\\src\\Illuminate\\Database\\Migrations\\Migrator.php(749): Illuminate\\Database\\Migrations\\DatabaseMigrationRepository->repositoryExists()
#7 D:\\SMT 6\\PPL\\clone ppl\\BojongStore\\vendor\\laravel\\framework\\src\\Illuminate\\Database\\Console\\Migrations\\MigrateCommand.php(164): Illuminate\\Database\\Migrations\\Migrator->repositoryExists()
#8 D:\\SMT 6\\PPL\\clone ppl\\BojongStore\\vendor\\laravel\\framework\\src\\Illuminate\\Support\\helpers.php(338): Illuminate\\Database\\Console\\Migrations\\MigrateCommand->Illuminate\\Database\\Console\\Migrations\\{closure}(1)
#9 D:\\SMT 6\\PPL\\clone ppl\\BojongStore\\vendor\\laravel\\framework\\src\\Illuminate\\Database\\Console\\Migrations\\MigrateCommand.php(164): retry(1, Object(Closure), 0, Object(Closure))
#10 D:\\SMT 6\\PPL\\clone ppl\\BojongStore\\vendor\\laravel\\framework\\src\\Illuminate\\Database\\Console\\Migrations\\MigrateCommand.php(140): Illuminate\\Database\\Console\\Migrations\\MigrateCommand->repositoryExists()
#11 D:\\SMT 6\\PPL\\clone ppl\\BojongStore\\vendor\\laravel\\framework\\src\\Illuminate\\Database\\Console\\Migrations\\MigrateCommand.php(110): Illuminate\\Database\\Console\\Migrations\\MigrateCommand->prepareDatabase()
#12 D:\\SMT 6\\PPL\\clone ppl\\BojongStore\\vendor\\laravel\\framework\\src\\Illuminate\\Database\\Migrations\\Migrator.php(665): Illuminate\\Database\\Console\\Migrations\\MigrateCommand->Illuminate\\Database\\Console\\Migrations\\{closure}()
#13 D:\\SMT 6\\PPL\\clone ppl\\BojongStore\\vendor\\laravel\\framework\\src\\Illuminate\\Database\\Console\\Migrations\\MigrateCommand.php(109): Illuminate\\Database\\Migrations\\Migrator->usingConnection(NULL, Object(Closure))
#14 D:\\SMT 6\\PPL\\clone ppl\\BojongStore\\vendor\\laravel\\framework\\src\\Illuminate\\Database\\Console\\Migrations\\MigrateCommand.php(88): Illuminate\\Database\\Console\\Migrations\\MigrateCommand->runMigrations()
#15 D:\\SMT 6\\PPL\\clone ppl\\BojongStore\\vendor\\laravel\\framework\\src\\Illuminate\\Container\\BoundMethod.php(36): Illuminate\\Database\\Console\\Migrations\\MigrateCommand->handle()
#16 D:\\SMT 6\\PPL\\clone ppl\\BojongStore\\vendor\\laravel\\framework\\src\\Illuminate\\Container\\Util.php(43): Illuminate\\Container\\BoundMethod::Illuminate\\Container\\{closure}()
#17 D:\\SMT 6\\PPL\\clone ppl\\BojongStore\\vendor\\laravel\\framework\\src\\Illuminate\\Container\\BoundMethod.php(96): Illuminate\\Container\\Util::unwrapIfClosure(Object(Closure))
#18 D:\\SMT 6\\PPL\\clone ppl\\BojongStore\\vendor\\laravel\\framework\\src\\Illuminate\\Container\\BoundMethod.php(35): Illuminate\\Container\\BoundMethod::callBoundMethod(Object(Illuminate\\Foundation\\Application), Array, Object(Closure))
#19 D:\\SMT 6\\PPL\\clone ppl\\BojongStore\\vendor\\laravel\\framework\\src\\Illuminate\\Container\\Container.php(754): Illuminate\\Container\\BoundMethod::call(Object(Illuminate\\Foundation\\Application), Array, Array, NULL)
#20 D:\\SMT 6\\PPL\\clone ppl\\BojongStore\\vendor\\laravel\\framework\\src\\Illuminate\\Console\\Command.php(211): Illuminate\\Container\\Container->call(Array)
#21 D:\\SMT 6\\PPL\\clone ppl\\BojongStore\\vendor\\symfony\\console\\Command\\Command.php(318): Illuminate\\Console\\Command->execute(Object(Symfony\\Component\\Console\\Input\\ArgvInput), Object(Illuminate\\Console\\OutputStyle))
#22 D:\\SMT 6\\PPL\\clone ppl\\BojongStore\\vendor\\laravel\\framework\\src\\Illuminate\\Console\\Command.php(180): Symfony\\Component\\Console\\Command\\Command->run(Object(Symfony\\Component\\Console\\Input\\ArgvInput), Object(Illuminate\\Console\\OutputStyle))
#23 D:\\SMT 6\\PPL\\clone ppl\\BojongStore\\vendor\\symfony\\console\\Application.php(1092): Illuminate\\Console\\Command->run(Object(Symfony\\Component\\Console\\Input\\ArgvInput), Object(Symfony\\Component\\Console\\Output\\ConsoleOutput))
#24 D:\\SMT 6\\PPL\\clone ppl\\BojongStore\\vendor\\symfony\\console\\Application.php(341): Symfony\\Component\\Console\\Application->doRunCommand(Object(Illuminate\\Database\\Console\\Migrations\\MigrateCommand), Object(Symfony\\Component\\Console\\Input\\ArgvInput), Object(Symfony\\Component\\Console\\Output\\ConsoleOutput))
#25 D:\\SMT 6\\PPL\\clone ppl\\BojongStore\\vendor\\symfony\\console\\Application.php(192): Symfony\\Component\\Console\\Application->doRun(Object(Symfony\\Component\\Console\\Input\\ArgvInput), Object(Symfony\\Component\\Console\\Output\\ConsoleOutput))
#26 D:\\SMT 6\\PPL\\clone ppl\\BojongStore\\vendor\\laravel\\framework\\src\\Illuminate\\Foundation\\Console\\Kernel.php(197): Symfony\\Component\\Console\\Application->run(Object(Symfony\\Component\\Console\\Input\\ArgvInput), Object(Symfony\\Component\\Console\\Output\\ConsoleOutput))
#27 D:\\SMT 6\\PPL\\clone ppl\\BojongStore\\vendor\\laravel\\framework\\src\\Illuminate\\Foundation\\Application.php(1234): Illuminate\\Foundation\\Console\\Kernel->handle(Object(Symfony\\Component\\Console\\Input\\ArgvInput), Object(Symfony\\Component\\Console\\Output\\ConsoleOutput))
#28 D:\\SMT 6\\PPL\\clone ppl\\BojongStore\\artisan(16): Illuminate\\Foundation\\Application->handleCommand(Object(Symfony\\Component\\Console\\Input\\ArgvInput))
#29 {main}

[previous exception] [object] (PDOException(code: 0): could not find driver at D:\\SMT 6\\PPL\\clone ppl\\BojongStore\\vendor\\laravel\\framework\\src\\Illuminate\\Database\\Connectors\\Connector.php:66)
[stacktrace]
#0 D:\\SMT 6\\PPL\\clone ppl\\BojongStore\\vendor\\laravel\\framework\\src\\Illuminate\\Database\\Connectors\\Connector.php(66): PDO->__construct('pgsql:host=aws-...', 'postgres.fbctqt...', Object(SensitiveParameterValue), Array)
#1 D:\\SMT 6\\PPL\\clone ppl\\BojongStore\\vendor\\laravel\\framework\\src\\Illuminate\\Database\\Connectors\\Connector.php(44): Illuminate\\Database\\Connectors\\Connector->createPdoConnection('pgsql:host=aws-...', 'postgres.fbctqt...', Object(SensitiveParameterValue), Array)
#2 D:\\SMT 6\\PPL\\clone ppl\\BojongStore\\vendor\\laravel\\framework\\src\\Illuminate\\Database\\Connectors\\PostgresConnector.php(35): Illuminate\\Database\\Connectors\\Connector->createConnection('pgsql:host=aws-...', Array, Array)
#3 D:\\SMT 6\\PPL\\clone ppl\\BojongStore\\vendor\\laravel\\framework\\src\\Illuminate\\Database\\Connectors\\ConnectionFactory.php(184): Illuminate\\Database\\Connectors\\PostgresConnector->connect(Array)
#4 [internal function]: Illuminate\\Database\\Connectors\\ConnectionFactory->Illuminate\\Database\\Connectors\\{closure}()
#5 D:\\SMT 6\\PPL\\clone ppl\\BojongStore\\vendor\\laravel\\framework\\src\\Illuminate\\Database\\Connection.php(1228): call_user_func(Object(Closure))
#6 D:\\SMT 6\\PPL\\clone ppl\\BojongStore\\vendor\\laravel\\framework\\src\\Illuminate\\Database\\Connection.php(1264): Illuminate\\Database\\Connection->getPdo()
#7 D:\\SMT 6\\PPL\\clone ppl\\BojongStore\\vendor\\laravel\\framework\\src\\Illuminate\\Database\\Connection.php(509): Illuminate\\Database\\Connection->getReadPdo()
#8 D:\\SMT 6\\PPL\\clone ppl\\BojongStore\\vendor\\laravel\\framework\\src\\Illuminate\\Database\\Connection.php(404): Illuminate\\Database\\Connection->getPdoForSelect(true)
#9 D:\\SMT 6\\PPL\\clone ppl\\BojongStore\\vendor\\laravel\\framework\\src\\Illuminate\\Database\\Connection.php(809): Illuminate\\Database\\Connection->Illuminate\\Database\\{closure}('select exists (...', Array)
#10 D:\\SMT 6\\PPL\\clone ppl\\BojongStore\\vendor\\laravel\\framework\\src\\Illuminate\\Database\\Connection.php(776): Illuminate\\Database\\Connection->runQueryCallback('select exists (...', Array, Object(Closure))
#11 D:\\SMT 6\\PPL\\clone ppl\\BojongStore\\vendor\\laravel\\framework\\src\\Illuminate\\Database\\Connection.php(395): Illuminate\\Database\\Connection->run('select exists (...', Array, Object(Closure))
#12 D:\\SMT 6\\PPL\\clone ppl\\BojongStore\\vendor\\laravel\\framework\\src\\Illuminate\\Database\\Connection.php(341): Illuminate\\Database\\Connection->select('select exists (...', Array, true)
#13 D:\\SMT 6\\PPL\\clone ppl\\BojongStore\\vendor\\laravel\\framework\\src\\Illuminate\\Database\\Connection.php(358): Illuminate\\Database\\Connection->selectOne('select exists (...', Array, true)
#14 D:\\SMT 6\\PPL\\clone ppl\\BojongStore\\vendor\\laravel\\framework\\src\\Illuminate\\Database\\Schema\\Builder.php(174): Illuminate\\Database\\Connection->scalar('select exists (...')
#15 D:\\SMT 6\\PPL\\clone ppl\\BojongStore\\vendor\\laravel\\framework\\src\\Illuminate\\Database\\Migrations\\DatabaseMigrationRepository.php(183): Illuminate\\Database\\Schema\\Builder->hasTable('migrations')
#16 D:\\SMT 6\\PPL\\clone ppl\\BojongStore\\vendor\\laravel\\framework\\src\\Illuminate\\Database\\Migrations\\Migrator.php(749): Illuminate\\Database\\Migrations\\DatabaseMigrationRepository->repositoryExists()
#17 D:\\SMT 6\\PPL\\clone ppl\\BojongStore\\vendor\\laravel\\framework\\src\\Illuminate\\Database\\Console\\Migrations\\MigrateCommand.php(164): Illuminate\\Database\\Migrations\\Migrator->repositoryExists()
#18 D:\\SMT 6\\PPL\\clone ppl\\BojongStore\\vendor\\laravel\\framework\\src\\Illuminate\\Support\\helpers.php(338): Illuminate\\Database\\Console\\Migrations\\MigrateCommand->Illuminate\\Database\\Console\\Migrations\\{closure}(1)
#19 D:\\SMT 6\\PPL\\clone ppl\\BojongStore\\vendor\\laravel\\framework\\src\\Illuminate\\Database\\Console\\Migrations\\MigrateCommand.php(164): retry(1, Object(Closure), 0, Object(Closure))
#20 D:\\SMT 6\\PPL\\clone ppl\\BojongStore\\vendor\\laravel\\framework\\src\\Illuminate\\Database\\Console\\Migrations\\MigrateCommand.php(140): Illuminate\\Database\\Console\\Migrations\\MigrateCommand->repositoryExists()
#21 D:\\SMT 6\\PPL\\clone ppl\\BojongStore\\vendor\\laravel\\framework\\src\\Illuminate\\Database\\Console\\Migrations\\MigrateCommand.php(110): Illuminate\\Database\\Console\\Migrations\\MigrateCommand->prepareDatabase()
#22 D:\\SMT 6\\PPL\\clone ppl\\BojongStore\\vendor\\laravel\\framework\\src\\Illuminate\\Database\\Migrations\\Migrator.php(665): Illuminate\\Database\\Console\\Migrations\\MigrateCommand->Illuminate\\Database\\Console\\Migrations\\{closure}()
#23 D:\\SMT 6\\PPL\\clone ppl\\BojongStore\\vendor\\laravel\\framework\\src\\Illuminate\\Database\\Console\\Migrations\\MigrateCommand.php(109): Illuminate\\Database\\Migrations\\Migrator->usingConnection(NULL, Object(Closure))
#24 D:\\SMT 6\\PPL\\clone ppl\\BojongStore\\vendor\\laravel\\framework\\src\\Illuminate\\Database\\Console\\Migrations\\MigrateCommand.php(88): Illuminate\\Database\\Console\\Migrations\\MigrateCommand->runMigrations()
#25 D:\\SMT 6\\PPL\\clone ppl\\BojongStore\\vendor\\laravel\\framework\\src\\Illuminate\\Container\\BoundMethod.php(36): Illuminate\\Database\\Console\\Migrations\\MigrateCommand->handle()
#26 D:\\SMT 6\\PPL\\clone ppl\\BojongStore\\vendor\\laravel\\framework\\src\\Illuminate\\Container\\Util.php(43): Illuminate\\Container\\BoundMethod::Illuminate\\Container\\{closure}()
#27 D:\\SMT 6\\PPL\\clone ppl\\BojongStore\\vendor\\laravel\\framework\\src\\Illuminate\\Container\\BoundMethod.php(96): Illuminate\\Container\\Util::unwrapIfClosure(Object(Closure))
#28 D:\\SMT 6\\PPL\\clone ppl\\BojongStore\\vendor\\laravel\\framework\\src\\Illuminate\\Container\\BoundMethod.php(35): Illuminate\\Container\\BoundMethod::callBoundMethod(Object(Illuminate\\Foundation\\Application), Array, Object(Closure))
#29 D:\\SMT 6\\PPL\\clone ppl\\BojongStore\\vendor\\laravel\\framework\\src\\Illuminate\\Container\\Container.php(754): Illuminate\\Container\\BoundMethod::call(Object(Illuminate\\Foundation\\Application), Array, Array, NULL)
#30 D:\\SMT 6\\PPL\\clone ppl\\BojongStore\\vendor\\laravel\\framework\\src\\Illuminate\\Console\\Command.php(211): Illuminate\\Container\\Container->call(Array)
#31 D:\\SMT 6\\PPL\\clone ppl\\BojongStore\\vendor\\symfony\\console\\Command\\Command.php(318): Illuminate\\Console\\Command->execute(Object(Symfony\\Component\\Console\\Input\\ArgvInput), Object(Illuminate\\Console\\OutputStyle))
#32 D:\\SMT 6\\PPL\\clone ppl\\BojongStore\\vendor\\laravel\\framework\\src\\Illuminate\\Console\\Command.php(180): Symfony\\Component\\Console\\Command\\Command->run(Object(Symfony\\Component\\Console\\Input\\ArgvInput), Object(Illuminate\\Console\\OutputStyle))
#33 D:\\SMT 6\\PPL\\clone ppl\\BojongStore\\vendor\\symfony\\console\\Application.php(1092): Illuminate\\Console\\Command->run(Object(Symfony\\Component\\Console\\Input\\ArgvInput), Object(Symfony\\Component\\Console\\Output\\ConsoleOutput))
#34 D:\\SMT 6\\PPL\\clone ppl\\BojongStore\\vendor\\symfony\\console\\Application.php(341): Symfony\\Component\\Console\\Application->doRunCommand(Object(Illuminate\\Database\\Console\\Migrations\\MigrateCommand), Object(Symfony\\Component\\Console\\Input\\ArgvInput), Object(Symfony\\Component\\Console\\Output\\ConsoleOutput))
#35 D:\\SMT 6\\PPL\\clone ppl\\BojongStore\\vendor\\symfony\\console\\Application.php(192): Symfony\\Component\\Console\\Application->doRun(Object(Symfony\\Component\\Console\\Input\\ArgvInput), Object(Symfony\\Component\\Console\\Output\\ConsoleOutput))
#36 D:\\SMT 6\\PPL\\clone ppl\\BojongStore\\vendor\\laravel\\framework\\src\\Illuminate\\Foundation\\Console\\Kernel.php(197): Symfony\\Component\\Console\\Application->run(Object(Symfony\\Component\\Console\\Input\\ArgvInput), Object(Symfony\\Component\\Console\\Output\\ConsoleOutput))
#37 D:\\SMT 6\\PPL\\clone ppl\\BojongStore\\vendor\\laravel\\framework\\src\\Illuminate\\Foundation\\Application.php(1234): Illuminate\\Foundation\\Console\\Kernel->handle(Object(Symfony\\Component\\Console\\Input\\ArgvInput), Object(Symfony\\Component\\Console\\Output\\ConsoleOutput))
#38 D:\\SMT 6\\PPL\\clone ppl\\BojongStore\\artisan(16): Illuminate\\Foundation\\Application->handleCommand(Object(Symfony\\Component\\Console\\Input\\ArgvInput))
#39 {main}
"} 
[2026-06-03 16:00:33] local.ERROR: could not find driver (Connection: pgsql, SQL: select * from "sessions" where "id" = OGe0NFvJNWnSdyeEpXyzX9GkZ2n2uVnkWZKxkaxx limit 1) {"exception":"[object] (Illuminate\\Database\\QueryException(code: 0): could not find driver (Connection: pgsql, SQL: select * from \"sessions\" where \"id\" = OGe0NFvJNWnSdyeEpXyzX9GkZ2n2uVnkWZKxkaxx limit 1) at D:\\SMT 6\\PPL\\clone ppl\\BojongStore\\vendor\\laravel\\framework\\src\\Illuminate\\Database\\Connection.php:822)
[stacktrace]
#0 D:\\SMT 6\\PPL\\clone ppl\\BojongStore\\vendor\\laravel\\framework\\src\\Illuminate\\Database\\Connection.php(776): Illuminate\\Database\\Connection->runQueryCallback('select * from \"...', Array, Object(Closure))
#1 D:\\SMT 6\\PPL\\clone ppl\\BojongStore\\vendor\\laravel\\framework\\src\\Illuminate\\Database\\Connection.php(395): Illuminate\\Database\\Connection->run('select * from \"...', Array, Object(Closure))
#2 D:\\SMT 6\\PPL\\clone ppl\\BojongStore\\vendor\\laravel\\framework\\src\\Illuminate\\Database\\Query\\Builder.php(3131): Illuminate\\Database\\Connection->select('select * from \"...', Array, false)
#3 D:\\SMT 6\\PPL\\clone ppl\\BojongStore\\vendor\\laravel\\framework\\src\\Illuminate\\Database\\Query\\Builder.php(3116): Illuminate\\Database\\Query\\Builder->runSelect()
#4 D:\\SMT 6\\PPL\\clone ppl\\BojongStore\\vendor\\laravel\\framework\\src\\Illuminate\\Database\\Query\\Builder.php(3706): Illuminate\\Database\\Query\\Builder->Illuminate\\Database\\Query\\{closure}()
#5 D:\\SMT 6\\PPL\\clone ppl\\BojongStore\\vendor\\laravel\\framework\\src\\Illuminate\\Database\\Query\\Builder.php(3115): Illuminate\\Database\\Query\\Builder->onceWithColumns(Array, Object(Closure))
#6 D:\\SMT 6\\PPL\\clone ppl\\BojongStore\\vendor\\laravel\\framework\\src\\Illuminate\\Database\\Concerns\\BuildsQueries.php(366): Illuminate\\Database\\Query\\Builder->get(Array)
#7 D:\\SMT 6\\PPL\\clone ppl\\BojongStore\\vendor\\laravel\\framework\\src\\Illuminate\\Database\\Query\\Builder.php(3038): Illuminate\\Database\\Query\\Builder->first(Array)
#8 D:\\SMT 6\\PPL\\clone ppl\\BojongStore\\vendor\\laravel\\framework\\src\\Illuminate\\Session\\DatabaseSessionHandler.php(96): Illuminate\\Database\\Query\\Builder->find('OGe0NFvJNWnSdye...')
#9 D:\\SMT 6\\PPL\\clone ppl\\BojongStore\\vendor\\laravel\\framework\\src\\Illuminate\\Session\\Store.php(116): Illuminate\\Session\\DatabaseSessionHandler->read('OGe0NFvJNWnSdye...')
#10 D:\\SMT 6\\PPL\\clone ppl\\BojongStore\\vendor\\laravel\\framework\\src\\Illuminate\\Session\\Store.php(104): Illuminate\\Session\\Store->readFromHandler()
#11 D:\\SMT 6\\PPL\\clone ppl\\BojongStore\\vendor\\laravel\\framework\\src\\Illuminate\\Session\\Store.php(88): Illuminate\\Session\\Store->loadSession()
#12 D:\\SMT 6\\PPL\\clone ppl\\BojongStore\\vendor\\laravel\\framework\\src\\Illuminate\\Session\\Middleware\\StartSession.php(146): Illuminate\\Session\\Store->start()
#13 D:\\SMT 6\\PPL\\clone ppl\\BojongStore\\vendor\\laravel\\framework\\src\\Illuminate\\Support\\helpers.php(399): Illuminate\\Session\\Middleware\\StartSession->Illuminate\\Session\\Middleware\\{closure}(Object(Illuminate\\Session\\Store))
#14 D:\\SMT 6\\PPL\\clone ppl\\BojongStore\\vendor\\laravel\\framework\\src\\Illuminate\\Session\\Middleware\\StartSession.php(143): tap(Object(Illuminate\\Session\\Store), Object(Closure))
#15 D:\\SMT 6\\PPL\\clone ppl\\BojongStore\\vendor\\laravel\\framework\\src\\Illuminate\\Session\\Middleware\\StartSession.php(115): Illuminate\\Session\\Middleware\\StartSession->startSession(Object(Illuminate\\Http\\Request), Object(Illuminate\\Session\\Store))
#16 D:\\SMT 6\\PPL\\clone ppl\\BojongStore\\vendor\\laravel\\framework\\src\\Illuminate\\Session\\Middleware\\StartSession.php(63): Illuminate\\Session\\Middleware\\StartSession->handleStatefulRequest(Object(Illuminate\\Http\\Request), Object(Illuminate\\Session\\Store), Object(Closure))
#17 D:\\SMT 6\\PPL\\clone ppl\\BojongStore\\vendor\\laravel\\framework\\src\\Illuminate\\Pipeline\\Pipeline.php(208): Illuminate\\Session\\Middleware\\StartSession->handle(Object(Illuminate\\Http\\Request), Object(Closure))
#18 D:\\SMT 6\\PPL\\clone ppl\\BojongStore\\vendor\\laravel\\framework\\src\\Illuminate\\Cookie\\Middleware\\AddQueuedCookiesToResponse.php(36): Illuminate\\Pipeline\\Pipeline->Illuminate\\Pipeline\\{closure}(Object(Illuminate\\Http\\Request))
#19 D:\\SMT 6\\PPL\\clone ppl\\BojongStore\\vendor\\laravel\\framework\\src\\Illuminate\\Pipeline\\Pipeline.php(208): Illuminate\\Cookie\\Middleware\\AddQueuedCookiesToResponse->handle(Object(Illuminate\\Http\\Request), Object(Closure))
#20 D:\\SMT 6\\PPL\\clone ppl\\BojongStore\\vendor\\laravel\\framework\\src\\Illuminate\\Cookie\\Middleware\\EncryptCookies.php(74): Illuminate\\Pipeline\\Pipeline->Illuminate\\Pipeline\\{closure}(Object(Illuminate\\Http\\Request))
#21 D:\\SMT 6\\PPL\\clone ppl\\BojongStore\\vendor\\laravel\\framework\\src\\Illuminate\\Pipeline\\Pipeline.php(208): Illuminate\\Cookie\\Middleware\\EncryptCookies->handle(Object(Illuminate\\Http\\Request), Object(Closure))
#22 D:\\SMT 6\\PPL\\clone ppl\\BojongStore\\vendor\\laravel\\framework\\src\\Illuminate\\Pipeline\\Pipeline.php(126): Illuminate\\Pipeline\\Pipeline->Illuminate\\Pipeline\\{closure}(Object(Illuminate\\Http\\Request))
#23 D:\\SMT 6\\PPL\\clone ppl\\BojongStore\\vendor\\laravel\\framework\\src\\Illuminate\\Routing\\Router.php(807): Illuminate\\Pipeline\\Pipeline->then(Object(Closure))
#24 D:\\SMT 6\\PPL\\clone ppl\\BojongStore\\vendor\\laravel\\framework\\src\\Illuminate\\Routing\\Router.php(786): Illuminate\\Routing\\Router->runRouteWithinStack(Object(Illuminate\\Routing\\Route), Object(Illuminate\\Http\\Request))
#25 D:\\SMT 6\\PPL\\clone ppl\\BojongStore\\vendor\\laravel\\framework\\src\\Illuminate\\Routing\\Router.php(750): Illuminate\\Routing\\Router->runRoute(Object(Illuminate\\Http\\Request), Object(Illuminate\\Routing\\Route))
#26 D:\\SMT 6\\PPL\\clone ppl\\BojongStore\\vendor\\laravel\\framework\\src\\Illuminate\\Routing\\Router.php(739): Illuminate\\Routing\\Router->dispatchToRoute(Object(Illuminate\\Http\\Request))
#27 D:\\SMT 6\\PPL\\clone ppl\\BojongStore\\vendor\\laravel\\framework\\src\\Illuminate\\Foundation\\Http\\Kernel.php(200): Illuminate\\Routing\\Router->dispatch(Object(Illuminate\\Http\\Request))
#28 D:\\SMT 6\\PPL\\clone ppl\\BojongStore\\vendor\\laravel\\framework\\src\\Illuminate\\Pipeline\\Pipeline.php(169): Illuminate\\Foundation\\Http\\Kernel->Illuminate\\Foundation\\Http\\{closure}(Object(Illuminate\\Http\\Request))
#29 D:\\SMT 6\\PPL\\clone ppl\\BojongStore\\vendor\\laravel\\framework\\src\\Illuminate\\Foundation\\Http\\Middleware\\TransformsRequest.php(21): Illuminate\\Pipeline\\Pipeline->Illuminate\\Pipeline\\{closure}(Object(Illuminate\\Http\\Request))
#30 D:\\SMT 6\\PPL\\clone ppl\\BojongStore\\vendor\\laravel\\framework\\src\\Illuminate\\Foundation\\Http\\Middleware\\ConvertEmptyStringsToNull.php(31): Illuminate\\Foundation\\Http\\Middleware\\TransformsRequest->handle(Object(Illuminate\\Http\\Request), Object(Closure))
#31 D:\\SMT 6\\PPL\\clone ppl\\BojongStore\\vendor\\laravel\\framework\\src\\Illuminate\\Pipeline\\Pipeline.php(208): Illuminate\\Foundation\\Http\\Middleware\\ConvertEmptyStringsToNull->handle(Object(Illuminate\\Http\\Request), Object(Closure))
#32 D:\\SMT 6\\PPL\\clone ppl\\BojongStore\\vendor\\laravel\\framework\\src\\Illuminate\\Foundation\\Http\\Middleware\\TransformsRequest.php(21): Illuminate\\Pipeline\\Pipeline->Illuminate\\Pipeline\\{closure}(Object(Illuminate\\Http\\Request))
#33 D:\\SMT 6\\PPL\\clone ppl\\BojongStore\\vendor\\laravel\\framework\\src\\Illuminate\\Foundation\\Http\\Middleware\\TrimStrings.php(51): Illuminate\\Foundation\\Http\\Middleware\\TransformsRequest->handle(Object(Illuminate\\Http\\Request), Object(Closure))
#34 D:\\SMT 6\\PPL\\clone ppl\\BojongStore\\vendor\\laravel\\framework\\src\\Illuminate\\Pipeline\\Pipeline.php(208): Illuminate\\Foundation\\Http\\Middleware\\TrimStrings->handle(Object(Illuminate\\Http\\Request), Object(Closure))
#35 D:\\SMT 6\\PPL\\clone ppl\\BojongStore\\vendor\\laravel\\framework\\src\\Illuminate\\Http\\Middleware\\ValidatePostSize.php(27): Illuminate\\Pipeline\\Pipeline->Illuminate\\Pipeline\\{closure}(Object(Illuminate\\Http\\Request))
#36 D:\\SMT 6\\PPL\\clone ppl\\BojongStore\\vendor\\laravel\\framework\\src\\Illuminate\\Pipeline\\Pipeline.php(208): Illuminate\\Http\\Middleware\\ValidatePostSize->handle(Object(Illuminate\\Http\\Request), Object(Closure))
#37 D:\\SMT 6\\PPL\\clone ppl\\BojongStore\\vendor\\laravel\\framework\\src\\Illuminate\\Foundation\\Http\\Middleware\\PreventRequestsDuringMaintenance.php(109): Illuminate\\Pipeline\\Pipeline->Illuminate\\Pipeline\\{closure}(Object(Illuminate\\Http\\Request))
#38 D:\\SMT 6\\PPL\\clone ppl\\BojongStore\\vendor\\laravel\\framework\\src\\Illuminate\\Pipeline\\Pipeline.php(208): Illuminate\\Foundation\\Http\\Middleware\\PreventRequestsDuringMaintenance->handle(Object(Illuminate\\Http\\Request), Object(Closure))
#39 D:\\SMT 6\\PPL\\clone ppl\\BojongStore\\vendor\\laravel\\framework\\src\\Illuminate\\Http\\Middleware\\HandleCors.php(48): Illuminate\\Pipeline\\Pipeline->Illuminate\\Pipeline\\{closure}(Object(Illuminate\\Http\\Request))
#40 D:\\SMT 6\\PPL\\clone ppl\\BojongStore\\vendor\\laravel\\framework\\src\\Illuminate\\Pipeline\\Pipeline.php(208): Illuminate\\Http\\Middleware\\HandleCors->handle(Object(Illuminate\\Http\\Request), Object(Closure))
#41 D:\\SMT 6\\PPL\\clone ppl\\BojongStore\\vendor\\laravel\\framework\\src\\Illuminate\\Http\\Middleware\\TrustProxies.php(58): Illuminate\\Pipeline\\Pipeline->Illuminate\\Pipeline\\{closure}(Object(Illuminate\\Http\\Request))
#42 D:\\SMT 6\\PPL\\clone ppl\\BojongStore\\vendor\\laravel\\framework\\src\\Illuminate\\Pipeline\\Pipeline.php(208): Illuminate\\Http\\Middleware\\TrustProxies->handle(Object(Illuminate\\Http\\Request), Object(Closure))
#43 D:\\SMT 6\\PPL\\clone ppl\\BojongStore\\vendor\\laravel\\framework\\src\\Illuminate\\Foundation\\Http\\Middleware\\InvokeDeferredCallbacks.php(22): Illuminate\\Pipeline\\Pipeline->Illuminate\\Pipeline\\{closure}(Object(Illuminate\\Http\\Request))
#44 D:\\SMT 6\\PPL\\clone ppl\\BojongStore\\vendor\\laravel\\framework\\src\\Illuminate\\Pipeline\\Pipeline.php(208): Illuminate\\Foundation\\Http\\Middleware\\InvokeDeferredCallbacks->handle(Object(Illuminate\\Http\\Request), Object(Closure))
#45 D:\\SMT 6\\PPL\\clone ppl\\BojongStore\\vendor\\laravel\\framework\\src\\Illuminate\\Http\\Middleware\\ValidatePathEncoding.php(26): Illuminate\\Pipeline\\Pipeline->Illuminate\\Pipeline\\{closure}(Object(Illuminate\\Http\\Request))
#46 D:\\SMT 6\\PPL\\clone ppl\\BojongStore\\vendor\\laravel\\framework\\src\\Illuminate\\Pipeline\\Pipeline.php(208): Illuminate\\Http\\Middleware\\ValidatePathEncoding->handle(Object(Illuminate\\Http\\Request), Object(Closure))
#47 D:\\SMT 6\\PPL\\clone ppl\\BojongStore\\vendor\\laravel\\framework\\src\\Illuminate\\Pipeline\\Pipeline.php(126): Illuminate\\Pipeline\\Pipeline->Illuminate\\Pipeline\\{closure}(Object(Illuminate\\Http\\Request))
#48 D:\\SMT 6\\PPL\\clone ppl\\BojongStore\\vendor\\laravel\\framework\\src\\Illuminate\\Foundation\\Http\\Kernel.php(175): Illuminate\\Pipeline\\Pipeline->then(Object(Closure))
#49 D:\\SMT 6\\PPL\\clone ppl\\BojongStore\\vendor\\laravel\\framework\\src\\Illuminate\\Foundation\\Http\\Kernel.php(144): Illuminate\\Foundation\\Http\\Kernel->sendRequestThroughRouter(Object(Illuminate\\Http\\Request))
#50 D:\\SMT 6\\PPL\\clone ppl\\BojongStore\\vendor\\laravel\\framework\\src\\Illuminate\\Foundation\\Application.php(1219): Illuminate\\Foundation\\Http\\Kernel->handle(Object(Illuminate\\Http\\Request))
#51 D:\\SMT 6\\PPL\\clone ppl\\BojongStore\\public\\index.php(20): Illuminate\\Foundation\\Application->handleRequest(Object(Illuminate\\Http\\Request))
#52 D:\\SMT 6\\PPL\\clone ppl\\BojongStore\\vendor\\laravel\\framework\\src\\Illuminate\\Foundation\\resources\\server.php(23): require_once('D:\\\\SMT 6\\\\PPL\\\\cl...')
#53 {main}

[previous exception] [object] (PDOException(code: 0): could not find driver at D:\\SMT 6\\PPL\\clone ppl\\BojongStore\\vendor\\laravel\\framework\\src\\Illuminate\\Database\\Connectors\\Connector.php:66)
[stacktrace]
#0 D:\\SMT 6\\PPL\\clone ppl\\BojongStore\\vendor\\laravel\\framework\\src\\Illuminate\\Database\\Connectors\\Connector.php(66): PDO->__construct('pgsql:host=aws-...', 'postgres.fbctqt...', Object(SensitiveParameterValue), Array)
#1 D:\\SMT 6\\PPL\\clone ppl\\BojongStore\\vendor\\laravel\\framework\\src\\Illuminate\\Database\\Connectors\\Connector.php(44): Illuminate\\Database\\Connectors\\Connector->createPdoConnection('pgsql:host=aws-...', 'postgres.fbctqt...', Object(SensitiveParameterValue), Array)
#2 D:\\SMT 6\\PPL\\clone ppl\\BojongStore\\vendor\\laravel\\framework\\src\\Illuminate\\Database\\Connectors\\PostgresConnector.php(35): Illuminate\\Database\\Connectors\\Connector->createConnection('pgsql:host=aws-...', Array, Array)
#3 D:\\SMT 6\\PPL\\clone ppl\\BojongStore\\vendor\\laravel\\framework\\src\\Illuminate\\Database\\Connectors\\ConnectionFactory.php(184): Illuminate\\Database\\Connectors\\PostgresConnector->connect(Array)
#4 [internal function]: Illuminate\\Database\\Connectors\\ConnectionFactory->Illuminate\\Database\\Connectors\\{closure}()
#5 D:\\SMT 6\\PPL\\clone ppl\\BojongStore\\vendor\\laravel\\framework\\src\\Illuminate\\Database\\Connection.php(1228): call_user_func(Object(Closure))
#6 D:\\SMT 6\\PPL\\clone ppl\\BojongStore\\vendor\\laravel\\framework\\src\\Illuminate\\Database\\Connection.php(509): Illuminate\\Database\\Connection->getPdo()
#7 D:\\SMT 6\\PPL\\clone ppl\\BojongStore\\vendor\\laravel\\framework\\src\\Illuminate\\Database\\Connection.php(404): Illuminate\\Database\\Connection->getPdoForSelect(false)
#8 D:\\SMT 6\\PPL\\clone ppl\\BojongStore\\vendor\\laravel\\framework\\src\\Illuminate\\Database\\Connection.php(809): Illuminate\\Database\\Connection->Illuminate\\Database\\{closure}('select * from \"...', Array)
#9 D:\\SMT 6\\PPL\\clone ppl\\BojongStore\\vendor\\laravel\\framework\\src\\Illuminate\\Database\\Connection.php(776): Illuminate\\Database\\Connection->runQueryCallback('select * from \"...', Array, Object(Closure))
#10 D:\\SMT 6\\PPL\\clone ppl\\BojongStore\\vendor\\laravel\\framework\\src\\Illuminate\\Database\\Connection.php(395): Illuminate\\Database\\Connection->run('select * from \"...', Array, Object(Closure))
#11 D:\\SMT 6\\PPL\\clone ppl\\BojongStore\\vendor\\laravel\\framework\\src\\Illuminate\\Database\\Query\\Builder.php(3131): Illuminate\\Database\\Connection->select('select * from \"...', Array, false)
#12 D:\\SMT 6\\PPL\\clone ppl\\BojongStore\\vendor\\laravel\\framework\\src\\Illuminate\\Database\\Query\\Builder.php(3116): Illuminate\\Database\\Query\\Builder->runSelect()
#13 D:\\SMT 6\\PPL\\clone ppl\\BojongStore\\vendor\\laravel\\framework\\src\\Illuminate\\Database\\Query\\Builder.php(3706): Illuminate\\Database\\Query\\Builder->Illuminate\\Database\\Query\\{closure}()
#14 D:\\SMT 6\\PPL\\clone ppl\\BojongStore\\vendor\\laravel\\framework\\src\\Illuminate\\Database\\Query\\Builder.php(3115): Illuminate\\Database\\Query\\Builder->onceWithColumns(Array, Object(Closure))
#15 D:\\SMT 6\\PPL\\clone ppl\\BojongStore\\vendor\\laravel\\framework\\src\\Illuminate\\Database\\Concerns\\BuildsQueries.php(366): Illuminate\\Database\\Query\\Builder->get(Array)
#16 D:\\SMT 6\\PPL\\clone ppl\\BojongStore\\vendor\\laravel\\framework\\src\\Illuminate\\Database\\Query\\Builder.php(3038): Illuminate\\Database\\Query\\Builder->first(Array)
#17 D:\\SMT 6\\PPL\\clone ppl\\BojongStore\\vendor\\laravel\\framework\\src\\Illuminate\\Session\\DatabaseSessionHandler.php(96): Illuminate\\Database\\Query\\Builder->find('OGe0NFvJNWnSdye...')
#18 D:\\SMT 6\\PPL\\clone ppl\\BojongStore\\vendor\\laravel\\framework\\src\\Illuminate\\Session\\Store.php(116): Illuminate\\Session\\DatabaseSessionHandler->read('OGe0NFvJNWnSdye...')
#19 D:\\SMT 6\\PPL\\clone ppl\\BojongStore\\vendor\\laravel\\framework\\src\\Illuminate\\Session\\Store.php(104): Illuminate\\Session\\Store->readFromHandler()
#20 D:\\SMT 6\\PPL\\clone ppl\\BojongStore\\vendor\\laravel\\framework\\src\\Illuminate\\Session\\Store.php(88): Illuminate\\Session\\Store->loadSession()
#21 D:\\SMT 6\\PPL\\clone ppl\\BojongStore\\vendor\\laravel\\framework\\src\\Illuminate\\Session\\Middleware\\StartSession.php(146): Illuminate\\Session\\Store->start()
#22 D:\\SMT 6\\PPL\\clone ppl\\BojongStore\\vendor\\laravel\\framework\\src\\Illuminate\\Support\\helpers.php(399): Illuminate\\Session\\Middleware\\StartSession->Illuminate\\Session\\Middleware\\{closure}(Object(Illuminate\\Session\\Store))
#23 D:\\SMT 6\\PPL\\clone ppl\\BojongStore\\vendor\\laravel\\framework\\src\\Illuminate\\Session\\Middleware\\StartSession.php(143): tap(Object(Illuminate\\Session\\Store), Object(Closure))
#24 D:\\SMT 6\\PPL\\clone ppl\\BojongStore\\vendor\\laravel\\framework\\src\\Illuminate\\Session\\Middleware\\StartSession.php(115): Illuminate\\Session\\Middleware\\StartSession->startSession(Object(Illuminate\\Http\\Request), Object(Illuminate\\Session\\Store))
#25 D:\\SMT 6\\PPL\\clone ppl\\BojongStore\\vendor\\laravel\\framework\\src\\Illuminate\\Session\\Middleware\\StartSession.php(63): Illuminate\\Session\\Middleware\\StartSession->handleStatefulRequest(Object(Illuminate\\Http\\Request), Object(Illuminate\\Session\\Store), Object(Closure))
#26 D:\\SMT 6\\PPL\\clone ppl\\BojongStore\\vendor\\laravel\\framework\\src\\Illuminate\\Pipeline\\Pipeline.php(208): Illuminate\\Session\\Middleware\\StartSession->handle(Object(Illuminate\\Http\\Request), Object(Closure))
#27 D:\\SMT 6\\PPL\\clone ppl\\BojongStore\\vendor\\laravel\\framework\\src\\Illuminate\\Cookie\\Middleware\\AddQueuedCookiesToResponse.php(36): Illuminate\\Pipeline\\Pipeline->Illuminate\\Pipeline\\{closure}(Object(Illuminate\\Http\\Request))
#28 D:\\SMT 6\\PPL\\clone ppl\\BojongStore\\vendor\\laravel\\framework\\src\\Illuminate\\Pipeline\\Pipeline.php(208): Illuminate\\Cookie\\Middleware\\AddQueuedCookiesToResponse->handle(Object(Illuminate\\Http\\Request), Object(Closure))
#29 D:\\SMT 6\\PPL\\clone ppl\\BojongStore\\vendor\\laravel\\framework\\src\\Illuminate\\Cookie\\Middleware\\EncryptCookies.php(74): Illuminate\\Pipeline\\Pipeline->Illuminate\\Pipeline\\{closure}(Object(Illuminate\\Http\\Request))
#30 D:\\SMT 6\\PPL\\clone ppl\\BojongStore\\vendor\\laravel\\framework\\src\\Illuminate\\Pipeline\\Pipeline.php(208): Illuminate\\Cookie\\Middleware\\EncryptCookies->handle(Object(Illuminate\\Http\\Request), Object(Closure))
#31 D:\\SMT 6\\PPL\\clone ppl\\BojongStore\\vendor\\laravel\\framework\\src\\Illuminate\\Pipeline\\Pipeline.php(126): Illuminate\\Pipeline\\Pipeline->Illuminate\\Pipeline\\{closure}(Object(Illuminate\\Http\\Request))
#32 D:\\SMT 6\\PPL\\clone ppl\\BojongStore\\vendor\\laravel\\framework\\src\\Illuminate\\Routing\\Router.php(807): Illuminate\\Pipeline\\Pipeline->then(Object(Closure))
#33 D:\\SMT 6\\PPL\\clone ppl\\BojongStore\\vendor\\laravel\\framework\\src\\Illuminate\\Routing\\Router.php(786): Illuminate\\Routing\\Router->runRouteWithinStack(Object(Illuminate\\Routing\\Route), Object(Illuminate\\Http\\Request))
#34 D:\\SMT 6\\PPL\\clone ppl\\BojongStore\\vendor\\laravel\\framework\\src\\Illuminate\\Routing\\Router.php(750): Illuminate\\Routing\\Router->runRoute(Object(Illuminate\\Http\\Request), Object(Illuminate\\Routing\\Route))
#35 D:\\SMT 6\\PPL\\clone ppl\\BojongStore\\vendor\\laravel\\framework\\src\\Illuminate\\Routing\\Router.php(739): Illuminate\\Routing\\Router->dispatchToRoute(Object(Illuminate\\Http\\Request))
#36 D:\\SMT 6\\PPL\\clone ppl\\BojongStore\\vendor\\laravel\\framework\\src\\Illuminate\\Foundation\\Http\\Kernel.php(200): Illuminate\\Routing\\Router->dispatch(Object(Illuminate\\Http\\Request))
#37 D:\\SMT 6\\PPL\\clone ppl\\BojongStore\\vendor\\laravel\\framework\\src\\Illuminate\\Pipeline\\Pipeline.php(169): Illuminate\\Foundation\\Http\\Kernel->Illuminate\\Foundation\\Http\\{closure}(Object(Illuminate\\Http\\Request))
#38 D:\\SMT 6\\PPL\\clone ppl\\BojongStore\\vendor\\laravel\\framework\\src\\Illuminate\\Foundation\\Http\\Middleware\\TransformsRequest.php(21): Illuminate\\Pipeline\\Pipeline->Illuminate\\Pipeline\\{closure}(Object(Illuminate\\Http\\Request))
#39 D:\\SMT 6\\PPL\\clone ppl\\BojongStore\\vendor\\laravel\\framework\\src\\Illuminate\\Foundation\\Http\\Middleware\\ConvertEmptyStringsToNull.php(31): Illuminate\\Foundation\\Http\\Middleware\\TransformsRequest->handle(Object(Illuminate\\Http\\Request), Object(Closure))
#40 D:\\SMT 6\\PPL\\clone ppl\\BojongStore\\vendor\\laravel\\framework\\src\\Illuminate\\Pipeline\\Pipeline.php(208): Illuminate\\Foundation\\Http\\Middleware\\ConvertEmptyStringsToNull->handle(Object(Illuminate\\Http\\Request), Object(Closure))
#41 D:\\SMT 6\\PPL\\clone ppl\\BojongStore\\vendor\\laravel\\framework\\src\\Illuminate\\Foundation\\Http\\Middleware\\TransformsRequest.php(21): Illuminate\\Pipeline\\Pipeline->Illuminate\\Pipeline\\{closure}(Object(Illuminate\\Http\\Request))
#42 D:\\SMT 6\\PPL\\clone ppl\\BojongStore\\vendor\\laravel\\framework\\src\\Illuminate\\Foundation\\Http\\Middleware\\TrimStrings.php(51): Illuminate\\Foundation\\Http\\Middleware\\TransformsRequest->handle(Object(Illuminate\\Http\\Request), Object(Closure))
#43 D:\\SMT 6\\PPL\\clone ppl\\BojongStore\\vendor\\laravel\\framework\\src\\Illuminate\\Pipeline\\Pipeline.php(208): Illuminate\\Foundation\\Http\\Middleware\\TrimStrings->handle(Object(Illuminate\\Http\\Request), Object(Closure))
#44 D:\\SMT 6\\PPL\\clone ppl\\BojongStore\\vendor\\laravel\\framework\\src\\Illuminate\\Http\\Middleware\\ValidatePostSize.php(27): Illuminate\\Pipeline\\Pipeline->Illuminate\\Pipeline\\{closure}(Object(Illuminate\\Http\\Request))
#45 D:\\SMT 6\\PPL\\clone ppl\\BojongStore\\vendor\\laravel\\framework\\src\\Illuminate\\Pipeline\\Pipeline.php(208): Illuminate\\Http\\Middleware\\ValidatePostSize->handle(Object(Illuminate\\Http\\Request), Object(Closure))
#46 D:\\SMT 6\\PPL\\clone ppl\\BojongStore\\vendor\\laravel\\framework\\src\\Illuminate\\Foundation\\Http\\Middleware\\PreventRequestsDuringMaintenance.php(109): Illuminate\\Pipeline\\Pipeline->Illuminate\\Pipeline\\{closure}(Object(Illuminate\\Http\\Request))
#47 D:\\SMT 6\\PPL\\clone ppl\\BojongStore\\vendor\\laravel\\framework\\src\\Illuminate\\Pipeline\\Pipeline.php(208): Illuminate\\Foundation\\Http\\Middleware\\PreventRequestsDuringMaintenance->handle(Object(Illuminate\\Http\\Request), Object(Closure))
#48 D:\\SMT 6\\PPL\\clone ppl\\BojongStore\\vendor\\laravel\\framework\\src\\Illuminate\\Http\\Middleware\\HandleCors.php(48): Illuminate\\Pipeline\\Pipeline->Illuminate\\Pipeline\\{closure}(Object(Illuminate\\Http\\Request))
#49 D:\\SMT 6\\PPL\\clone ppl\\BojongStore\\vendor\\laravel\\framework\\src\\Illuminate\\Pipeline\\Pipeline.php(208): Illuminate\\Http\\Middleware\\HandleCors->handle(Object(Illuminate\\Http\\Request), Object(Closure))
#50 D:\\SMT 6\\PPL\\clone ppl\\BojongStore\\vendor\\laravel\\framework\\src\\Illuminate\\Http\\Middleware\\TrustProxies.php(58): Illuminate\\Pipeline\\Pipeline->Illuminate\\Pipeline\\{closure}(Object(Illuminate\\Http\\Request))
#51 D:\\SMT 6\\PPL\\clone ppl\\BojongStore\\vendor\\laravel\\framework\\src\\Illuminate\\Pipeline\\Pipeline.php(208): Illuminate\\Http\\Middleware\\TrustProxies->handle(Object(Illuminate\\Http\\Request), Object(Closure))
#52 D:\\SMT 6\\PPL\\clone ppl\\BojongStore\\vendor\\laravel\\framework\\src\\Illuminate\\Foundation\\Http\\Middleware\\InvokeDeferredCallbacks.php(22): Illuminate\\Pipeline\\Pipeline->Illuminate\\Pipeline\\{closure}(Object(Illuminate\\Http\\Request))
#53 D:\\SMT 6\\PPL\\clone ppl\\BojongStore\\vendor\\laravel\\framework\\src\\Illuminate\\Pipeline\\Pipeline.php(208): Illuminate\\Foundation\\Http\\Middleware\\InvokeDeferredCallbacks->handle(Object(Illuminate\\Http\\Request), Object(Closure))
#54 D:\\SMT 6\\PPL\\clone ppl\\BojongStore\\vendor\\laravel\\framework\\src\\Illuminate\\Http\\Middleware\\ValidatePathEncoding.php(26): Illuminate\\Pipeline\\Pipeline->Illuminate\\Pipeline\\{closure}(Object(Illuminate\\Http\\Request))
#55 D:\\SMT 6\\PPL\\clone ppl\\BojongStore\\vendor\\laravel\\framework\\src\\Illuminate\\Pipeline\\Pipeline.php(208): Illuminate\\Http\\Middleware\\ValidatePathEncoding->handle(Object(Illuminate\\Http\\Request), Object(Closure))
#56 D:\\SMT 6\\PPL\\clone ppl\\BojongStore\\vendor\\laravel\\framework\\src\\Illuminate\\Pipeline\\Pipeline.php(126): Illuminate\\Pipeline\\Pipeline->Illuminate\\Pipeline\\{closure}(Object(Illuminate\\Http\\Request))
#57 D:\\SMT 6\\PPL\\clone ppl\\BojongStore\\vendor\\laravel\\framework\\src\\Illuminate\\Foundation\\Http\\Kernel.php(175): Illuminate\\Pipeline\\Pipeline->then(Object(Closure))
#58 D:\\SMT 6\\PPL\\clone ppl\\BojongStore\\vendor\\laravel\\framework\\src\\Illuminate\\Foundation\\Http\\Kernel.php(144): Illuminate\\Foundation\\Http\\Kernel->sendRequestThroughRouter(Object(Illuminate\\Http\\Request))
#59 D:\\SMT 6\\PPL\\clone ppl\\BojongStore\\vendor\\laravel\\framework\\src\\Illuminate\\Foundation\\Application.php(1219): Illuminate\\Foundation\\Http\\Kernel->handle(Object(Illuminate\\Http\\Request))
#60 D:\\SMT 6\\PPL\\clone ppl\\BojongStore\\public\\index.php(20): Illuminate\\Foundation\\Application->handleRequest(Object(Illuminate\\Http\\Request))
#61 D:\\SMT 6\\PPL\\clone ppl\\BojongStore\\vendor\\laravel\\framework\\src\\Illuminate\\Foundation\\resources\\server.php(23): require_once('D:\\\\SMT 6\\\\PPL\\\\cl...')
#62 {main}
"} 
[2026-06-03 16:01:59] local.ERROR: could not find driver (Connection: pgsql, SQL: select * from "sessions" where "id" = 8mK72bNAyaKBHp58y2keRRE7ckzuhxc1prWOdl6F limit 1) {"exception":"[object] (Illuminate\\Database\\QueryException(code: 0): could not find driver (Connection: pgsql, SQL: select * from \"sessions\" where \"id\" = 8mK72bNAyaKBHp58y2keRRE7ckzuhxc1prWOdl6F limit 1) at D:\\SMT 6\\PPL\\clone ppl\\BojongStore\\vendor\\laravel\\framework\\src\\Illuminate\\Database\\Connection.php:822)
[stacktrace]
#0 D:\\SMT 6\\PPL\\clone ppl\\BojongStore\\vendor\\laravel\\framework\\src\\Illuminate\\Database\\Connection.php(776): Illuminate\\Database\\Connection->runQueryCallback('select * from \"...', Array, Object(Closure))
#1 D:\\SMT 6\\PPL\\clone ppl\\BojongStore\\vendor\\laravel\\framework\\src\\Illuminate\\Database\\Connection.php(395): Illuminate\\Database\\Connection->run('select * from \"...', Array, Object(Closure))
#2 D:\\SMT 6\\PPL\\clone ppl\\BojongStore\\vendor\\laravel\\framework\\src\\Illuminate\\Database\\Query\\Builder.php(3131): Illuminate\\Database\\Connection->select('select * from \"...', Array, false)
#3 D:\\SMT 6\\PPL\\clone ppl\\BojongStore\\vendor\\laravel\\framework\\src\\Illuminate\\Database\\Query\\Builder.php(3116): Illuminate\\Database\\Query\\Builder->runSelect()
#4 D:\\SMT 6\\PPL\\clone ppl\\BojongStore\\vendor\\laravel\\framework\\src\\Illuminate\\Database\\Query\\Builder.php(3706): Illuminate\\Database\\Query\\Builder->Illuminate\\Database\\Query\\{closure}()
#5 D:\\SMT 6\\PPL\\clone ppl\\BojongStore\\vendor\\laravel\\framework\\src\\Illuminate\\Database\\Query\\Builder.php(3115): Illuminate\\Database\\Query\\Builder->onceWithColumns(Array, Object(Closure))
#6 D:\\SMT 6\\PPL\\clone ppl\\BojongStore\\vendor\\laravel\\framework\\src\\Illuminate\\Database\\Concerns\\BuildsQueries.php(366): Illuminate\\Database\\Query\\Builder->get(Array)
#7 D:\\SMT 6\\PPL\\clone ppl\\BojongStore\\vendor\\laravel\\framework\\src\\Illuminate\\Database\\Query\\Builder.php(3038): Illuminate\\Database\\Query\\Builder->first(Array)
#8 D:\\SMT 6\\PPL\\clone ppl\\BojongStore\\vendor\\laravel\\framework\\src\\Illuminate\\Session\\DatabaseSessionHandler.php(96): Illuminate\\Database\\Query\\Builder->find('8mK72bNAyaKBHp5...')
#9 D:\\SMT 6\\PPL\\clone ppl\\BojongStore\\vendor\\laravel\\framework\\src\\Illuminate\\Session\\Store.php(116): Illuminate\\Session\\DatabaseSessionHandler->read('8mK72bNAyaKBHp5...')
#10 D:\\SMT 6\\PPL\\clone ppl\\BojongStore\\vendor\\laravel\\framework\\src\\Illuminate\\Session\\Store.php(104): Illuminate\\Session\\Store->readFromHandler()
#11 D:\\SMT 6\\PPL\\clone ppl\\BojongStore\\vendor\\laravel\\framework\\src\\Illuminate\\Session\\Store.php(88): Illuminate\\Session\\Store->loadSession()
#12 D:\\SMT 6\\PPL\\clone ppl\\BojongStore\\vendor\\laravel\\framework\\src\\Illuminate\\Session\\Middleware\\StartSession.php(146): Illuminate\\Session\\Store->start()
#13 D:\\SMT 6\\PPL\\clone ppl\\BojongStore\\vendor\\laravel\\framework\\src\\Illuminate\\Support\\helpers.php(399): Illuminate\\Session\\Middleware\\StartSession->Illuminate\\Session\\Middleware\\{closure}(Object(Illuminate\\Session\\Store))
#14 D:\\SMT 6\\PPL\\clone ppl\\BojongStore\\vendor\\laravel\\framework\\src\\Illuminate\\Session\\Middleware\\StartSession.php(143): tap(Object(Illuminate\\Session\\Store), Object(Closure))
#15 D:\\SMT 6\\PPL\\clone ppl\\BojongStore\\vendor\\laravel\\framework\\src\\Illuminate\\Session\\Middleware\\StartSession.php(115): Illuminate\\Session\\Middleware\\StartSession->startSession(Object(Illuminate\\Http\\Request), Object(Illuminate\\Session\\Store))
#16 D:\\SMT 6\\PPL\\clone ppl\\BojongStore\\vendor\\laravel\\framework\\src\\Illuminate\\Session\\Middleware\\StartSession.php(63): Illuminate\\Session\\Middleware\\StartSession->handleStatefulRequest(Object(Illuminate\\Http\\Request), Object(Illuminate\\Session\\Store), Object(Closure))
#17 D:\\SMT 6\\PPL\\clone ppl\\BojongStore\\vendor\\laravel\\framework\\src\\Illuminate\\Pipeline\\Pipeline.php(208): Illuminate\\Session\\Middleware\\StartSession->handle(Object(Illuminate\\Http\\Request), Object(Closure))
#18 D:\\SMT 6\\PPL\\clone ppl\\BojongStore\\vendor\\laravel\\framework\\src\\Illuminate\\Cookie\\Middleware\\AddQueuedCookiesToResponse.php(36): Illuminate\\Pipeline\\Pipeline->Illuminate\\Pipeline\\{closure}(Object(Illuminate\\Http\\Request))
#19 D:\\SMT 6\\PPL\\clone ppl\\BojongStore\\vendor\\laravel\\framework\\src\\Illuminate\\Pipeline\\Pipeline.php(208): Illuminate\\Cookie\\Middleware\\AddQueuedCookiesToResponse->handle(Object(Illuminate\\Http\\Request), Object(Closure))
#20 D:\\SMT 6\\PPL\\clone ppl\\BojongStore\\vendor\\laravel\\framework\\src\\Illuminate\\Cookie\\Middleware\\EncryptCookies.php(74): Illuminate\\Pipeline\\Pipeline->Illuminate\\Pipeline\\{closure}(Object(Illuminate\\Http\\Request))
#21 D:\\SMT 6\\PPL\\clone ppl\\BojongStore\\vendor\\laravel\\framework\\src\\Illuminate\\Pipeline\\Pipeline.php(208): Illuminate\\Cookie\\Middleware\\EncryptCookies->handle(Object(Illuminate\\Http\\Request), Object(Closure))
#22 D:\\SMT 6\\PPL\\clone ppl\\BojongStore\\vendor\\laravel\\framework\\src\\Illuminate\\Pipeline\\Pipeline.php(126): Illuminate\\Pipeline\\Pipeline->Illuminate\\Pipeline\\{closure}(Object(Illuminate\\Http\\Request))
#23 D:\\SMT 6\\PPL\\clone ppl\\BojongStore\\vendor\\laravel\\framework\\src\\Illuminate\\Routing\\Router.php(807): Illuminate\\Pipeline\\Pipeline->then(Object(Closure))
#24 D:\\SMT 6\\PPL\\clone ppl\\BojongStore\\vendor\\laravel\\framework\\src\\Illuminate\\Routing\\Router.php(786): Illuminate\\Routing\\Router->runRouteWithinStack(Object(Illuminate\\Routing\\Route), Object(Illuminate\\Http\\Request))
#25 D:\\SMT 6\\PPL\\clone ppl\\BojongStore\\vendor\\laravel\\framework\\src\\Illuminate\\Routing\\Router.php(750): Illuminate\\Routing\\Router->runRoute(Object(Illuminate\\Http\\Request), Object(Illuminate\\Routing\\Route))
#26 D:\\SMT 6\\PPL\\clone ppl\\BojongStore\\vendor\\laravel\\framework\\src\\Illuminate\\Routing\\Router.php(739): Illuminate\\Routing\\Router->dispatchToRoute(Object(Illuminate\\Http\\Request))
#27 D:\\SMT 6\\PPL\\clone ppl\\BojongStore\\vendor\\laravel\\framework\\src\\Illuminate\\Foundation\\Http\\Kernel.php(200): Illuminate\\Routing\\Router->dispatch(Object(Illuminate\\Http\\Request))
#28 D:\\SMT 6\\PPL\\clone ppl\\BojongStore\\vendor\\laravel\\framework\\src\\Illuminate\\Pipeline\\Pipeline.php(169): Illuminate\\Foundation\\Http\\Kernel->Illuminate\\Foundation\\Http\\{closure}(Object(Illuminate\\Http\\Request))
#29 D:\\SMT 6\\PPL\\clone ppl\\BojongStore\\vendor\\laravel\\framework\\src\\Illuminate\\Foundation\\Http\\Middleware\\TransformsRequest.php(21): Illuminate\\Pipeline\\Pipeline->Illuminate\\Pipeline\\{closure}(Object(Illuminate\\Http\\Request))
#30 D:\\SMT 6\\PPL\\clone ppl\\BojongStore\\vendor\\laravel\\framework\\src\\Illuminate\\Foundation\\Http\\Middleware\\ConvertEmptyStringsToNull.php(31): Illuminate\\Foundation\\Http\\Middleware\\TransformsRequest->handle(Object(Illuminate\\Http\\Request), Object(Closure))
#31 D:\\SMT 6\\PPL\\clone ppl\\BojongStore\\vendor\\laravel\\framework\\src\\Illuminate\\Pipeline\\Pipeline.php(208): Illuminate\\Foundation\\Http\\Middleware\\ConvertEmptyStringsToNull->handle(Object(Illuminate\\Http\\Request), Object(Closure))
#32 D:\\SMT 6\\PPL\\clone ppl\\BojongStore\\vendor\\laravel\\framework\\src\\Illuminate\\Foundation\\Http\\Middleware\\TransformsRequest.php(21): Illuminate\\Pipeline\\Pipeline->Illuminate\\Pipeline\\{closure}(Object(Illuminate\\Http\\Request))
#33 D:\\SMT 6\\PPL\\clone ppl\\BojongStore\\vendor\\laravel\\framework\\src\\Illuminate\\Foundation\\Http\\Middleware\\TrimStrings.php(51): Illuminate\\Foundation\\Http\\Middleware\\TransformsRequest->handle(Object(Illuminate\\Http\\Request), Object(Closure))
#34 D:\\SMT 6\\PPL\\clone ppl\\BojongStore\\vendor\\laravel\\framework\\src\\Illuminate\\Pipeline\\Pipeline.php(208): Illuminate\\Foundation\\Http\\Middleware\\TrimStrings->handle(Object(Illuminate\\Http\\Request), Object(Closure))
#35 D:\\SMT 6\\PPL\\clone ppl\\BojongStore\\vendor\\laravel\\framework\\src\\Illuminate\\Http\\Middleware\\ValidatePostSize.php(27): Illuminate\\Pipeline\\Pipeline->Illuminate\\Pipeline\\{closure}(Object(Illuminate\\Http\\Request))
#36 D:\\SMT 6\\PPL\\clone ppl\\BojongStore\\vendor\\laravel\\framework\\src\\Illuminate\\Pipeline\\Pipeline.php(208): Illuminate\\Http\\Middleware\\ValidatePostSize->handle(Object(Illuminate\\Http\\Request), Object(Closure))
#37 D:\\SMT 6\\PPL\\clone ppl\\BojongStore\\vendor\\laravel\\framework\\src\\Illuminate\\Foundation\\Http\\Middleware\\PreventRequestsDuringMaintenance.php(109): Illuminate\\Pipeline\\Pipeline->Illuminate\\Pipeline\\{closure}(Object(Illuminate\\Http\\Request))
#38 D:\\SMT 6\\PPL\\clone ppl\\BojongStore\\vendor\\laravel\\framework\\src\\Illuminate\\Pipeline\\Pipeline.php(208): Illuminate\\Foundation\\Http\\Middleware\\PreventRequestsDuringMaintenance->handle(Object(Illuminate\\Http\\Request), Object(Closure))
#39 D:\\SMT 6\\PPL\\clone ppl\\BojongStore\\vendor\\laravel\\framework\\src\\Illuminate\\Http\\Middleware\\HandleCors.php(48): Illuminate\\Pipeline\\Pipeline->Illuminate\\Pipeline\\{closure}(Object(Illuminate\\Http\\Request))
#40 D:\\SMT 6\\PPL\\clone ppl\\BojongStore\\vendor\\laravel\\framework\\src\\Illuminate\\Pipeline\\Pipeline.php(208): Illuminate\\Http\\Middleware\\HandleCors->handle(Object(Illuminate\\Http\\Request), Object(Closure))
#41 D:\\SMT 6\\PPL\\clone ppl\\BojongStore\\vendor\\laravel\\framework\\src\\Illuminate\\Http\\Middleware\\TrustProxies.php(58): Illuminate\\Pipeline\\Pipeline->Illuminate\\Pipeline\\{closure}(Object(Illuminate\\Http\\Request))
#42 D:\\SMT 6\\PPL\\clone ppl\\BojongStore\\vendor\\laravel\\framework\\src\\Illuminate\\Pipeline\\Pipeline.php(208): Illuminate\\Http\\Middleware\\TrustProxies->handle(Object(Illuminate\\Http\\Request), Object(Closure))
#43 D:\\SMT 6\\PPL\\clone ppl\\BojongStore\\vendor\\laravel\\framework\\src\\Illuminate\\Foundation\\Http\\Middleware\\InvokeDeferredCallbacks.php(22): Illuminate\\Pipeline\\Pipeline->Illuminate\\Pipeline\\{closure}(Object(Illuminate\\Http\\Request))
#44 D:\\SMT 6\\PPL\\clone ppl\\BojongStore\\vendor\\laravel\\framework\\src\\Illuminate\\Pipeline\\Pipeline.php(208): Illuminate\\Foundation\\Http\\Middleware\\InvokeDeferredCallbacks->handle(Object(Illuminate\\Http\\Request), Object(Closure))
#45 D:\\SMT 6\\PPL\\clone ppl\\BojongStore\\vendor\\laravel\\framework\\src\\Illuminate\\Http\\Middleware\\ValidatePathEncoding.php(26): Illuminate\\Pipeline\\Pipeline->Illuminate\\Pipeline\\{closure}(Object(Illuminate\\Http\\Request))
#46 D:\\SMT 6\\PPL\\clone ppl\\BojongStore\\vendor\\laravel\\framework\\src\\Illuminate\\Pipeline\\Pipeline.php(208): Illuminate\\Http\\Middleware\\ValidatePathEncoding->handle(Object(Illuminate\\Http\\Request), Object(Closure))
#47 D:\\SMT 6\\PPL\\clone ppl\\BojongStore\\vendor\\laravel\\framework\\src\\Illuminate\\Pipeline\\Pipeline.php(126): Illuminate\\Pipeline\\Pipeline->Illuminate\\Pipeline\\{closure}(Object(Illuminate\\Http\\Request))
#48 D:\\SMT 6\\PPL\\clone ppl\\BojongStore\\vendor\\laravel\\framework\\src\\Illuminate\\Foundation\\Http\\Kernel.php(175): Illuminate\\Pipeline\\Pipeline->then(Object(Closure))
#49 D:\\SMT 6\\PPL\\clone ppl\\BojongStore\\vendor\\laravel\\framework\\src\\Illuminate\\Foundation\\Http\\Kernel.php(144): Illuminate\\Foundation\\Http\\Kernel->sendRequestThroughRouter(Object(Illuminate\\Http\\Request))
#50 D:\\SMT 6\\PPL\\clone ppl\\BojongStore\\vendor\\laravel\\framework\\src\\Illuminate\\Foundation\\Application.php(1219): Illuminate\\Foundation\\Http\\Kernel->handle(Object(Illuminate\\Http\\Request))
#51 D:\\SMT 6\\PPL\\clone ppl\\BojongStore\\public\\index.php(20): Illuminate\\Foundation\\Application->handleRequest(Object(Illuminate\\Http\\Request))
#52 D:\\SMT 6\\PPL\\clone ppl\\BojongStore\\vendor\\laravel\\framework\\src\\Illuminate\\Foundation\\resources\\server.php(23): require_once('D:\\\\SMT 6\\\\PPL\\\\cl...')
#53 {main}

[previous exception] [object] (PDOException(code: 0): could not find driver at D:\\SMT 6\\PPL\\clone ppl\\BojongStore\\vendor\\laravel\\framework\\src\\Illuminate\\Database\\Connectors\\Connector.php:66)
[stacktrace]
#0 D:\\SMT 6\\PPL\\clone ppl\\BojongStore\\vendor\\laravel\\framework\\src\\Illuminate\\Database\\Connectors\\Connector.php(66): PDO->__construct('pgsql:host=aws-...', 'postgres.fbctqt...', Object(SensitiveParameterValue), Array)
#1 D:\\SMT 6\\PPL\\clone ppl\\BojongStore\\vendor\\laravel\\framework\\src\\Illuminate\\Database\\Connectors\\Connector.php(44): Illuminate\\Database\\Connectors\\Connector->createPdoConnection('pgsql:host=aws-...', 'postgres.fbctqt...', Object(SensitiveParameterValue), Array)
#2 D:\\SMT 6\\PPL\\clone ppl\\BojongStore\\vendor\\laravel\\framework\\src\\Illuminate\\Database\\Connectors\\PostgresConnector.php(35): Illuminate\\Database\\Connectors\\Connector->createConnection('pgsql:host=aws-...', Array, Array)
#3 D:\\SMT 6\\PPL\\clone ppl\\BojongStore\\vendor\\laravel\\framework\\src\\Illuminate\\Database\\Connectors\\ConnectionFactory.php(184): Illuminate\\Database\\Connectors\\PostgresConnector->connect(Array)
#4 [internal function]: Illuminate\\Database\\Connectors\\ConnectionFactory->Illuminate\\Database\\Connectors\\{closure}()
#5 D:\\SMT 6\\PPL\\clone ppl\\BojongStore\\vendor\\laravel\\framework\\src\\Illuminate\\Database\\Connection.php(1228): call_user_func(Object(Closure))
#6 D:\\SMT 6\\PPL\\clone ppl\\BojongStore\\vendor\\laravel\\framework\\src\\Illuminate\\Database\\Connection.php(509): Illuminate\\Database\\Connection->getPdo()
#7 D:\\SMT 6\\PPL\\clone ppl\\BojongStore\\vendor\\laravel\\framework\\src\\Illuminate\\Database\\Connection.php(404): Illuminate\\Database\\Connection->getPdoForSelect(false)
#8 D:\\SMT 6\\PPL\\clone ppl\\BojongStore\\vendor\\laravel\\framework\\src\\Illuminate\\Database\\Connection.php(809): Illuminate\\Database\\Connection->Illuminate\\Database\\{closure}('select * from \"...', Array)
#9 D:\\SMT 6\\PPL\\clone ppl\\BojongStore\\vendor\\laravel\\framework\\src\\Illuminate\\Database\\Connection.php(776): Illuminate\\Database\\Connection->runQueryCallback('select * from \"...', Array, Object(Closure))
#10 D:\\SMT 6\\PPL\\clone ppl\\BojongStore\\vendor\\laravel\\framework\\src\\Illuminate\\Database\\Connection.php(395): Illuminate\\Database\\Connection->run('select * from \"...', Array, Object(Closure))
#11 D:\\SMT 6\\PPL\\clone ppl\\BojongStore\\vendor\\laravel\\framework\\src\\Illuminate\\Database\\Query\\Builder.php(3131): Illuminate\\Database\\Connection->select('select * from \"...', Array, false)
#12 D:\\SMT 6\\PPL\\clone ppl\\BojongStore\\vendor\\laravel\\framework\\src\\Illuminate\\Database\\Query\\Builder.php(3116): Illuminate\\Database\\Query\\Builder->runSelect()
#13 D:\\SMT 6\\PPL\\clone ppl\\BojongStore\\vendor\\laravel\\framework\\src\\Illuminate\\Database\\Query\\Builder.php(3706): Illuminate\\Database\\Query\\Builder->Illuminate\\Database\\Query\\{closure}()
#14 D:\\SMT 6\\PPL\\clone ppl\\BojongStore\\vendor\\laravel\\framework\\src\\Illuminate\\Database\\Query\\Builder.php(3115): Illuminate\\Database\\Query\\Builder->onceWithColumns(Array, Object(Closure))
#15 D:\\SMT 6\\PPL\\clone ppl\\BojongStore\\vendor\\laravel\\framework\\src\\Illuminate\\Database\\Concerns\\BuildsQueries.php(366): Illuminate\\Database\\Query\\Builder->get(Array)
#16 D:\\SMT 6\\PPL\\clone ppl\\BojongStore\\vendor\\laravel\\framework\\src\\Illuminate\\Database\\Query\\Builder.php(3038): Illuminate\\Database\\Query\\Builder->first(Array)
#17 D:\\SMT 6\\PPL\\clone ppl\\BojongStore\\vendor\\laravel\\framework\\src\\Illuminate\\Session\\DatabaseSessionHandler.php(96): Illuminate\\Database\\Query\\Builder->find('8mK72bNAyaKBHp5...')
#18 D:\\SMT 6\\PPL\\clone ppl\\BojongStore\\vendor\\laravel\\framework\\src\\Illuminate\\Session\\Store.php(116): Illuminate\\Session\\DatabaseSessionHandler->read('8mK72bNAyaKBHp5...')
#19 D:\\SMT 6\\PPL\\clone ppl\\BojongStore\\vendor\\laravel\\framework\\src\\Illuminate\\Session\\Store.php(104): Illuminate\\Session\\Store->readFromHandler()
#20 D:\\SMT 6\\PPL\\clone ppl\\BojongStore\\vendor\\laravel\\framework\\src\\Illuminate\\Session\\Store.php(88): Illuminate\\Session\\Store->loadSession()
#21 D:\\SMT 6\\PPL\\clone ppl\\BojongStore\\vendor\\laravel\\framework\\src\\Illuminate\\Session\\Middleware\\StartSession.php(146): Illuminate\\Session\\Store->start()
#22 D:\\SMT 6\\PPL\\clone ppl\\BojongStore\\vendor\\laravel\\framework\\src\\Illuminate\\Support\\helpers.php(399): Illuminate\\Session\\Middleware\\StartSession->Illuminate\\Session\\Middleware\\{closure}(Object(Illuminate\\Session\\Store))
#23 D:\\SMT 6\\PPL\\clone ppl\\BojongStore\\vendor\\laravel\\framework\\src\\Illuminate\\Session\\Middleware\\StartSession.php(143): tap(Object(Illuminate\\Session\\Store), Object(Closure))
#24 D:\\SMT 6\\PPL\\clone ppl\\BojongStore\\vendor\\laravel\\framework\\src\\Illuminate\\Session\\Middleware\\StartSession.php(115): Illuminate\\Session\\Middleware\\StartSession->startSession(Object(Illuminate\\Http\\Request), Object(Illuminate\\Session\\Store))
#25 D:\\SMT 6\\PPL\\clone ppl\\BojongStore\\vendor\\laravel\\framework\\src\\Illuminate\\Session\\Middleware\\StartSession.php(63): Illuminate\\Session\\Middleware\\StartSession->handleStatefulRequest(Object(Illuminate\\Http\\Request), Object(Illuminate\\Session\\Store), Object(Closure))
#26 D:\\SMT 6\\PPL\\clone ppl\\BojongStore\\vendor\\laravel\\framework\\src\\Illuminate\\Pipeline\\Pipeline.php(208): Illuminate\\Session\\Middleware\\StartSession->handle(Object(Illuminate\\Http\\Request), Object(Closure))
#27 D:\\SMT 6\\PPL\\clone ppl\\BojongStore\\vendor\\laravel\\framework\\src\\Illuminate\\Cookie\\Middleware\\AddQueuedCookiesToResponse.php(36): Illuminate\\Pipeline\\Pipeline->Illuminate\\Pipeline\\{closure}(Object(Illuminate\\Http\\Request))
#28 D:\\SMT 6\\PPL\\clone ppl\\BojongStore\\vendor\\laravel\\framework\\src\\Illuminate\\Pipeline\\Pipeline.php(208): Illuminate\\Cookie\\Middleware\\AddQueuedCookiesToResponse->handle(Object(Illuminate\\Http\\Request), Object(Closure))
#29 D:\\SMT 6\\PPL\\clone ppl\\BojongStore\\vendor\\laravel\\framework\\src\\Illuminate\\Cookie\\Middleware\\EncryptCookies.php(74): Illuminate\\Pipeline\\Pipeline->Illuminate\\Pipeline\\{closure}(Object(Illuminate\\Http\\Request))
#30 D:\\SMT 6\\PPL\\clone ppl\\BojongStore\\vendor\\laravel\\framework\\src\\Illuminate\\Pipeline\\Pipeline.php(208): Illuminate\\Cookie\\Middleware\\EncryptCookies->handle(Object(Illuminate\\Http\\Request), Object(Closure))
#31 D:\\SMT 6\\PPL\\clone ppl\\BojongStore\\vendor\\laravel\\framework\\src\\Illuminate\\Pipeline\\Pipeline.php(126): Illuminate\\Pipeline\\Pipeline->Illuminate\\Pipeline\\{closure}(Object(Illuminate\\Http\\Request))
#32 D:\\SMT 6\\PPL\\clone ppl\\BojongStore\\vendor\\laravel\\framework\\src\\Illuminate\\Routing\\Router.php(807): Illuminate\\Pipeline\\Pipeline->then(Object(Closure))
#33 D:\\SMT 6\\PPL\\clone ppl\\BojongStore\\vendor\\laravel\\framework\\src\\Illuminate\\Routing\\Router.php(786): Illuminate\\Routing\\Router->runRouteWithinStack(Object(Illuminate\\Routing\\Route), Object(Illuminate\\Http\\Request))
#34 D:\\SMT 6\\PPL\\clone ppl\\BojongStore\\vendor\\laravel\\framework\\src\\Illuminate\\Routing\\Router.php(750): Illuminate\\Routing\\Router->runRoute(Object(Illuminate\\Http\\Request), Object(Illuminate\\Routing\\Route))
#35 D:\\SMT 6\\PPL\\clone ppl\\BojongStore\\vendor\\laravel\\framework\\src\\Illuminate\\Routing\\Router.php(739): Illuminate\\Routing\\Router->dispatchToRoute(Object(Illuminate\\Http\\Request))
#36 D:\\SMT 6\\PPL\\clone ppl\\BojongStore\\vendor\\laravel\\framework\\src\\Illuminate\\Foundation\\Http\\Kernel.php(200): Illuminate\\Routing\\Router->dispatch(Object(Illuminate\\Http\\Request))
#37 D:\\SMT 6\\PPL\\clone ppl\\BojongStore\\vendor\\laravel\\framework\\src\\Illuminate\\Pipeline\\Pipeline.php(169): Illuminate\\Foundation\\Http\\Kernel->Illuminate\\Foundation\\Http\\{closure}(Object(Illuminate\\Http\\Request))
#38 D:\\SMT 6\\PPL\\clone ppl\\BojongStore\\vendor\\laravel\\framework\\src\\Illuminate\\Foundation\\Http\\Middleware\\TransformsRequest.php(21): Illuminate\\Pipeline\\Pipeline->Illuminate\\Pipeline\\{closure}(Object(Illuminate\\Http\\Request))
#39 D:\\SMT 6\\PPL\\clone ppl\\BojongStore\\vendor\\laravel\\framework\\src\\Illuminate\\Foundation\\Http\\Middleware\\ConvertEmptyStringsToNull.php(31): Illuminate\\Foundation\\Http\\Middleware\\TransformsRequest->handle(Object(Illuminate\\Http\\Request), Object(Closure))
#40 D:\\SMT 6\\PPL\\clone ppl\\BojongStore\\vendor\\laravel\\framework\\src\\Illuminate\\Pipeline\\Pipeline.php(208): Illuminate\\Foundation\\Http\\Middleware\\ConvertEmptyStringsToNull->handle(Object(Illuminate\\Http\\Request), Object(Closure))
#41 D:\\SMT 6\\PPL\\clone ppl\\BojongStore\\vendor\\laravel\\framework\\src\\Illuminate\\Foundation\\Http\\Middleware\\TransformsRequest.php(21): Illuminate\\Pipeline\\Pipeline->Illuminate\\Pipeline\\{closure}(Object(Illuminate\\Http\\Request))
#42 D:\\SMT 6\\PPL\\clone ppl\\BojongStore\\vendor\\laravel\\framework\\src\\Illuminate\\Foundation\\Http\\Middleware\\TrimStrings.php(51): Illuminate\\Foundation\\Http\\Middleware\\TransformsRequest->handle(Object(Illuminate\\Http\\Request), Object(Closure))
#43 D:\\SMT 6\\PPL\\clone ppl\\BojongStore\\vendor\\laravel\\framework\\src\\Illuminate\\Pipeline\\Pipeline.php(208): Illuminate\\Foundation\\Http\\Middleware\\TrimStrings->handle(Object(Illuminate\\Http\\Request), Object(Closure))
#44 D:\\SMT 6\\PPL\\clone ppl\\BojongStore\\vendor\\laravel\\framework\\src\\Illuminate\\Http\\Middleware\\ValidatePostSize.php(27): Illuminate\\Pipeline\\Pipeline->Illuminate\\Pipeline\\{closure}(Object(Illuminate\\Http\\Request))
#45 D:\\SMT 6\\PPL\\clone ppl\\BojongStore\\vendor\\laravel\\framework\\src\\Illuminate\\Pipeline\\Pipeline.php(208): Illuminate\\Http\\Middleware\\ValidatePostSize->handle(Object(Illuminate\\Http\\Request), Object(Closure))
#46 D:\\SMT 6\\PPL\\clone ppl\\BojongStore\\vendor\\laravel\\framework\\src\\Illuminate\\Foundation\\Http\\Middleware\\PreventRequestsDuringMaintenance.php(109): Illuminate\\Pipeline\\Pipeline->Illuminate\\Pipeline\\{closure}(Object(Illuminate\\Http\\Request))
#47 D:\\SMT 6\\PPL\\clone ppl\\BojongStore\\vendor\\laravel\\framework\\src\\Illuminate\\Pipeline\\Pipeline.php(208): Illuminate\\Foundation\\Http\\Middleware\\PreventRequestsDuringMaintenance->handle(Object(Illuminate\\Http\\Request), Object(Closure))
#48 D:\\SMT 6\\PPL\\clone ppl\\BojongStore\\vendor\\laravel\\framework\\src\\Illuminate\\Http\\Middleware\\HandleCors.php(48): Illuminate\\Pipeline\\Pipeline->Illuminate\\Pipeline\\{closure}(Object(Illuminate\\Http\\Request))
#49 D:\\SMT 6\\PPL\\clone ppl\\BojongStore\\vendor\\laravel\\framework\\src\\Illuminate\\Pipeline\\Pipeline.php(208): Illuminate\\Http\\Middleware\\HandleCors->handle(Object(Illuminate\\Http\\Request), Object(Closure))
#50 D:\\SMT 6\\PPL\\clone ppl\\BojongStore\\vendor\\laravel\\framework\\src\\Illuminate\\Http\\Middleware\\TrustProxies.php(58): Illuminate\\Pipeline\\Pipeline->Illuminate\\Pipeline\\{closure}(Object(Illuminate\\Http\\Request))
#51 D:\\SMT 6\\PPL\\clone ppl\\BojongStore\\vendor\\laravel\\framework\\src\\Illuminate\\Pipeline\\Pipeline.php(208): Illuminate\\Http\\Middleware\\TrustProxies->handle(Object(Illuminate\\Http\\Request), Object(Closure))
#52 D:\\SMT 6\\PPL\\clone ppl\\BojongStore\\vendor\\laravel\\framework\\src\\Illuminate\\Foundation\\Http\\Middleware\\InvokeDeferredCallbacks.php(22): Illuminate\\Pipeline\\Pipeline->Illuminate\\Pipeline\\{closure}(Object(Illuminate\\Http\\Request))
#53 D:\\SMT 6\\PPL\\clone ppl\\BojongStore\\vendor\\laravel\\framework\\src\\Illuminate\\Pipeline\\Pipeline.php(208): Illuminate\\Foundation\\Http\\Middleware\\InvokeDeferredCallbacks->handle(Object(Illuminate\\Http\\Request), Object(Closure))
#54 D:\\SMT 6\\PPL\\clone ppl\\BojongStore\\vendor\\laravel\\framework\\src\\Illuminate\\Http\\Middleware\\ValidatePathEncoding.php(26): Illuminate\\Pipeline\\Pipeline->Illuminate\\Pipeline\\{closure}(Object(Illuminate\\Http\\Request))
#55 D:\\SMT 6\\PPL\\clone ppl\\BojongStore\\vendor\\laravel\\framework\\src\\Illuminate\\Pipeline\\Pipeline.php(208): Illuminate\\Http\\Middleware\\ValidatePathEncoding->handle(Object(Illuminate\\Http\\Request), Object(Closure))
#56 D:\\SMT 6\\PPL\\clone ppl\\BojongStore\\vendor\\laravel\\framework\\src\\Illuminate\\Pipeline\\Pipeline.php(126): Illuminate\\Pipeline\\Pipeline->Illuminate\\Pipeline\\{closure}(Object(Illuminate\\Http\\Request))
#57 D:\\SMT 6\\PPL\\clone ppl\\BojongStore\\vendor\\laravel\\framework\\src\\Illuminate\\Foundation\\Http\\Kernel.php(175): Illuminate\\Pipeline\\Pipeline->then(Object(Closure))
#58 D:\\SMT 6\\PPL\\clone ppl\\BojongStore\\vendor\\laravel\\framework\\src\\Illuminate\\Foundation\\Http\\Kernel.php(144): Illuminate\\Foundation\\Http\\Kernel->sendRequestThroughRouter(Object(Illuminate\\Http\\Request))
#59 D:\\SMT 6\\PPL\\clone ppl\\BojongStore\\vendor\\laravel\\framework\\src\\Illuminate\\Foundation\\Application.php(1219): Illuminate\\Foundation\\Http\\Kernel->handle(Object(Illuminate\\Http\\Request))
#60 D:\\SMT 6\\PPL\\clone ppl\\BojongStore\\public\\index.php(20): Illuminate\\Foundation\\Application->handleRequest(Object(Illuminate\\Http\\Request))
#61 D:\\SMT 6\\PPL\\clone ppl\\BojongStore\\vendor\\laravel\\framework\\src\\Illuminate\\Foundation\\resources\\server.php(23): require_once('D:\\\\SMT 6\\\\PPL\\\\cl...')
#62 {main}
"} 
[2026-06-03 16:03:35] local.ERROR: Database connection [my] not configured. {"exception":"[object] (InvalidArgumentException(code: 0): Database connection [my] not configured. at D:\\SMT 6\\PPL\\clone ppl\\BojongStore\\vendor\\laravel\\framework\\src\\Illuminate\\Database\\DatabaseManager.php:227)
[stacktrace]
#0 D:\\SMT 6\\PPL\\clone ppl\\BojongStore\\vendor\\laravel\\framework\\src\\Illuminate\\Database\\DatabaseManager.php(191): Illuminate\\Database\\DatabaseManager->configuration('my')
#1 D:\\SMT 6\\PPL\\clone ppl\\BojongStore\\vendor\\laravel\\framework\\src\\Illuminate\\Database\\DatabaseManager.php(102): Illuminate\\Database\\DatabaseManager->makeConnection('my')
#2 D:\\SMT 6\\PPL\\clone ppl\\BojongStore\\vendor\\laravel\\framework\\src\\Illuminate\\Cache\\CacheManager.php(245): Illuminate\\Database\\DatabaseManager->connection('my')
#3 D:\\SMT 6\\PPL\\clone ppl\\BojongStore\\vendor\\laravel\\framework\\src\\Illuminate\\Cache\\CacheManager.php(131): Illuminate\\Cache\\CacheManager->createDatabaseDriver(Array)
#4 D:\\SMT 6\\PPL\\clone ppl\\BojongStore\\vendor\\laravel\\framework\\src\\Illuminate\\Cache\\CacheManager.php(111): Illuminate\\Cache\\CacheManager->build(Array)
#5 D:\\SMT 6\\PPL\\clone ppl\\BojongStore\\vendor\\laravel\\framework\\src\\Illuminate\\Cache\\CacheManager.php(60): Illuminate\\Cache\\CacheManager->resolve('database')
#6 D:\\SMT 6\\PPL\\clone ppl\\BojongStore\\vendor\\laravel\\framework\\src\\Illuminate\\Cache\\CacheManager.php(71): Illuminate\\Cache\\CacheManager->store('database')
#7 D:\\SMT 6\\PPL\\clone ppl\\BojongStore\\vendor\\laravel\\framework\\src\\Illuminate\\Cache\\CacheServiceProvider.php(35): Illuminate\\Cache\\CacheManager->driver(NULL)
#8 D:\\SMT 6\\PPL\\clone ppl\\BojongStore\\vendor\\laravel\\framework\\src\\Illuminate\\Container\\Container.php(1010): Illuminate\\Cache\\CacheServiceProvider->Illuminate\\Cache\\{closure}(Object(Illuminate\\Foundation\\Application), Array)
#9 D:\\SMT 6\\PPL\\clone ppl\\BojongStore\\vendor\\laravel\\framework\\src\\Illuminate\\Container\\Container.php(890): Illuminate\\Container\\Container->build(Object(Closure))
#10 D:\\SMT 6\\PPL\\clone ppl\\BojongStore\\vendor\\laravel\\framework\\src\\Illuminate\\Foundation\\Application.php(1077): Illuminate\\Container\\Container->resolve('Illuminate\\\\Cach...', Array, true)
#11 D:\\SMT 6\\PPL\\clone ppl\\BojongStore\\vendor\\laravel\\framework\\src\\Illuminate\\Container\\Container.php(821): Illuminate\\Foundation\\Application->resolve('Illuminate\\\\Cach...', Array)
#12 D:\\SMT 6\\PPL\\clone ppl\\BojongStore\\vendor\\laravel\\framework\\src\\Illuminate\\Foundation\\Application.php(1057): Illuminate\\Container\\Container->make('Illuminate\\\\Cach...', Array)
#13 D:\\SMT 6\\PPL\\clone ppl\\BojongStore\\vendor\\laravel\\framework\\src\\Illuminate\\Container\\Container.php(1653): Illuminate\\Foundation\\Application->make('Illuminate\\\\Cach...')
#14 D:\\SMT 6\\PPL\\clone ppl\\BojongStore\\vendor\\laravel\\framework\\src\\Illuminate\\Support\\Facades\\Facade.php(239): Illuminate\\Container\\Container->offsetGet('Illuminate\\\\Cach...')
#15 D:\\SMT 6\\PPL\\clone ppl\\BojongStore\\vendor\\laravel\\framework\\src\\Illuminate\\Support\\Facades\\Facade.php(210): Illuminate\\Support\\Facades\\Facade::resolveFacadeInstance('Illuminate\\\\Cach...')
#16 D:\\SMT 6\\PPL\\clone ppl\\BojongStore\\vendor\\laravel\\framework\\src\\Illuminate\\Support\\Facades\\Facade.php(355): Illuminate\\Support\\Facades\\Facade::getFacadeRoot()
#17 D:\\SMT 6\\PPL\\clone ppl\\BojongStore\\app\\Providers\\FortifyServiceProvider.php(57): Illuminate\\Support\\Facades\\Facade::__callStatic('for', Array)
#18 D:\\SMT 6\\PPL\\clone ppl\\BojongStore\\app\\Providers\\FortifyServiceProvider.php(31): App\\Providers\\FortifyServiceProvider->configureRateLimiting()
#19 D:\\SMT 6\\PPL\\clone ppl\\BojongStore\\vendor\\laravel\\framework\\src\\Illuminate\\Container\\BoundMethod.php(36): App\\Providers\\FortifyServiceProvider->boot()
#20 D:\\SMT 6\\PPL\\clone ppl\\BojongStore\\vendor\\laravel\\framework\\src\\Illuminate\\Container\\Util.php(43): Illuminate\\Container\\BoundMethod::Illuminate\\Container\\{closure}()
#21 D:\\SMT 6\\PPL\\clone ppl\\BojongStore\\vendor\\laravel\\framework\\src\\Illuminate\\Container\\BoundMethod.php(96): Illuminate\\Container\\Util::unwrapIfClosure(Object(Closure))
#22 D:\\SMT 6\\PPL\\clone ppl\\BojongStore\\vendor\\laravel\\framework\\src\\Illuminate\\Container\\BoundMethod.php(35): Illuminate\\Container\\BoundMethod::callBoundMethod(Object(Illuminate\\Foundation\\Application), Array, Object(Closure))
#23 D:\\SMT 6\\PPL\\clone ppl\\BojongStore\\vendor\\laravel\\framework\\src\\Illuminate\\Container\\Container.php(754): Illuminate\\Container\\BoundMethod::call(Object(Illuminate\\Foundation\\Application), Array, Array, NULL)
#24 D:\\SMT 6\\PPL\\clone ppl\\BojongStore\\vendor\\laravel\\framework\\src\\Illuminate\\Foundation\\Application.php(1150): Illuminate\\Container\\Container->call(Array)
#25 D:\\SMT 6\\PPL\\clone ppl\\BojongStore\\vendor\\laravel\\framework\\src\\Illuminate\\Foundation\\Application.php(1131): Illuminate\\Foundation\\Application->bootProvider(Object(App\\Providers\\FortifyServiceProvider))
#26 [internal function]: Illuminate\\Foundation\\Application->Illuminate\\Foundation\\{closure}(Object(App\\Providers\\FortifyServiceProvider), 'App\\\\Providers\\\\F...')
#27 D:\\SMT 6\\PPL\\clone ppl\\BojongStore\\vendor\\laravel\\framework\\src\\Illuminate\\Foundation\\Application.php(1130): array_walk(Array, Object(Closure))
#28 D:\\SMT 6\\PPL\\clone ppl\\BojongStore\\vendor\\laravel\\framework\\src\\Illuminate\\Foundation\\Bootstrap\\BootProviders.php(17): Illuminate\\Foundation\\Application->boot()
#29 D:\\SMT 6\\PPL\\clone ppl\\BojongStore\\vendor\\laravel\\framework\\src\\Illuminate\\Foundation\\Application.php(341): Illuminate\\Foundation\\Bootstrap\\BootProviders->bootstrap(Object(Illuminate\\Foundation\\Application))
#30 D:\\SMT 6\\PPL\\clone ppl\\BojongStore\\vendor\\laravel\\framework\\src\\Illuminate\\Foundation\\Http\\Kernel.php(186): Illuminate\\Foundation\\Application->bootstrapWith(Array)
#31 D:\\SMT 6\\PPL\\clone ppl\\BojongStore\\vendor\\laravel\\framework\\src\\Illuminate\\Foundation\\Http\\Kernel.php(170): Illuminate\\Foundation\\Http\\Kernel->bootstrap()
#32 D:\\SMT 6\\PPL\\clone ppl\\BojongStore\\vendor\\laravel\\framework\\src\\Illuminate\\Foundation\\Http\\Kernel.php(144): Illuminate\\Foundation\\Http\\Kernel->sendRequestThroughRouter(Object(Illuminate\\Http\\Request))
#33 D:\\SMT 6\\PPL\\clone ppl\\BojongStore\\vendor\\laravel\\framework\\src\\Illuminate\\Foundation\\Application.php(1219): Illuminate\\Foundation\\Http\\Kernel->handle(Object(Illuminate\\Http\\Request))
#34 D:\\SMT 6\\PPL\\clone ppl\\BojongStore\\public\\index.php(20): Illuminate\\Foundation\\Application->handleRequest(Object(Illuminate\\Http\\Request))
#35 D:\\SMT 6\\PPL\\clone ppl\\BojongStore\\vendor\\laravel\\framework\\src\\Illuminate\\Foundation\\resources\\server.php(23): require_once('D:\\\\SMT 6\\\\PPL\\\\cl...')
#36 {main}
"} 
